Gene_set,Term,Overlap,P-value,Adjusted P-value,Old P-value,Old Adjusted P-value,Odds Ratio,Combined Score,Genes
Reactome_2022,Immune System R-HSA-168256,35/1943,5.3690955520339536e-12,1.938243494284257e-09,0,0,5.077568134171908,131.76472937238242,FCN1;CSF3R;CLEC12A;NCF2;CTSS;TNFSF13B;RNF213;CLEC7A;COTL1;TRIM25;CD36;JAK2;ATG7;RNF130;RAP1GAP2;IL15;STAT1;SLC11A1;MX2;MX1;CYBB;EIF2AK2;ISG15;IRAK3;ATP11A;TNFRSF1B;CPPED1;IL17RA;BST2;HCK;JAML;PECAM1;MNDA;XAF1;TLR2
Reactome_2022,Neutrophil Degranulation R-HSA-6798695,15/468,1.1330993777103097e-08,2.045244376767109e-06,0,0,7.575769380599922,138.60418608223156,FCN1;CLEC12A;SLC11A1;CYBB;ATP11A;TNFRSF1B;CTSS;CPPED1;BST2;COTL1;PECAM1;MNDA;CD36;ATG7;TLR2
Reactome_2022,Innate Immune System R-HSA-168249,21/1035,3.3034541791939324e-08,3.975156528963364e-06,0,0,4.951014905250543,85.28475737027195,FCN1;CLEC12A;NCF2;SLC11A1;CYBB;ISG15;IRAK3;ATP11A;TNFRSF1B;CTSS;CPPED1;BST2;HCK;CLEC7A;COTL1;PECAM1;TRIM25;MNDA;CD36;ATG7;TLR2
Reactome_2022,Cytokine Signaling In Immune System R-HSA-1280215,17/702,6.731809444210357e-08,6.075458023399846e-06,0,0,5.745404977574531,94.8786800001606,CSF3R;IL15;STAT1;MX2;MX1;EIF2AK2;ISG15;IRAK3;TNFRSF1B;TNFSF13B;IL17RA;BST2;HCK;TRIM25;CD36;XAF1;JAK2
Reactome_2022,Interferon Signaling R-HSA-913531,9/200,7.246130877532363e-07,5.231706493578366e-05,0,0,10.205454231632242,144.28091546324455,BST2;STAT1;MX2;MX1;TRIM25;EIF2AK2;ISG15;XAF1;JAK2
Reactome_2022,Interferon Alpha/Beta Signaling R-HSA-909733,6/72,1.6067318696867162e-06,9.667170082615076e-05,0,0,19.181818181818183,255.9105508202512,BST2;STAT1;MX2;MX1;ISG15;XAF1
Reactome_2022,ISG15 Antiviral Mechanism R-HSA-1169408,6/75,2.045889017738323e-06,0.00010550941934336209,0,0,18.34505087881591,240.3142618906808,STAT1;MX2;MX1;TRIM25;EIF2AK2;ISG15
Reactome_2022,Antiviral Mechanism By IFN-stimulated Genes R-HSA-1169410,6/83,3.713506616511966e-06,0.00016757198607010248,0,0,16.432439900525008,205.4635701462146,STAT1;MX2;MX1;TRIM25;EIF2AK2;ISG15
Reactome_2022,Cross-presentation Of Particulate Exogenous Antigens (Phagosomes) R-HSA-1236973,3/8,6.669353467633975e-06,0.00024783205137712865,0,0,123.0618556701031,1466.6496741086537,NCF2;CYBB;CD36
Reactome_2022,Inactivation Of CSF3 (G-CSF) Signaling R-HSA-9705462,4/25,6.865153777759796e-06,0.00024783205137712865,0,0,39.44246031746032,468.9334664055757,HCK;CSF3R;STAT1;JAK2
Reactome_2022,Signaling By CSF3 (G-CSF) R-HSA-9674555,4/30,1.4590163823584494e-05,0.0004788226491194548,0,0,31.84935897435897,354.6478025742392,HCK;CSF3R;STAT1;JAK2
Reactome_2022,Free Fatty Acids Regulate Insulin Secretion R-HSA-400451,3/11,1.943756475353003e-05,0.000584746739668695,0,0,76.9020618556701,834.256871154208,GNAQ;CD36;PLCB1
Reactome_2022,Antigen processing-Cross Presentation R-HSA-1236975,5/104,0.0001756383703175571,0.0048773424372798,0,0,10.526847421584264,91.02652749721412,NCF2;CYBB;CD36;CTSS;TLR2
Reactome_2022,SARS-CoV-2 Activates/Modulates Innate And Adaptive Immune Responses R-HSA-9705671,5/121,0.0003551099070901525,0.0091567626042532,0,0,8.976406533575318,71.3003441034697,STAT1;TRIM25;ISG15;IL17RA;TLR2
Reactome_2022,Signaling By Interleukins R-HSA-449147,9/453,0.0004462093339941173,0.0107387713047917,0,0,4.333828333828333,33.43428233980423,HCK;CSF3R;IL15;STAT1;IRAK3;CD36;JAK2;TNFRSF1B;IL17RA
Reactome_2022,Class I MHC Mediated Antigen Processing And Presentation R-HSA-983169,8/378,0.0006200615432758198,0.0139901385701606,0,0,4.589894242068155,33.89954436520796,RNF213;NCF2;CYBB;CD36;ATG7;RNF130;CTSS;TLR2
Reactome_2022,Fatty Acids Bound To GPR40 (FFAR1) Regulate Insulin Secretion R-HSA-434316,2/8,0.0006795551666861537,0.0144305538337471,0,0,67.66666666666667,493.5655481733249,GNAQ;PLCB1
Reactome_2022,ROS And RNS Production In Phagocytes R-HSA-1222556,3/36,0.0007681770335999374,0.0154062171738654,0,0,18.619493908153704,133.5295206771706,NCF2;SLC11A1;CYBB
Reactome_2022,Acetylcholine Regulates Insulin Secretion R-HSA-399997,2/10,0.0010850384206118,0.0206157299916253,0,0,50.74489795918368,346.39177176286466,GNAQ;PLCB1
Reactome_2022,RAC3 GTPase Cycle R-HSA-9013423,4/93,0.0012219357767157,0.0216901941242492,0,0,9.274812734082396,62.20912744545419,NCF2;CYBB;SRGAP2;ARHGAP26
Reactome_2022,Interleukin-27 Signaling R-HSA-9020956,2/11,0.0013218400851343,0.0216901941242492,0,0,45.10430839002267,298.984305122014,STAT1;JAK2
Reactome_2022,Interleukin-6 Signaling R-HSA-1059683,2/11,0.0013218400851343,0.0216901941242492,0,0,45.10430839002267,298.984305122014,STAT1;JAK2
Reactome_2022,Interleukin-2 Family Signaling R-HSA-451927,3/44,0.0013842585226956,0.0217268402910061,0,0,14.980387226552676,98.60975682160374,IL15;STAT1;JAK2
Reactome_2022,Interleukin-35 Signaling R-HSA-8984722,2/12,0.0015810451022911,0.0228302912770847,0,0,40.59183673469388,261.8039188938469,STAT1;JAK2
Reactome_2022,NOTCH2 Intracellular Domain Regulates Transcription R-HSA-2197563,2/12,0.0015810451022911,0.0228302912770847,0,0,40.59183673469388,261.8039188938469,NOTCH2;MAML3
Reactome_2022,RHO GTPase Cycle R-HSA-9012999,8/441,0.0016643228363709,0.0231084824588426,0,0,3.9094286574957327,25.013841805899094,CPNE8;DOCK5;FGD4;NCF2;EPSTI1;CYBB;SRGAP2;ARHGAP26
Reactome_2022,RAC1 GTPase Cycle R-HSA-9013149,5/178,0.0020099962021844,0.0264023963034634,0,0,6.001521143900213,37.26718040754737,DOCK5;NCF2;CYBB;SRGAP2;ARHGAP26
Reactome_2022,Interleukin-4 And Interleukin-13 Signaling R-HSA-6785807,4/107,0.0020478312922353,0.0264023963034634,0,0,8.008495145631068,49.58038484161047,STAT1;CD36;JAK2;TNFRSF1B
Reactome_2022,Regulation Of IFNG Signaling R-HSA-877312,2/14,0.0021657651600423,0.0269600421646646,0,0,33.82312925170068,207.5042741698455,STAT1;JAK2
Reactome_2022,Disease R-HSA-1643685,18/1736,0.0022560514334538,0.0271478189158949,0,0,2.32314943638377,14.157595924805053,NOTCH2;CTBP2;STAT1;EIF2AK2;ISG15;PARP14;QKI;IL17RA;HCK;VCAN;RNF213;TBXAS1;TRIM25;MAML3;CD36;JAK2;ATG7;TLR2
Reactome_2022,SARS-CoV Infections R-HSA-9679506,7/369,0.0025346943927157,0.0295169250248508,0,0,4.062436879938216,24.283956643493987,STAT1;TRIM25;ISG15;PARP14;JAK2;IL17RA;TLR2
Reactome_2022,SARS-CoV-2 Infection R-HSA-9694516,6/283,0.0029885783473027,0.0332000552757071,0,0,4.5217758660419385,26.284890815268096,STAT1;TRIM25;ISG15;PARP14;IL17RA;TLR2
Reactome_2022,SARS-CoV-2-host Interactions R-HSA-9705683,5/196,0.0030486001061939,0.0332000552757071,0,0,5.430972719757509,31.462020206239767,STAT1;TRIM25;ISG15;IL17RA;TLR2
Reactome_2022,MyD88 Deficiency (TLR2/4) R-HSA-5602498,2/17,0.0032052883489498,0.0332000552757071,0,0,27.05442176870748,155.3722787250682,CD36;TLR2
Reactome_2022,RHOQ GTPase Cycle R-HSA-9013406,3/59,0.0032188419242375,0.0332000552757071,0,0,10.959499263622977,62.89364704662167,CPNE8;SRGAP2;ARHGAP26
Reactome_2022,IRAK4 Deficiency (TLR2/4) R-HSA-5603041,2/18,0.003594237117374,0.0342901122133465,0,0,25.362244897959183,142.7494556250508,CD36;TLR2
Reactome_2022,Regulation Of TLR By Endogenous Ligand R-HSA-5686938,2/18,0.003594237117374,0.0342901122133465,0,0,25.362244897959183,142.7494556250508,CD36;TLR2
Reactome_2022,Adaptive Immune System R-HSA-1280218,10/733,0.0036582280690665,0.0342901122133465,0,0,2.947133855847549,16.53570903573602,RAP1GAP2;RNF213;JAML;NCF2;CYBB;CD36;ATG7;RNF130;CTSS;TLR2
Reactome_2022,Signaling By BRAF And RAF1 Fusions R-HSA-6802952,3/62,0.0037044719565665,0.0342901122133465,0,0,10.400663987419186,58.22514848728369,JAK2;ATG7;QKI
Reactome_2022,Signaling By KIT In Disease R-HSA-9669938,2/19,0.0040040456388033,0.0352551335514147,0,0,23.869147659063625,131.7684366549516,STAT1;JAK2
Reactome_2022,Nicotinamide Salvaging R-HSA-197264,2/19,0.0040040456388033,0.0352551335514147,0,0,23.869147659063625,131.7684366549516,NAMPT;PARP14
Reactome_2022,NOTCH4 Intracellular Domain Regulates Transcription R-HSA-9013695,2/20,0.004434499847536,0.0381155820228693,0,0,22.54195011337869,122.13995997533476,NOTCH2;MAML3
Reactome_2022,Diseases Of Signal Transduction By Growth Factor Receptors And Second Messengers R-HSA-5663202,7/424,0.0054122886705416,0.0454380513968726,0,0,3.516696320363065,18.35393079454624,RNF213;CTBP2;STAT1;MAML3;JAK2;ATG7;QKI
Reactome_2022,Growth Hormone Receptor Signaling R-HSA-982772,2/24,0.0063585473607634,0.0499007738529479,0,0,18.43970315398887,93.26719485343038,STAT1;JAK2
Reactome_2022,RHO GTPases Activate NADPH Oxidases R-HSA-5668599,2/24,0.0063585473607634,0.0499007738529479,0,0,18.43970315398887,93.26719485343038,NCF2;CYBB
Reactome_2022,Interleukin-6 Family Signaling R-HSA-6783589,2/24,0.0063585473607634,0.0499007738529479,0,0,18.43970315398887,93.26719485343038,STAT1;JAK2
Reactome_2022,CDC42 GTPase Cycle R-HSA-9013148,4/149,0.0066747485612657,0.0507541982657473,0,0,5.676724137931035,28.43711668542506,CPNE8;FGD4;SRGAP2;ARHGAP26
Reactome_2022,Regulation Of Insulin Secretion R-HSA-422356,3/77,0.0067890554235683,0.0507541982657473,0,0,8.286152131512956,41.36814601724816,GNAQ;CD36;PLCB1
Reactome_2022,NOTCH3 Intracellular Domain Regulates Transcription R-HSA-9013508,2/25,0.0068890740028299,0.0507541982657473,0,0,17.637089618456077,87.79423275712823,STAT1;MAML3
Reactome_2022,Oncogenic MAPK Signaling R-HSA-6802957,3/78,0.0070353356395665,0.0507951233176703,0,0,8.175257731958762,40.523198294001766,JAK2;ATG7;QKI
Reactome_2022,Infection With Mycobacterium Tuberculosis R-HSA-9635486,2/26,0.0074389947886241,0.0516437907441019,0,0,16.901360544217688,82.83389842043363,RNF213;TLR2
Reactome_2022,Interleukin-20 Family Signaling R-HSA-8854691,2/26,0.0074389947886241,0.0516437907441019,0,0,16.901360544217688,82.83389842043363,STAT1;JAK2
Reactome_2022,Hemostasis R-HSA-109582,8/576,0.0082717186802373,0.0563413291238808,0,0,2.959583588487446,14.190945735627835,SRGN;DOCK5;JAML;GNAQ;PECAM1;CD36;JAK2;SLC8A1
Reactome_2022,Notch-HLH Transcription Pathway R-HSA-350054,2/28,0.008596207471144,0.0574672388348701,0,0,15.599686028257455,74.19887958363982,NOTCH2;MAML3
Reactome_2022,Toll-like Receptor Cascades R-HSA-168898,4/162,0.0089100918494989,0.0584826028667109,0,0,5.206223628691983,24.576346870058785,IRAK3;CD36;CTSS;TLR2
Reactome_2022,TNFs Bind Their Physiological Receptors R-HSA-5669034,2/29,0.0092030974751143,0.0593271105092193,0,0,15.02116402116402,70.4224490277819,TNFRSF1B;TNFSF13B
Reactome_2022,RAC2 GTPase Cycle R-HSA-9013404,3/87,0.0094911203717816,0.0601104290212838,0,0,7.296023564064801,33.980490043633495,NCF2;CYBB;ARHGAP26
Reactome_2022,RAB GEFs Exchange GTP For GDP On RABs R-HSA-8876198,3/89,0.0100963507773187,0.0617759767900349,0,0,7.1256293454807,32.74640846917216,DENND1A;SBF2;RIN2
Reactome_2022,Interferon Gamma Signaling R-HSA-877300,3/89,0.0100963507773187,0.0617759767900349,0,0,7.1256293454807,32.74640846917216,STAT1;TRIM25;JAK2
Reactome_2022,Diseases Associated With TLR Signaling Cascade R-HSA-5602358,2/31,0.0104724512850622,0.0619763100640568,0,0,13.983814215341308,63.75230908786907,CD36;TLR2
Reactome_2022,Nicotinate Metabolism R-HSA-196807,2/31,0.0104724512850622,0.0619763100640568,0,0,13.983814215341308,63.75230908786907,NAMPT;PARP14
Reactome_2022,Termination Of Translesion DNA Synthesis R-HSA-5656169,2/32,0.0111345221222248,0.0638025791448124,0,0,13.517006802721088,60.79550767481704,TRIM25;ISG15
Reactome_2022,Signaling By NOTCH2 R-HSA-1980145,2/32,0.0111345221222248,0.0638025791448124,0,0,13.517006802721088,60.79550767481704,NOTCH2;MAML3
Reactome_2022,Detoxification Of Reactive Oxygen Species R-HSA-3299685,2/34,0.0125124802245355,0.0705782087665209,0,0,12.67091836734694,55.51165721021778,NCF2;CYBB
Reactome_2022,Negative Regulators Of DDX58/IFIH1 Signaling R-HSA-936440,2/35,0.0132279832722483,0.0734661840197177,0,0,12.286332714904145,53.14355844722063,TRIM25;ISG15
Reactome_2022,Signaling By Rho GTPases R-HSA-194315,8/644,0.0154204646507677,0.0843452687716235,0,0,2.633852884878316,10.988591682978482,CPNE8;DOCK5;FGD4;NCF2;EPSTI1;CYBB;SRGAP2;ARHGAP26
Reactome_2022,Integration Of Energy Metabolism R-HSA-163685,3/105,0.0157404409875109,0.084810435768529,0,0,6.003032140691328,24.92172011518436,GNAQ;CD36;PLCB1
Reactome_2022,Translesion Synthesis By Y Family DNA Polymerases Bypasses Lesions On DNA Template R-HSA-110313,2/39,0.0162624064321538,0.0863342459118754,0,0,10.955874241588528,45.126141525786544,TRIM25;ISG15
Reactome_2022,"Signaling By Rho GTPases, Miro GTPases And RHOBTB3 R-HSA-9716542",8/660,0.017610300099173,0.0921350483449487,0,0,2.5670845558815683,10.369151010297353,CPNE8;DOCK5;FGD4;NCF2;EPSTI1;CYBB;SRGAP2;ARHGAP26
Reactome_2022,MyD88:MAL(TIRAP) Cascade Initiated On Plasma Membrane R-HSA-166058,3/112,0.0186665018739365,0.0938301944365737,0,0,5.615530123900501,22.35556415568353,IRAK3;CD36;TLR2
Reactome_2022,NS1 Mediated Effects On Host Pathways R-HSA-168276,2/42,0.0187140554000922,0.0938301944365737,0,0,10.13265306122449,40.31256172341721,EIF2AK2;ISG15
Reactome_2022,Signaling By SCF-KIT R-HSA-1433557,2/42,0.0187140554000922,0.0938301944365737,0,0,10.13265306122449,40.31256172341721,STAT1;JAK2
Reactome_2022,Signaling By NOTCH R-HSA-157118,4/203,0.0189765687901938,0.0938430319624657,0,0,4.125,16.35376991501514,NOTCH2;STAT1;NUMB;MAML3
Reactome_2022,"Interleukin-3, Interleukin-5 And GM-CSF Signaling R-HSA-512988",2/44,0.0204294838615153,0.0996627523514463,0,0,9.649173955296405,37.54277574025534,HCK;JAK2
Reactome_2022,Infectious Disease R-HSA-5663205,10/961,0.0218977026191026,0.1054009419399472,0,0,2.2139268606145577,8.460241548778955,HCK;RNF213;STAT1;TRIM25;EIF2AK2;ISG15;PARP14;JAK2;IL17RA;TLR2
Reactome_2022,PLC Beta Mediated Events R-HSA-112043,2/47,0.0231205576171507,0.1094044298784852,0,0,9.004535147392291,33.92038210413699,GNAQ;PLCB1
Reactome_2022,Rab Regulation Of Trafficking R-HSA-9007101,3/122,0.0233355709159096,0.1094044298784852,0,0,5.141037858442346,19.318870909741264,DENND1A;SBF2;RIN2
Reactome_2022,DNA Damage Bypass R-HSA-73893,2/48,0.0240483300532171,0.1100221832243115,0,0,8.808340727595386,32.83476119194659,TRIM25;ISG15
Reactome_2022,Ficolins Bind To Repetitive Carbohydrate Structures On Target Cell Surface R-HSA-2855086,1/5,0.0247535287182936,0.1100221832243115,0,0,50.24242424242424,185.83603697375267,FCN1
Reactome_2022,Defective LFNG Causes SCDO3 R-HSA-5083630,1/5,0.0247535287182936,0.1100221832243115,0,0,50.24242424242424,185.83603697375267,NOTCH2
Reactome_2022,Platelet Degranulation R-HSA-114608,3/125,0.0248487630651257,0.1100221832243115,0,0,5.013858374176103,18.52594248094429,SRGN;PECAM1;CD36
Reactome_2022,Signaling By NOTCH3 R-HSA-9012852,2/49,0.0249911884332231,0.1100221832243115,0,0,8.620495006513243,31.803005852102093,STAT1;MAML3
Reactome_2022,Response To Elevated Platelet Cytosolic Ca2+ R-HSA-76005,3/130,0.0274860097045577,0.1174263793240839,0,0,4.81524474389155,17.306365881326172,SRGN;PECAM1;CD36
Reactome_2022,G-protein Mediated Events R-HSA-112040,2/52,0.0279085775805053,0.1174263793240839,0,0,8.10204081632653,28.995755414400413,GNAQ;PLCB1
Reactome_2022,RHOD GTPase Cycle R-HSA-9013405,2/52,0.0279085775805053,0.1174263793240839,0,0,8.10204081632653,28.995755414400413,CPNE8;ARHGAP26
Reactome_2022,FLT3 Signaling Thru SRC Family Kinases R-HSA-9706374,1/6,0.0296309633944118,0.1174263793240839,0,0,40.19191919191919,141.432767389918,HCK
Reactome_2022,Suppression Of Apoptosis R-HSA-9635465,1/6,0.0296309633944118,0.1174263793240839,0,0,40.19191919191919,141.432767389918,RNF213
Reactome_2022,PTK6 Promotes HIF1A Stabilization R-HSA-8857538,1/6,0.0296309633944118,0.1174263793240839,0,0,40.19191919191919,141.432767389918,LRRK2
Reactome_2022,Pre-NOTCH Processing In Endoplasmic Reticulum R-HSA-1912399,1/6,0.0296309633944118,0.1174263793240839,0,0,40.19191919191919,141.432767389918,NOTCH2
Reactome_2022,Scavenging By Class B Receptors R-HSA-3000471,1/6,0.0296309633944118,0.1174263793240839,0,0,40.19191919191919,141.432767389918,CD36
Reactome_2022,RHOJ GTPase Cycle R-HSA-9013409,2/54,0.029925836282038,0.1174263793240839,0,0,7.789638932496075,27.33410071093129,CPNE8;ARHGAP26
Reactome_2022,Interleukin-12 Family Signaling R-HSA-447115,2/54,0.029925836282038,0.1174263793240839,0,0,7.789638932496075,27.33410071093129,STAT1;JAK2
Reactome_2022,Toll Like Receptor 4 (TLR4) Cascade R-HSA-166016,3/140,0.0331909659721763,0.128338288261337,0,0,4.4615095191511775,15.19357050372498,IRAK3;CD36;TLR2
Reactome_2022,Inactivation Of CDC42 And RAC1 R-HSA-428543,1/7,0.0344842492004146,0.128338288261337,0,0,33.49158249158249,112.77461836050252,SRGAP2
Reactome_2022,Modulation By Mtb Of Host Immune System R-HSA-9637628,1/7,0.0344842492004146,0.128338288261337,0,0,33.49158249158249,112.77461836050252,TLR2
Reactome_2022,Erythropoietin Activates Phospholipase C Gamma (PLCG) R-HSA-9027277,1/7,0.0344842492004146,0.128338288261337,0,0,33.49158249158249,112.77461836050252,JAK2
Reactome_2022,Erythropoietin Activates STAT5 R-HSA-9027283,1/7,0.0344842492004146,0.128338288261337,0,0,33.49158249158249,112.77461836050252,JAK2
Reactome_2022,Pre-NOTCH Transcription And Translation R-HSA-1912408,2/62,0.0385451967593685,0.1351635714180229,0,0,6.748299319727892,21.97194825947037,NOTCH2;MAML3
Reactome_2022,"Platelet Activation, Signaling And Aggregation R-HSA-76002",4/254,0.0386888460574184,0.1351635714180229,0,0,3.275,10.650967890593463,SRGN;GNAQ;PECAM1;CD36
Reactome_2022,Lectin Pathway Of Complement Activation R-HSA-166662,1/8,0.0393135041520565,0.1351635714180229,0,0,28.705627705627705,92.8967850071638,FCN1
Reactome_2022,Linoleic Acid (LA) Metabolism R-HSA-2046105,1/8,0.0393135041520565,0.1351635714180229,0,0,28.705627705627705,92.8967850071638,ACSL1
Reactome_2022,"Defective CHST14 Causes EDS, Musculocontractural Type R-HSA-3595174",1/8,0.0393135041520565,0.1351635714180229,0,0,28.705627705627705,92.8967850071638,VCAN
Reactome_2022,Defective CHST3 Causes SEDCJD R-HSA-3595172,1/8,0.0393135041520565,0.1351635714180229,0,0,28.705627705627705,92.8967850071638,VCAN
Reactome_2022,Defective CHSY1 Causes TPBS R-HSA-3595177,1/8,0.0393135041520565,0.1351635714180229,0,0,28.705627705627705,92.8967850071638,VCAN
Reactome_2022,Nef And Signal Transduction R-HSA-164944,1/8,0.0393135041520565,0.1351635714180229,0,0,28.705627705627705,92.8967850071638,HCK
Reactome_2022,Interleukin-23 Signaling R-HSA-9020933,1/9,0.0441188457824273,0.1474713271060764,0,0,25.116161616161616,78.3842312444799,JAK2
Reactome_2022,Interleukin-9 Signaling R-HSA-8985947,1/9,0.0441188457824273,0.1474713271060764,0,0,25.116161616161616,78.3842312444799,STAT1
Reactome_2022,MAPK1 (ERK2) Activation R-HSA-112411,1/9,0.0441188457824273,0.1474713271060764,0,0,25.116161616161616,78.3842312444799,JAK2
Reactome_2022,Sodium/Calcium Exchangers R-HSA-425561,1/10,0.0489003911418304,0.1590364072270342,0,0,22.32435465768799,67.37423003045056,SLC8A1
Reactome_2022,Interleukin-21 Signaling R-HSA-9020958,1/10,0.0489003911418304,0.1590364072270342,0,0,22.32435465768799,67.37423003045056,STAT1
Reactome_2022,MAPK3 (ERK1) Activation R-HSA-110056,1/10,0.0489003911418304,0.1590364072270342,0,0,22.32435465768799,67.37423003045056,JAK2
Reactome_2022,Signaling By NOTCH1 R-HSA-1980143,2/74,0.0529880944930012,0.1655609460432636,0,0,5.620181405895692,16.510339602462818,NUMB;MAML3
Reactome_2022,Reduction Of Cytosolic Ca++ Levels R-HSA-418359,1/11,0.0536582567508638,0.1655609460432636,0,0,20.09090909090909,58.76831842188268,SLC8A1
Reactome_2022,Dermatan Sulfate Biosynthesis R-HSA-2022923,1/11,0.0536582567508638,0.1655609460432636,0,0,20.09090909090909,58.76831842188268,VCAN
Reactome_2022,Endosomal/Vacuolar Pathway R-HSA-1236977,1/11,0.0536582567508638,0.1655609460432636,0,0,20.09090909090909,58.76831842188268,CTSS
Reactome_2022,Signaling By Leptin R-HSA-2586552,1/11,0.0536582567508638,0.1655609460432636,0,0,20.09090909090909,58.76831842188268,JAK2
Reactome_2022,Signaling By PDGFRA Extracellular Domain Mutants R-HSA-9673770,1/11,0.0536582567508638,0.1655609460432636,0,0,20.09090909090909,58.76831842188268,STAT1
Reactome_2022,Pre-NOTCH Expression And Processing R-HSA-1912422,2/78,0.058168160710821,0.1713797857512892,0,0,5.323308270676692,15.141709290687697,NOTCH2;MAML3
Reactome_2022,PECAM1 Interactions R-HSA-210990,1/12,0.0583925585800791,0.1713797857512892,0,0,18.26354453627181,51.878818604154176,PECAM1
Reactome_2022,Pyrimidine Catabolism R-HSA-73621,1/12,0.0583925585800791,0.1713797857512892,0,0,18.26354453627181,51.878818604154176,DPYD
Reactome_2022,Maturation Of Nucleoprotein R-HSA-9683610,1/12,0.0583925585800791,0.1713797857512892,0,0,18.26354453627181,51.878818604154176,PARP14
Reactome_2022,Eicosanoids R-HSA-211979,1/12,0.0583925585800791,0.1713797857512892,0,0,18.26354453627181,51.878818604154176,TBXAS1
Reactome_2022,Erythropoietin Activates Phosphoinositide-3-kinase (PI3K) R-HSA-9027276,1/12,0.0583925585800791,0.1713797857512892,0,0,18.26354453627181,51.878818604154176,JAK2
Reactome_2022,DDX58/IFIH1-mediated Induction Of Interferon-Alpha/Beta R-HSA-168928,2/81,0.0621638842786596,0.1725782709497842,0,0,5.120382330147248,14.224325268693594,TRIM25;ISG15
Reactome_2022,Signaling By NOTCH4 R-HSA-9013694,2/81,0.0621638842786596,0.1725782709497842,0,0,5.120382330147248,14.224325268693594,NOTCH2;MAML3
Reactome_2022,Signal Transduction R-HSA-162582,18/2465,0.0626267695357885,0.1725782709497842,0,0,1.5656503234423436,4.337732017747,NOTCH2;CPNE8;DOCK5;CTBP2;NCF2;STAT1;LRRK2;CYBB;ARHGAP26;FGD4;GRK3;GNAQ;EPSTI1;NUMB;MAML3;SRGAP2;JAK2;PLCB1
Reactome_2022,Trafficking And Processing Of Endosomal TLR R-HSA-1679131,1/13,0.0631034120924418,0.1725782709497842,0,0,16.74074074074074,46.254339159717055,CTSS
Reactome_2022,Alpha-Linolenic (Omega3) And Linoleic (Omega6) Acid Metabolism R-HSA-2046104,1/13,0.0631034120924418,0.1725782709497842,0,0,16.74074074074074,46.254339159717055,ACSL1
Reactome_2022,NF-kB Activation Thru FADD/RIP-1 Pathway Mediated By Caspase-8 And -10 R-HSA-933543,1/13,0.0631034120924418,0.1725782709497842,0,0,16.74074074074074,46.254339159717055,TRIM25
Reactome_2022,Signal Regulatory Protein Family Interactions R-HSA-391160,1/13,0.0631034120924418,0.1725782709497842,0,0,16.74074074074074,46.254339159717055,SKAP2
Reactome_2022,Erythropoietin Activates RAS R-HSA-9027284,1/13,0.0631034120924418,0.1725782709497842,0,0,16.74074074074074,46.254339159717055,JAK2
Reactome_2022,FCGR Activation R-HSA-2029481,1/13,0.0631034120924418,0.1725782709497842,0,0,16.74074074074074,46.254339159717055,HCK
Reactome_2022,Platelet Homeostasis R-HSA-418346,2/83,0.0648783802345316,0.1760613418187337,0,0,4.99344923154447,13.658286245847664,PECAM1;SLC8A1
Reactome_2022,Tryptophan Catabolism R-HSA-71240,1/14,0.0677909321684321,0.1760613418187337,0,0,15.452214452214452,41.58695944336839,KYNU
Reactome_2022,CS/DS Degradation R-HSA-2024101,1/14,0.0677909321684321,0.1760613418187337,0,0,15.452214452214452,41.58695944336839,VCAN
Reactome_2022,Interleukin-15 Signaling R-HSA-8983432,1/14,0.0677909321684321,0.1760613418187337,0,0,15.452214452214452,41.58695944336839,IL15
Reactome_2022,RUNX3 Regulates NOTCH Signaling R-HSA-8941856,1/14,0.0677909321684321,0.1760613418187337,0,0,15.452214452214452,41.58695944336839,MAML3
Reactome_2022,Creation Of C4 And C2 Activators R-HSA-166786,1/14,0.0677909321684321,0.1760613418187337,0,0,15.452214452214452,41.58695944336839,FCN1
Reactome_2022,Repression Of WNT Target Genes R-HSA-4641265,1/14,0.0677909321684321,0.1760613418187337,0,0,15.452214452214452,41.58695944336839,CTBP2
Reactome_2022,Opioid Signaling R-HSA-111885,2/88,0.071834354272908,0.1823762548913826,0,0,4.701945894636925,12.382068798517093,GNAQ;PLCB1
Reactome_2022,Synthesis Of Prostaglandins (PG) And Thromboxanes (TX) R-HSA-2162123,1/15,0.0724552331756038,0.1823762548913826,0,0,14.347763347763347,37.6598138369901,TBXAS1
Reactome_2022,TRAF3-dependent IRF Activation Pathway R-HSA-918233,1/15,0.0724552331756038,0.1823762548913826,0,0,14.347763347763347,37.6598138369901,TRIM25
Reactome_2022,Prolactin Receptor Signaling R-HSA-1170546,1/15,0.0724552331756038,0.1823762548913826,0,0,14.347763347763347,37.6598138369901,JAK2
Reactome_2022,Antimicrobial Peptides R-HSA-6803157,2/89,0.0732536203857354,0.1823762548913826,0,0,4.647665962936899,12.148197603177868,SLC11A1;TLR2
Reactome_2022,ER-Phagosome Pathway R-HSA-1236974,2/89,0.0732536203857354,0.1823762548913826,0,0,4.647665962936899,12.148197603177868,CD36;TLR2
Reactome_2022,Rap1 Signaling R-HSA-392517,1/16,0.0770964289305897,0.1893320465574345,0,0,13.390572390572393,34.31599732708391,RAP1GAP2
Reactome_2022,Regulation Of Gene Expression In Late Stage (Branching Morphogenesis) Pancreatic Bud Precursor Cells R-HSA-210744,1/16,0.0770964289305897,0.1893320465574345,0,0,13.390572390572393,34.31599732708391,MAML3
Reactome_2022,VEGFA-VEGFR2 Pathway R-HSA-4420097,2/93,0.0790200821692442,0.1927449301560621,0,0,4.442475891455484,11.27524039277228,NCF2;CYBB
Reactome_2022,TNF Receptor Superfamily (TNFSF) Members Mediating Non-Canonical NF-kB Pathway R-HSA-5676594,1/17,0.0817146326715556,0.1940722525949447,0,0,12.553030303030305,31.43934295429433,TNFSF13B
Reactome_2022,Platelet Sensitization By LDL R-HSA-432142,1/17,0.0817146326715556,0.1940722525949447,0,0,12.553030303030305,31.43934295429433,PECAM1
Reactome_2022,IL-6-type Cytokine Receptor Ligand Interactions R-HSA-6788467,1/17,0.0817146326715556,0.1940722525949447,0,0,12.553030303030305,31.43934295429433,JAK2
Reactome_2022,Signaling By Cytosolic FGFR1 Fusion Mutants R-HSA-1839117,1/17,0.0817146326715556,0.1940722525949447,0,0,12.553030303030305,31.43934295429433,STAT1
Reactome_2022,Pre-NOTCH Processing In Golgi R-HSA-1912420,1/18,0.0863099571505927,0.2023239904634025,0,0,11.81402257872846,28.942114306609312,NOTCH2
Reactome_2022,Regulation Of Signaling By CBL R-HSA-912631,1/18,0.0863099571505927,0.2023239904634025,0,0,11.81402257872846,28.942114306609312,HCK
Reactome_2022,TNFR2 Non-Canonical NF-kB Pathway R-HSA-5668541,2/100,0.0894369333512961,0.2083015028375349,0,0,4.123698458975427,9.95552171579456,TNFRSF1B;TNFSF13B
Reactome_2022,Signaling By PDGFR In Disease R-HSA-9671555,1/19,0.0908825145361798,0.2103114599202623,0,0,11.15712682379349,26.75688382123247,STAT1
Reactome_2022,Signaling By VEGF R-HSA-194138,2/102,0.0924846891098034,0.212655877507255,0,0,4.040816326530612,9.62002061056518,NCF2;CYBB
Reactome_2022,G Beta:Gamma Signaling Thru PLC Beta R-HSA-418217,1/20,0.0954324164624814,0.2126611255738013,0,0,10.569377990430622,24.83103038927071,PLCB1
Reactome_2022,Chondroitin Sulfate Biosynthesis R-HSA-2022870,1/20,0.0954324164624814,0.2126611255738013,0,0,10.569377990430622,24.83103038927071,VCAN
Reactome_2022,Defective B3GALT6 Causes EDSP2 And SEMDJL1 R-HSA-4420332,1/20,0.0954324164624814,0.2126611255738013,0,0,10.569377990430622,24.83103038927071,VCAN
Reactome_2022,Defective B3GAT3 Causes JDSSDHD R-HSA-3560801,1/20,0.0954324164624814,0.2126611255738013,0,0,10.569377990430622,24.83103038927071,VCAN
Reactome_2022,"Defective B4GALT7 Causes EDS, Progeroid Type R-HSA-3560783",1/20,0.0954324164624814,0.2126611255738013,0,0,10.569377990430622,24.83103038927071,VCAN
Reactome_2022,Presynaptic Function Of Kainate Receptors R-HSA-500657,1/21,0.0999597740324998,0.2186998692468632,0,0,10.04040404040404,23.1229243332888,PLCB1
Reactome_2022,Initial Triggering Of Complement R-HSA-166663,1/21,0.0999597740324998,0.2186998692468632,0,0,10.04040404040404,23.1229243332888,FCN1
Reactome_2022,NOTCH2 Activation And Transmission Of Signal To Nucleus R-HSA-2979096,1/21,0.0999597740324998,0.2186998692468632,0,0,10.04040404040404,23.1229243332888,NOTCH2
Reactome_2022,Response Of Mtb To Phagocytosis R-HSA-9637690,1/22,0.104464697819105,0.2271792524861261,0,0,9.561808561808562,21.59922753970687,RNF213
Reactome_2022,RAF-independent MAPK1/3 Activation R-HSA-112409,1/23,0.1089472978360328,0.2355088294539392,0,0,9.1267217630854,20.232947516534363,JAK2
Reactome_2022,Other Interleukin Signaling R-HSA-449836,1/24,0.113407683581024,0.2380242661206376,0,0,8.729468599033817,19.002011610155247,CSF3R
Reactome_2022,Synthesis Of Very Long-Chain Fatty acyl-CoAs R-HSA-75876,1/24,0.113407683581024,0.2380242661206376,0,0,8.729468599033817,19.002011610155247,ACSL1
Reactome_2022,G-protein Activation R-HSA-202040,1/24,0.113407683581024,0.2380242661206376,0,0,8.729468599033817,19.002011610155247,GNAQ
Reactome_2022,Thromboxane Signaling Thru TP Receptor R-HSA-428930,1/24,0.113407683581024,0.2380242661206376,0,0,8.729468599033817,19.002011610155247,GNAQ
Reactome_2022,Signaling By Erythropoietin R-HSA-9006335,1/24,0.113407683581024,0.2380242661206376,0,0,8.729468599033817,19.002011610155247,JAK2
Reactome_2022,PPARA Activates Gene Expression R-HSA-1989781,2/116,0.1146132582954132,0.2391640823389838,0,0,3.5420694593626925,7.672801780572879,ACSL1;CD36
Reactome_2022,ADP Signaling Thru P2Y Purinoceptor 1 R-HSA-418592,1/25,0.1178459640404217,0.2404174151006658,0,0,8.365319865319865,17.88820673407011,GNAQ
Reactome_2022,TRAF6 Mediated NF-kB Activation R-HSA-933542,1/25,0.1178459640404217,0.2404174151006658,0,0,8.365319865319865,17.88820673407011,TRIM25
Reactome_2022,Regulation Of IFNA/IFNB Signaling R-HSA-912694,1/25,0.1178459640404217,0.2404174151006658,0,0,8.365319865319865,17.88820673407011,STAT1
Reactome_2022,Regulation Of Lipid Metabolism By PPARalpha R-HSA-400206,2/118,0.1178777907834289,0.2404174151006658,0,0,3.480647431386348,7.441996159064892,ACSL1;CD36
Reactome_2022,GAG Synthesis Requires Tetrasaccharide Linker Sequence R-HSA-1971475,1/26,0.1222622476286691,0.2438490132262407,0,0,8.030303030303031,16.876380218002918,VCAN
Reactome_2022,Synthesis Of IP3 And IP4 In Cytosol R-HSA-1855204,1/26,0.1222622476286691,0.2438490132262407,0,0,8.030303030303031,16.876380218002918,PLCB1
Reactome_2022,Platelet Calcium Homeostasis R-HSA-418360,1/26,0.1222622476286691,0.2438490132262407,0,0,8.030303030303031,16.876380218002918,SLC8A1
Reactome_2022,Metal Ion SLC Transporters R-HSA-425410,1/26,0.1222622476286691,0.2438490132262407,0,0,8.030303030303031,16.876380218002918,SLC11A1
Reactome_2022,Metabolism Of Water-Soluble Vitamins And Cofactors R-HSA-196849,2/122,0.1244762469056777,0.2458979318619737,0,0,3.3639455782312924,7.0092528065471456,NAMPT;PARP14
Reactome_2022,Role Of Nef In HIV-1 Replication And Disease Pathogenesis R-HSA-164952,1/27,0.1266566423028266,0.2458979318619737,0,0,7.721056721056721,15.953830010816358,HCK
Reactome_2022,"BMAL1:CLOCK,NPAS2 Activates Circadian Gene Expression R-HSA-1368108",1/27,0.1266566423028266,0.2458979318619737,0,0,7.721056721056721,15.953830010816358,NAMPT
Reactome_2022,Interleukin Receptor SHC Signaling R-HSA-912526,1/27,0.1266566423028266,0.2458979318619737,0,0,7.721056721056721,15.953830010816358,JAK2
Reactome_2022,Diseases Of Metabolism R-HSA-5668914,3/247,0.1266953333139255,0.2458979318619737,0,0,2.491465269562278,5.147292564992776,NOTCH2;VCAN;TBXAS1
Reactome_2022,TRAF6 Mediated IRF7 Activation R-HSA-933541,1/28,0.1310292553948657,0.2502728105690292,0,0,7.434717545828657,15.109834134055738,TRIM25
Reactome_2022,Recycling Pathway Of L1 R-HSA-437239,1/28,0.1310292553948657,0.2502728105690292,0,0,7.434717545828657,15.109834134055738,NUMB
Reactome_2022,Downstream Signal Transduction R-HSA-186763,1/28,0.1310292553948657,0.2502728105690292,0,0,7.434717545828657,15.109834134055738,STAT1
Reactome_2022,Activation Of Kainate Receptors Upon Glutamate Binding R-HSA-451326,1/29,0.13538019382269,0.257222368263111,0,0,7.1688311688311686,14.335283778329618,PLCB1
Reactome_2022,Translation Of Structural Proteins R-HSA-9683701,1/30,0.1397095639188418,0.2626830863265724,0,0,6.921281783350749,13.622394510819325,PARP14
Reactome_2022,FGFR1 Mutant Receptor Activation R-HSA-1839124,1/30,0.1397095639188418,0.2626830863265724,0,0,6.921281783350749,13.622394510819325,STAT1
Reactome_2022,Activated NOTCH1 Transmits Signal To Nucleus R-HSA-2122948,1/31,0.1440174715013112,0.2679912742885224,0,0,6.69023569023569,12.964476920040203,NUMB
Reactome_2022,Downregulation Of SMAD2/3:SMAD4 Transcriptional Activity R-HSA-2173795,1/31,0.1440174715013112,0.2679912742885224,0,0,6.69023569023569,12.964476920040203,STAT1
Reactome_2022,Cell Surface Interactions At Vascular Wall R-HSA-202733,2/134,0.1447722616002044,0.2680142894239681,0,0,3.0562770562770565,5.906540809205433,JAML;PECAM1
Reactome_2022,Factors Involved In Megakaryocyte Development And Platelet Production R-HSA-983231,2/136,0.1482203237770773,0.2690339292370152,0,0,3.010356381358513,5.746937220227204,DOCK5;JAK2
Reactome_2022,G-protein Beta:Gamma Signaling R-HSA-397795,1/32,0.1483040219339779,0.2690339292370152,0,0,6.474095796676441,12.355752978101908,PLCB1
Reactome_2022,Thrombin Signaling Thru Proteinase Activated Receptors (PARs) R-HSA-456926,1/32,0.1483040219339779,0.2690339292370152,0,0,6.474095796676441,12.355752978101908,GNAQ
Reactome_2022,RAF Activation R-HSA-5673000,1/32,0.1483040219339779,0.2690339292370152,0,0,6.474095796676441,12.355752978101908,JAK2
Reactome_2022,RHO GTPase Effectors R-HSA-195258,3/269,0.1519225071318246,0.272661012470215,0,0,2.2828462909851948,4.3017606451913055,NCF2;CYBB;SRGAP2
Reactome_2022,Signal Amplification R-HSA-392518,1/33,0.152569319997184,0.272661012470215,0,0,6.271464646464646,11.79120788980768,GNAQ
Reactome_2022,Signaling By WNT In Cancer R-HSA-4791275,1/33,0.152569319997184,0.272661012470215,0,0,6.271464646464646,11.79120788980768,CTBP2
Reactome_2022,Metabolic Disorders Of Biological Oxidation Enzymes R-HSA-5579029,1/34,0.1568134700259566,0.2788653333959129,0,0,6.081114172023263,11.266469699963473,TBXAS1
Reactome_2022,Diseases Of Glycosylation R-HSA-3781865,2/143,0.1604167144707384,0.2822048730800212,0,0,2.859892893327544,5.233547895270227,NOTCH2;VCAN
Reactome_2022,Nucleotide Catabolism R-HSA-8956319,1/35,0.1610365757741949,0.2822048730800212,0,0,5.901960784313726,10.777710825180796,DPYD
Reactome_2022,Beta Defensins R-HSA-1461957,1/35,0.1610365757741949,0.2822048730800212,0,0,5.901960784313726,10.777710825180796,TLR2
Reactome_2022,Signaling By FGFR1 In Disease R-HSA-5655302,1/36,0.165238740567014,0.2881699775105897,0,0,5.733044733044733,10.321566994169176,STAT1
Reactome_2022,FLT3 Signaling R-HSA-9607240,1/37,0.1694200671801256,0.2912411631048826,0,0,5.57351290684624,9.895070145641316,HCK
Reactome_2022,Fatty acyl-CoA Biosynthesis R-HSA-75105,1/37,0.1694200671801256,0.2912411631048826,0,0,5.57351290684624,9.895070145641316,ACSL1
Reactome_2022,Cooperation Of PDCL (PhLP1) And TRiC/CCT In G-protein Beta Folding R-HSA-6814122,1/37,0.1694200671801256,0.2912411631048826,0,0,5.57351290684624,9.895070145641316,GNAQ
Reactome_2022,Signaling By RAF1 Mutants R-HSA-9656223,1/38,0.1735806579316256,0.2955783844967776,0,0,5.422604422604422,9.495592558231127,JAK2
Reactome_2022,FCGR3A-mediated IL10 Synthesis R-HSA-9664323,1/38,0.1735806579316256,0.2955783844967776,0,0,5.422604422604422,9.495592558231127,HCK
Reactome_2022,Ovarian Tumor Domain Proteases R-HSA-5689896,1/39,0.1777206145684703,0.2997997283141018,0,0,5.279638490164806,9.12080010262218,TRIM25
Reactome_2022,RHOU GTPase Cycle R-HSA-9013420,1/39,0.1777206145684703,0.2997997283141018,0,0,5.279638490164806,9.12080010262218,SRGAP2
Reactome_2022,Extracellular Matrix Organization R-HSA-1474244,3/291,0.178599493658398,0.2998810102822404,0,0,2.1060996563573884,3.6279871614227193,VCAN;PECAM1;CTSS
Reactome_2022,Diseases Associated With Glycosaminoglycan Metabolism R-HSA-3560782,1/40,0.1818400384456406,0.3039085827725754,0,0,5.144004144004144,8.768612919919887,VCAN
Reactome_2022,Influenza Infection R-HSA-168255,2/157,0.1853177460113514,0.3051090452341562,0,0,2.599736668861093,4.382332898174394,EIF2AK2;ISG15
Reactome_2022,Paradoxical Activation Of RAF Signaling By Kinase Inactive BRAF R-HSA-6802955,1/41,0.1859390303366049,0.3051090452341562,0,0,5.015151515151516,8.43717221072756,JAK2
Reactome_2022,Binding And Uptake Of Ligands By Scavenger Receptors R-HSA-2173782,1/41,0.1859390303366049,0.3051090452341562,0,0,5.015151515151516,8.43717221072756,CD36
Reactome_2022,Regulation Of Beta-Cell Development R-HSA-186712,1/41,0.1859390303366049,0.3051090452341562,0,0,5.015151515151516,8.43717221072756,MAML3
Reactome_2022,RHOF GTPase Cycle R-HSA-9035034,1/42,0.1900176905858975,0.3089927310878783,0,0,4.892584380389258,8.124812043283224,SRGAP2
Reactome_2022,RND1 GTPase Cycle R-HSA-9696273,1/42,0.1900176905858975,0.3089927310878783,0,0,4.892584380389258,8.124812043283224,EPSTI1
Reactome_2022,Defensins R-HSA-1461973,1/43,0.1940761190078197,0.3141770357032418,0,0,4.775853775853776,7.830035336967146,TLR2
Reactome_2022,Sphingolipid De Novo Biosynthesis R-HSA-1660661,1/44,0.1981144149654997,0.317483955094507,0,0,4.664552501761804,7.551493311263548,SPTLC2
Reactome_2022,Interleukin-12 Signaling R-HSA-9020591,1/44,0.1981144149654997,0.317483955094507,0,0,4.664552501761804,7.551493311263548,JAK2
Reactome_2022,Antigen Processing: Ubiquitination And Proteasome Degradation R-HSA-983168,3/307,0.1987572682863118,0.317483955094507,0,0,1.9936245252306024,3.2210412428282726,RNF213;ATG7;RNF130
Reactome_2022,Interleukin-10 Signaling R-HSA-6783783,1/45,0.2021326772791743,0.3214532885364843,0,0,4.558310376492194,7.287967841732019,TNFRSF1B
Reactome_2022,Cyclin D Associated Events In G1 R-HSA-69231,1/47,0.2101094941683413,0.3326733657665404,0,0,4.359683794466403,6.801658146757973,JAK2
Reactome_2022,Vesicle-mediated Transport R-HSA-5653656,5/637,0.213963398511886,0.3335965495795173,0,0,1.6045969353764158,2.474208747672569,GRK3;DENND1A;CD36;SBF2;RIN2
Reactome_2022,Inositol Phosphate Metabolism R-HSA-1483249,1/48,0.2140682440880332,0.3335965495795173,0,0,4.266709649688373,6.576964036635908,PLCB1
Reactome_2022,NOTCH1 Intracellular Domain Regulates Transcription R-HSA-2122947,1/48,0.2140682440880332,0.3335965495795173,0,0,4.266709649688373,6.576964036635908,MAML3
Reactome_2022,Fatty Acid Metabolism R-HSA-8978868,2/173,0.2143889182893297,0.3335965495795173,0,0,2.3545769184866927,3.625962602367801,ACSL1;TBXAS1
Reactome_2022,RMTs Methylate Histone Arginines R-HSA-3214858,1/49,0.21800735103248,0.3377710460202802,0,0,4.177609427609427,6.363445371866637,JAK2
Reactome_2022,Chondroitin Sulfate/Dermatan Sulfate Metabolism R-HSA-1793185,1/50,0.2219269115603851,0.3409175109502086,0,0,4.092145949288806,6.1603458876211565,VCAN
Reactome_2022,Ion Homeostasis R-HSA-5578775,1/50,0.2219269115603851,0.3409175109502086,0,0,4.092145949288806,6.1603458876211565,SLC8A1
Reactome_2022,Synthesis Of PIPs At Plasma Membrane R-HSA-1660499,1/51,0.2258270216564654,0.3439812439577385,0,0,4.01010101010101,5.966974015935645,SBF2
Reactome_2022,Transcriptional Activity Of SMAD2/SMAD3:SMAD4 Heterotrimer R-HSA-2173793,1/51,0.2258270216564654,0.3439812439577385,0,0,4.01010101010101,5.966974015935645,STAT1
Reactome_2022,SARS-CoV-1 Infection R-HSA-9678108,1/52,0.2297077768169888,0.3455187809622207,0,0,3.9312735195088138,5.782696221966044,PARP14
Reactome_2022,Signaling By Non-Receptor Tyrosine Kinases R-HSA-9006927,1/52,0.2297077768169888,0.3455187809622207,0,0,3.9312735195088138,5.782696221966044,LRRK2
Reactome_2022,Signaling By PDGF R-HSA-186797,1/52,0.2297077768169888,0.3455187809622207,0,0,3.9312735195088138,5.782696221966044,STAT1
Reactome_2022,Cellular Response To Chemical Stress R-HSA-9711123,2/182,0.2309319721381435,0.345918846231825,0,0,2.235827664399093,3.276900805609977,NCF2;CYBB
Reactome_2022,Heparan Sulfate/Heparin (HS-GAG) Metabolism R-HSA-1638091,1/53,0.233569272224541,0.3469897418644417,0,0,3.8554778554778553,5.606931137649977,VCAN
Reactome_2022,Ion Transport By P-type ATPases R-HSA-936837,1/53,0.233569272224541,0.3469897418644417,0,0,3.8554778554778553,5.606931137649977,ATP11A
Reactome_2022,Signaling By Receptor Tyrosine Kinases R-HSA-9006934,4/496,0.236450460907206,0.3498303950307433,0,0,1.6436314363143631,2.3701437507116845,NCF2;STAT1;CYBB;JAK2
Reactome_2022,Metabolism Of Vitamins And Cofactors R-HSA-196854,2/186,0.2383134061741662,0.3511475086892816,0,0,2.186779059449867,3.136209947287738,NAMPT;PARP14
Reactome_2022,Complement Cascade R-HSA-166658,1/55,0.2412348616553018,0.3511523591030804,0,0,3.7123082678638233,5.278844037828421,FCN1
Reactome_2022,Signaling By ALK Fusions And Activated Point Mutants R-HSA-9725370,1/55,0.2412348616553018,0.3511523591030804,0,0,3.7123082678638233,5.278844037828421,RNF213
Reactome_2022,ECM Proteoglycans R-HSA-3000178,1/55,0.2412348616553018,0.3511523591030804,0,0,3.7123082678638233,5.278844037828421,VCAN
Reactome_2022,Assembly Of Collagen Fibrils And Other Multimeric Structures R-HSA-2022090,1/57,0.2488245414130006,0.3593026378003728,0,0,3.5793650793650795,4.978922896997587,CTSS
Reactome_2022,NRAGE Signals Death Thru JNK R-HSA-193648,1/57,0.2488245414130006,0.3593026378003728,0,0,3.5793650793650795,4.978922896997587,FGD4
Reactome_2022,Late SARS-CoV-2 Infection Events R-HSA-9772573,1/58,0.2525911479606718,0.3618468429119147,0,0,3.5163919900762006,4.8384959983786695,PARP14
Reactome_2022,Constitutive Signaling By NOTCH1 HD+PEST Domain Mutants R-HSA-2894862,1/58,0.2525911479606718,0.3618468429119147,0,0,3.5163919900762006,4.8384959983786695,MAML3
Reactome_2022,Arachidonic Acid Metabolism R-HSA-2142753,1/59,0.256339055642632,0.3628956826940791,0,0,3.4555903866248694,4.703937185372145,TBXAS1
Reactome_2022,Transcriptional Regulation Of Granulopoiesis R-HSA-9616222,1/59,0.256339055642632,0.3628956826940791,0,0,3.4555903866248694,4.703937185372145,CSF3R
Reactome_2022,Degradation Of GLI1 By Proteasome R-HSA-5610780,1/59,0.256339055642632,0.3628956826940791,0,0,3.4555903866248694,4.703937185372145,NUMB
Reactome_2022,FCGR3A-mediated Phagocytosis R-HSA-9664422,1/60,0.2600683562676618,0.36673701801807,0,0,3.396849854476973,4.574913980988086,HCK
Reactome_2022,Ca2+ Pathway R-HSA-4086398,1/61,0.2637791413086752,0.3690863178776425,0,0,3.34006734006734,4.451117734093463,PLCB1
Reactome_2022,Signaling By FGFR In Disease R-HSA-1226099,1/61,0.2637791413086752,0.3690863178776425,0,0,3.34006734006734,4.451117734093463,STAT1
Reactome_2022,Cytochrome P450 - Arranged By Substrate Type R-HSA-211897,1/65,0.2784389392137884,0.3880944287883305,0,0,3.1306818181818183,4.00275356439037,TBXAS1
Reactome_2022,Integrin Cell Surface Interactions R-HSA-216083,1/66,0.2820585025763683,0.3916273824233421,0,0,3.0823620823620823,3.9011631304837175,PECAM1
Reactome_2022,Sensory Processing Of Sound By Inner Hair Cells Of Cochlea R-HSA-9662360,1/67,0.2856600898087258,0.3947022955786136,0,0,3.0355065809611266,3.8033460819667058,CTBP2
Reactome_2022,G Alpha (Q) Signaling Events R-HSA-416476,2/212,0.2864598377883567,0.3947022955786136,0,0,1.913508260447036,2.392185621773637,GNAQ;PLCB1
Reactome_2022,RHOB GTPase Cycle R-HSA-9013026,1/69,0.2928096888806698,0.3973845777666233,0,0,2.9459298871063577,3.6182865561027495,ARHGAP26
Reactome_2022,Interleukin-17 Signaling R-HSA-448424,1/69,0.2928096888806698,0.3973845777666233,0,0,2.9459298871063577,3.6182865561027495,IL17RA
Reactome_2022,Circadian Clock R-HSA-400253,1/69,0.2928096888806698,0.3973845777666233,0,0,2.9459298871063577,3.6182865561027495,NAMPT
Reactome_2022,Diseases Associated With O-glycosylation Of Proteins R-HSA-3906995,1/69,0.2928096888806698,0.3973845777666233,0,0,2.9459298871063577,3.6182865561027495,NOTCH2
Reactome_2022,Regulation Of RUNX2 Expression And Activity R-HSA-8939902,1/72,0.3034014618596549,0.4089934873678857,0,0,2.821027173139849,3.3646345783285243,STAT1
Reactome_2022,Metabolism Of Lipids R-HSA-556833,5/732,0.3036295141678486,0.4089934873678857,0,0,1.3880402519365815,1.6544704477573535,SPTLC2;ACSL1;TBXAS1;CD36;SBF2
Reactome_2022,RHOC GTPase Cycle R-HSA-9013106,1/73,0.3068970331118836,0.4118581001984758,0,0,2.781705948372615,3.2858706369655613,ARHGAP26
Reactome_2022,RHOG GTPase Cycle R-HSA-9013408,1/74,0.3103752378928968,0.4134518851636005,0,0,2.74346201743462,3.209777224050686,DOCK5
Reactome_2022,"Cell Death Signaling Via NRAGE, NRIF And NADE R-HSA-204998",1/74,0.3103752378928968,0.4134518851636005,0,0,2.74346201743462,3.209777224050686,FGD4
Reactome_2022,Sensory Processing Of Sound R-HSA-9659379,1/75,0.3138361616484454,0.4165251998348853,0,0,2.7062517062517064,3.1362323637249645,CTBP2
Reactome_2022,G Alpha (12/13) Signaling Events R-HSA-416482,1/78,0.3241160944299128,0.4285930772498115,0,0,2.600419782237964,2.929772078325152,FGD4
Reactome_2022,Metabolism R-HSA-1430728,12/2049,0.326150850321427,0.4297096969563326,0,0,1.1958093452938814,1.3397791385881197,VCAN;SPTLC2;ACSL1;GNAQ;KYNU;NAMPT;TBXAS1;DPYD;CD36;PARP14;PLCB1;SBF2
Reactome_2022,PI Metabolism R-HSA-1483255,1/82,0.3375858460637784,0.4431581470146327,0,0,2.471505175208879,2.6838950656014107,SBF2
Reactome_2022,Transcriptional Regulation Of White Adipocyte Differentiation R-HSA-381340,1/84,0.3442207165268205,0.4486053381450622,0,0,2.4117074358038213,2.572018957842433,CD36
Reactome_2022,Degradation Of Beta-Catenin By Destruction Complex R-HSA-195253,1/84,0.3442207165268205,0.4486053381450622,0,0,2.4117074358038213,2.572018957842433,CTBP2
Reactome_2022,Hedgehog On State R-HSA-5632684,1/85,0.3475134368660721,0.4512674485922735,0,0,2.382876382876383,2.5185858334956643,NUMB
Reactome_2022,SLC-mediated Transmembrane Transport R-HSA-425407,2/247,0.3507072003468257,0.4516894136542558,0,0,1.637234485630987,1.7155001728456134,SLC11A1;SLC8A1
Reactome_2022,"Transport Of Bile Salts And Organic Acids, Metal Ions And Amine Compounds R-HSA-425366",1/86,0.3507897886854045,0.4516894136542558,0,0,2.354723707664884,2.46673350535558,SLC11A1
Reactome_2022,Membrane Trafficking R-HSA-199991,4/599,0.3515920366671631,0.4516894136542558,0,0,1.351890756302521,1.41310945592536,GRK3;DENND1A;SBF2;RIN2
Reactome_2022,Fcgamma Receptor (FCGR) Dependent Phagocytosis R-HSA-2029480,1/87,0.3540498524990138,0.4532340310359715,0,0,2.327225745830397,2.4163993335324085,HCK
Reactome_2022,Sphingolipid Metabolism R-HSA-428157,1/89,0.3605214364245345,0.4598877687252896,0,0,2.2741046831955924,2.32005037808893,SPTLC2
Reactome_2022,Chaperonin-mediated Protein Folding R-HSA-390466,1/90,0.3637331156781473,0.4607286131923199,0,0,2.2484394506866416,2.273925239694265,GNAQ
Reactome_2022,Collagen Formation R-HSA-1474290,1/90,0.3637331156781473,0.4607286131923199,0,0,2.2484394506866416,2.273925239694265,CTSS
Reactome_2022,Signaling By TGF-beta Receptor Complex R-HSA-170834,1/91,0.3669288252624231,0.4631514192997719,0,0,2.22334455667789,2.2290972080359737,STAT1
Reactome_2022,GPCR Downstream Signaling R-HSA-388396,4/619,0.3743954705241321,0.4709294942829676,0,0,1.3065718157181572,1.2836318540680745,FGD4;GRK3;GNAQ;PLCB1
Reactome_2022,Transcriptional Regulation By RUNX3 R-HSA-8878159,1/95,0.3795535332169826,0.4724787085907956,0,0,2.1283043197936813,2.061815304518316,MAML3
Reactome_2022,P75 NTR Receptor-Mediated Signaling R-HSA-193704,1/95,0.3795535332169826,0.4724787085907956,0,0,2.1283043197936813,2.061815304518316,FGD4
Reactome_2022,Metabolism Of Nucleotides R-HSA-15869,1/95,0.3795535332169826,0.4724787085907956,0,0,2.1283043197936813,2.061815304518316,DPYD
Reactome_2022,Protein Folding R-HSA-391251,1/96,0.3826705658807354,0.47472190475239,0,0,2.105794790005316,2.022786046627892,GNAQ
Reactome_2022,Anchoring Of Basal Body To Plasma Membrane R-HSA-5620912,1/97,0.3857720948428521,0.4753028199258348,0,0,2.083754208754209,1.9847936202473104,SCLT1
Reactome_2022,Potential Therapeutics For SARS R-HSA-9679191,1/97,0.3857720948428521,0.4753028199258348,0,0,2.083754208754209,1.9847936202473104,JAK2
Reactome_2022,Hedgehog Off State R-HSA-5610787,1/98,0.3888581963975129,0.4774755404744972,0,0,2.062168072477351,1.947801335478516,NUMB
Reactome_2022,CLEC7A (Dectin-1) Signaling R-HSA-5607764,1/99,0.3919289465238684,0.4779944246456638,0,0,2.0410224695938983,1.9117741389719491,CLEC7A
Reactome_2022,L1CAM Interactions R-HSA-373760,1/99,0.3919289465238684,0.4779944246456638,0,0,2.0410224695938983,1.9117741389719491,NUMB
Reactome_2022,Phase I - Functionalization Of Compounds R-HSA-211945,1/104,0.4070550586365517,0.4898229205593172,0,0,1.9414533686378344,1.7449915352070269,TBXAS1
Reactome_2022,Transport Of Inorganic Cations/Anions And Amino Acids/Oligopeptides R-HSA-425393,1/104,0.4070550586365517,0.4898229205593172,0,0,1.9414533686378344,1.7449915352070269,SLC8A1
Reactome_2022,Cargo Recognition For Clathrin-Mediated Endocytosis R-HSA-8856825,1/104,0.4070550586365517,0.4898229205593172,0,0,1.9414533686378344,1.7449915352070269,GRK3
Reactome_2022,MHC Class II Antigen Presentation R-HSA-2132295,1/104,0.4070550586365517,0.4898229205593172,0,0,1.9414533686378344,1.7449915352070269,CTSS
Reactome_2022,Post-translational Protein Phosphorylation R-HSA-8957275,1/106,0.4130006611337857,0.4953263743166001,0,0,1.9042809042809044,1.6839671916127796,VCAN
Reactome_2022,Degradation Of Extracellular Matrix R-HSA-1474228,1/109,0.4218085691393649,0.5042148790043401,0,0,1.851103628881407,1.5978794932003777,CTSS
Reactome_2022,Signaling By WNT R-HSA-195721,2/294,0.4336474073221412,0.5162874828392532,0,0,1.3704221414593234,1.145019904936257,CTBP2;PLCB1
Reactome_2022,Interleukin-1 Signaling R-HSA-9020702,1/114,0.4361985658337181,0.5162874828392532,0,0,1.768749441315813,1.4674566165007243,IRAK3
Reactome_2022,Macroautophagy R-HSA-1632852,1/114,0.4361985658337181,0.5162874828392532,0,0,1.768749441315813,1.4674566165007243,ATG7
Reactome_2022,Transcriptional Regulation By RUNX2 R-HSA-8878166,1/119,0.450233917137087,0.5262595603969632,0,0,1.6933744221879816,1.3512924945163796,STAT1
Reactome_2022,RHO GTPases Activate Formins R-HSA-5663220,1/119,0.450233917137087,0.5262595603969632,0,0,1.6933744221879816,1.3512924945163796,SRGAP2
Reactome_2022,Signaling By TGFB Family Members R-HSA-9006936,1/119,0.450233917137087,0.5262595603969632,0,0,1.6933744221879816,1.3512924945163796,STAT1
Reactome_2022,Glycosaminoglycan Metabolism R-HSA-1630316,1/120,0.4529991952356669,0.5262595603969632,0,0,1.6790595025889143,1.3295883355209954,VCAN
Reactome_2022,Cell-Cell Communication R-HSA-1500931,1/120,0.4529991952356669,0.5262595603969632,0,0,1.6790595025889143,1.3295883355209954,SKAP2
Reactome_2022,Signaling By GPCR R-HSA-372790,4/689,0.4533704246079101,0.5262595603969632,0,0,1.1687956204379562,0.9245708353745716,FGD4;GRK3;GNAQ;PLCB1
Reactome_2022,DNA Repair R-HSA-73894,2/310,0.4606241899730713,0.5302476946010366,0,0,1.2981712165385637,1.006306983802624,TRIM25;ISG15
Reactome_2022,Immunoregulatory Interactions Between A Lymphoid And A non-Lymphoid Cell R-HSA-198933,1/123,0.4612126761903752,0.5302476946010366,0,0,1.6375227686703095,1.2672723299658175,JAML
Reactome_2022,Regulation Of IGF Transport And Uptake By IGFBPs R-HSA-381426,1/123,0.4612126761903752,0.5302476946010366,0,0,1.6375227686703095,1.2672723299658175,VCAN
Reactome_2022,G Alpha (I) Signaling Events R-HSA-418594,2/312,0.4639447710602802,0.5316954360405116,0,0,1.2896642527978934,0.9904489422148444,GNAQ;PLCB1
Reactome_2022,Cardiac Conduction R-HSA-5576891,1/126,0.4693040423241341,0.53613531417409,0,0,1.597979797979798,1.2088788165174762,SLC8A1
Reactome_2022,Autophagy R-HSA-9612973,1/128,0.4746313336381609,0.5405107616510287,0,0,1.572655690765927,1.171969623816576,ATG7
Reactome_2022,Host Interactions Of HIV Factors R-HSA-162909,1/130,0.4799056771939823,0.5447985832296467,0,0,1.5481168271865946,1.1365742744783855,HCK
Reactome_2022,Signaling By Hedgehog R-HSA-5358351,1/135,0.4928632963661163,0.5577543886776426,0,0,1.4899743705713857,1.0541917813157848,NUMB
Reactome_2022,Death Receptor Signaling R-HSA-73887,1/139,0.502998845735877,0.5674455728457863,0,0,1.4464939247547943,0.993983474661611,FGD4
Reactome_2022,C-type Lectin Receptors (CLRs) R-HSA-5621481,1/141,0.5079911545445953,0.5705237956162775,0,0,1.4256854256854257,0.965604255328444,CLEC7A
Reactome_2022,Beta-catenin Independent WNT Signaling R-HSA-3858494,1/142,0.5104686592356167,0.5705237956162775,0,0,1.4155025431621175,0.9518207634132154,PLCB1
Reactome_2022,Clathrin-mediated Endocytosis R-HSA-8856828,1/142,0.5104686592356167,0.5705237956162775,0,0,1.4155025431621175,0.9518207634132154,GRK3
Reactome_2022,RHOA GTPase Cycle R-HSA-8980692,1/147,0.5226721271590139,0.5805681166289354,0,0,1.366680503666805,0.8867035673377484,ARHGAP26
Reactome_2022,Mitotic G1 Phase And G1/S Transition R-HSA-453279,1/147,0.5226721271590139,0.5805681166289354,0,0,1.366680503666805,0.8867035673377484,JAK2
Reactome_2022,Interleukin-1 Family Signaling R-HSA-446652,1/152,0.5345743423067151,0.5919672931678654,0,0,1.3210917118201886,0.8273792233748533,IRAK3
Reactome_2022,G Alpha (S) Signaling Events R-HSA-418555,1/153,0.5369192861105836,0.5927457562260571,0,0,1.312333864965444,0.8161502743919713,GRK3
Reactome_2022,Anti-inflammatory Response Favoring Leishmania Infection R-HSA-9662851,1/165,0.5641625680272377,0.6209228263958317,0,0,1.215570337521557,0.6958080543325024,HCK
Reactome_2022,Ion Channel Transport R-HSA-983712,1/175,0.5856485564286572,0.642611333953633,0,0,1.145129455474283,0.6126847989798073,ATP11A
Reactome_2022,Neurotransmitter Receptors And Postsynaptic Signal Transmission R-HSA-112314,1/182,0.6000614365231335,0.6564308441965188,0,0,1.1004520341536916,0.5620264226281814,PLCB1
Reactome_2022,Cilium Assembly R-HSA-5617833,1/186,0.6080733489730797,0.663185737097528,0,0,1.0764400764400763,0.5354856269608474,SCLT1
Reactome_2022,Muscle Contraction R-HSA-397014,1/196,0.6274146268959372,0.6804792336626065,0,0,1.0207200207200209,0.4758062593684267,SLC8A1
Reactome_2022,Developmental Biology R-HSA-1266738,5/1073,0.6276996809131522,0.6804792336626065,0,0,0.9280504632367436,0.4321870145759869,CSF3R;NUMB;MAML3;CD36;SRGAP2
Reactome_2022,Phospholipid Metabolism R-HSA-1483257,1/208,0.6493802925715624,0.7016889634142174,0,0,0.9609622798028596,0.4148827478019421,SBF2
Reactome_2022,Signaling By ROBO Receptors R-HSA-376176,1/209,0.6511518081544677,0.7016889634142174,0,0,0.9562937062937062,0.4102619266169074,SRGAP2
Reactome_2022,Biological Oxidations R-HSA-211859,1/218,0.6667018973168327,0.7163076932481447,0,0,0.916212819438626,0.371443913003097,TBXAS1
Reactome_2022,HIV Infection R-HSA-162906,1/229,0.6847782792050449,0.7335458717893804,0,0,0.8715222399432926,0.3300107622445929,HCK
Reactome_2022,Transport Of Small Molecules R-HSA-382551,3/706,0.690374963763206,0.7373531417707614,0,0,0.8445542666920854,0.3129245874607133,SLC11A1;ATP11A;SLC8A1
Reactome_2022,Chromatin Modifying Enzymes R-HSA-3247509,1/238,0.6988433733016335,0.7441960405955448,0,0,0.8380428760175596,0.3002947593204378,JAK2
Reactome_2022,Transmission Across Chemical Synapses R-HSA-112315,1/246,0.7108229973595908,0.754063237761426,0,0,0.8103483817769532,0.276597695305975,PLCB1
Reactome_2022,Leishmania Infection R-HSA-9658195,1/247,0.7122868810987432,0.754063237761426,0,0,0.807013221647368,0.2737990281131923,HCK
Reactome_2022,Axon Guidance R-HSA-422475,2/519,0.7364668424623008,0.7773816670435397,0,0,0.7651284885327438,0.2340459678447342,NUMB;SRGAP2
Reactome_2022,RAF/MAP Kinase Cascade R-HSA-5673001,1/271,0.7453005446386038,0.7844125265729912,0,0,0.7343808454919566,0.2158842674099368,JAK2
Reactome_2022,Organelle Biogenesis And Maintenance R-HSA-1852241,1/275,0.7504257332877455,0.7875107259211517,0,0,0.723512497235125,0.2077309933648587,SCLT1
Reactome_2022,MAPK1/MAPK3 Signaling R-HSA-5684996,1/277,0.7529499050804359,0.7878693209682243,0,0,0.7181964573268921,0.2037929708675472,JAK2
Reactome_2022,Deubiquitination R-HSA-5688426,1/279,0.7554488001909503,0.7881994707194597,0,0,0.7129569072015115,0.1999439657131443,TRIM25
Reactome_2022,Nervous System Development R-HSA-9675108,2/545,0.7608472573668266,0.7912915836258376,0,0,0.7275153155184726,0.1988464170950896,NUMB;SRGAP2
Reactome_2022,Metabolism Of Carbohydrates R-HSA-71387,1/285,0.7627963188415277,0.7912915836258376,0,0,0.6976810357092047,0.1889070691991605,VCAN
Reactome_2022,MAPK Family Signaling Cascades R-HSA-5683057,1/318,0.7994682685446473,0.826957148838446,0,0,0.6240002549150814,0.1396565215034353,JAK2
Reactome_2022,Metabolism Of Amino Acids And Derivatives R-HSA-71291,1/364,0.8413986443361361,0.8678426017295574,0,0,0.5436458246375602,0.0938820447069887,KYNU
Reactome_2022,Neuronal System R-HSA-112316,1/386,0.8582578583674669,0.8827096492041469,0,0,0.5120031483667847,0.0782600347239107,PLCB1
Reactome_2022,Cellular Responses To Stress R-HSA-2262752,2/722,0.8805501823117737,0.9030642494731544,0,0,0.5436507936507936,0.0691569257088311,NCF2;CYBB
Reactome_2022,Cellular Responses To Stimuli R-HSA-8953897,2/736,0.887174077595346,0.9072800056994896,0,0,0.5328921759439471,0.0637946867732183,NCF2;CYBB
Reactome_2022,"Cell Cycle, Mitotic R-HSA-69278",1/523,0.9298026586875804,0.9481885869667134,0,0,0.3749758117574209,0.0272918308759206,JAK2
Reactome_2022,Generic Transcription Pathway R-HSA-212436,3/1190,0.941621680496721,0.9575364131248346,0,0,0.487575886537142,0.0293285175447428,NOTCH2;STAT1;MAML3
Reactome_2022,Sensory Perception R-HSA-9709957,1/616,0.9565558808241212,0.9699906544312016,0,0,0.3167446825983411,0.0140685538737299,CTBP2
Reactome_2022,RNA Polymerase II Transcription R-HSA-73857,3/1312,0.9636725418921688,0.972395045525692,0,0,0.4392508643569893,0.0162539199090639,NOTCH2;STAT1;MAML3
Reactome_2022,Cell Cycle R-HSA-1640170,1/654,0.9643142002720158,0.972395045525692,0,0,0.2977245657184401,0.0108187461086885,JAK2
Reactome_2022,Gene Expression (Transcription) R-HSA-74160,3/1449,0.9790895094428466,0.9845440470999096,0,0,0.3947041964323908,0.0083409724284995,NOTCH2;STAT1;MAML3
Reactome_2022,Post-translational Protein Modification R-HSA-597592,2/1383,0.9935739361827788,0.9963338637832864,0,0,0.273670366046491,0.0017642980739793,VCAN;TRIM25
Reactome_2022,Metabolism Of Proteins R-HSA-392499,3/1890,0.9968569045753332,0.9968569045753332,0,0,0.2952321636372576,0.0009294042321783336,VCAN;GNAQ;TRIM25
KEGG_2021_Human,Leishmaniasis,5/77,4.1972173002737946e-05,0.0042902286607658,0,0,14.494152046783626,146.07936513066915,NCF2;STAT1;CYBB;JAK2;TLR2
KEGG_2021_Human,Ferroptosis,4/41,5.1689501936938505e-05,0.0042902286607658,0,0,22.36824324324324,220.78028382384923,ACSL1;CYBB;SAT1;ATG7
KEGG_2021_Human,Phagosome,6/152,0.0001155831637802558,0.0060917654715957,0,0,8.636257650830661,78.2921686555817,NCF2;CLEC7A;CYBB;CD36;CTSS;TLR2
KEGG_2021_Human,Coronavirus disease,7/232,0.00016552619550618854,0.0060917654715957,0,0,6.58183990442055,57.304006511979246,STAT1;MX2;MX1;CYBB;EIF2AK2;ISG15;TLR2
KEGG_2021_Human,Notch signaling pathway,4/59,0.0002168425791719672,0.0060917654715957,0,0,15.034090909090908,126.83268610213273,NOTCH2;CTBP2;NUMB;MAML3
KEGG_2021_Human,Influenza A,6/172,0.0002266154720945335,0.0060917654715957,0,0,7.588054345039733,63.68089409237055,STAT1;MX2;MX1;TRIM25;EIF2AK2;JAK2
KEGG_2021_Human,Human papillomavirus infection,8/331,0.0002568816765130727,0.0060917654715957,0,0,5.270426706151568,43.57006408881711,NOTCH2;STAT1;MX2;MX1;EIF2AK2;ISG15;MAML3;CREB5
KEGG_2021_Human,"Growth hormone synthesis, secretion and action",5/119,0.0003288266737642996,0.0061644254053633,0,0,9.134810710987995,73.26099713674138,STAT1;GNAQ;JAK2;PLCB1;CREB5
KEGG_2021_Human,Neutrophil extracellular trap formation,6/189,0.0003756690385709805,0.0061644254053633,0,0,6.877223578653645,54.23930080358255,NCF2;CLEC7A;CYBB;PLCB1;ATG7;TLR2
KEGG_2021_Human,Adipocytokine signaling pathway,4/69,0.0003964527661942432,0.0061644254053633,0,0,12.71474358974359,99.59399722103193,ACSL1;CD36;JAK2;TNFRSF1B
KEGG_2021_Human,Chemokine signaling pathway,6/192,0.0004084860208373309,0.0061644254053633,0,0,6.765271105010295,52.78976807822368,HCK;GRK3;STAT1;GNAQ;JAK2;PLCB1
KEGG_2021_Human,Measles,5/139,0.0006692051180227493,0.0092573374659813,0,0,7.763550667714061,56.7470520628467,STAT1;MX2;MX1;EIF2AK2;TLR2
KEGG_2021_Human,Lipid and atherosclerosis,6/215,0.0007408899403909266,0.0094605946234533,0,0,6.013743255624554,43.34500752595923,NCF2;CYBB;CD36;JAK2;PLCB1;TLR2
KEGG_2021_Human,Th1 and Th2 cell differentiation,4/92,0.0011738374459389,0.013918358287562,0,0,9.380681818181818,63.29593508345567,NOTCH2;STAT1;MAML3;JAK2
KEGG_2021_Human,AGE-RAGE signaling pathway in diabetic complications,4/100,0.0015979577835658,0.0176840661381282,0,0,8.59548611111111,55.34658305163635,STAT1;CYBB;JAK2;PLCB1
KEGG_2021_Human,Malaria,3/50,0.0020046761378758,0.0206060798805374,0,0,13.064049133581928,81.15743654844592,PECAM1;CD36;TLR2
KEGG_2021_Human,Tuberculosis,5/180,0.0021102611925851,0.0206060798805374,0,0,5.932330827067669,36.54875535260874,CLEC7A;STAT1;JAK2;CTSS;TLR2
KEGG_2021_Human,Endocrine and other factor-regulated calcium reabsorption,3/53,0.0023702048008991,0.0218201136503242,0,0,12.278350515463918,74.219914290735,GNAQ;PLCB1;SLC8A1
KEGG_2021_Human,Cholinergic synapse,4/113,0.0024974828876877,0.0218201136503242,0,0,7.565366972477064,45.33524899002028,GNAQ;JAK2;PLCB1;CREB5
KEGG_2021_Human,Cortisol synthesis and secretion,3/65,0.0042325222263702,0.0351299344788732,0,0,9.895909544396408,54.0807220421003,GNAQ;PLCB1;CREB5
KEGG_2021_Human,Pathways in cancer,8/531,0.005156932130008,0.0407643206467306,0,0,3.2217141907057942,16.970100578833613,NOTCH2;CSF3R;CTBP2;IL15;STAT1;GNAQ;JAK2;PLCB1
KEGG_2021_Human,Thyroid hormone synthesis,3/75,0.0063121368856795,0.0476279419555817,0,0,8.517182130584192,43.1419208970586,GNAQ;PLCB1;CREB5
KEGG_2021_Human,Adrenergic signaling in cardiomyocytes,4/150,0.0068317816219663,0.0493076412715832,0,0,5.637557077625571,28.10981677297072,GNAQ;PLCB1;SLC8A1;CREB5
KEGG_2021_Human,Hepatitis C,4/157,0.0079999164419867,0.0545233182273863,0,0,5.377723311546841,25.965391509830216,STAT1;MX2;MX1;EIF2AK2
KEGG_2021_Human,Necroptosis,4/159,0.0083562740420879,0.0545233182273863,0,0,5.307795698924731,25.396436404946197,STAT1;CYBB;EIF2AK2;JAK2
KEGG_2021_Human,Hepatitis B,4/162,0.0089100918494989,0.0545233182273863,0,0,5.206223628691983,24.576346870058785,STAT1;JAK2;TLR2;CREB5
KEGG_2021_Human,JAK-STAT signaling pathway,4/162,0.0089100918494989,0.0545233182273863,0,0,5.206223628691983,24.576346870058785,CSF3R;IL15;STAT1;JAK2
KEGG_2021_Human,Insulin secretion,3/86,0.0091967042793181,0.0545233182273863,0,0,7.384300086945721,34.62431918243145,GNAQ;PLCB1;CREB5
KEGG_2021_Human,cGMP-PKG signaling pathway,4/167,0.0098854863528957,0.0558664743011636,0,0,5.045245398773006,23.292321984827154,GNAQ;PLCB1;SLC8A1;CREB5
KEGG_2021_Human,PD-L1 expression and PD-1 checkpoint pathway in cancer,3/89,0.0100963507773187,0.0558664743011636,0,0,7.1256293454807,32.74640846917216,STAT1;JAK2;TLR2
KEGG_2021_Human,Rheumatoid arthritis,3/93,0.0113729262286274,0.0609001856113596,0,0,6.8075601374570445,30.474176658100003,IL15;TNFSF13B;TLR2
KEGG_2021_Human,NOD-like receptor signaling pathway,4/181,0.0129778521246041,0.0658666701958974,0,0,4.642890772128061,20.17109029670212,STAT1;NAMPT;CYBB;PLCB1
KEGG_2021_Human,Aldosterone synthesis and secretion,3/98,0.0130939766052085,0.0658666701958974,0,0,6.447639717851329,27.954405817650997,GNAQ;PLCB1;CREB5
KEGG_2021_Human,Amoebiasis,3/102,0.0145721785315227,0.0678344594327342,0,0,6.185879412683536,26.15786422245009,GNAQ;PLCB1;TLR2
KEGG_2021_Human,Chagas disease,3/102,0.0145721785315227,0.0678344594327342,0,0,6.185879412683536,26.15786422245009,GNAQ;PLCB1;TLR2
KEGG_2021_Human,African trypanosomiasis,2/37,0.0147110875878218,0.0678344594327342,0,0,11.583090379008746,48.87083992538764,GNAQ;PLCB1
KEGG_2021_Human,Kaposi sarcoma-associated herpesvirus infection,4/193,0.0160717407971991,0.0686734090154952,0,0,4.345458553791887,17.949754270462787,HCK;STAT1;EIF2AK2;JAK2
KEGG_2021_Human,"Parathyroid hormone synthesis, secretion and action",3/106,0.0161412670571553,0.0686734090154952,0,0,5.944450005004504,24.52903651782376,GNAQ;PLCB1;CREB5
KEGG_2021_Human,Cytokine-cytokine receptor interaction,5/295,0.0163078190094559,0.0686734090154952,0,0,3.558983666061706,14.64917036589173,CSF3R;IL15;TNFRSF1B;TNFSF13B;IL17RA
KEGG_2021_Human,Glucagon signaling pathway,3/107,0.0165478094013241,0.0686734090154952,0,0,5.886994448850119,24.14551684724853,GNAQ;PLCB1;CREB5
KEGG_2021_Human,TNF signaling pathway,3/112,0.0186665018739365,0.0705651786521333,0,0,5.615530123900501,22.35556415568353,IL15;TNFRSF1B;CREB5
KEGG_2021_Human,Toxoplasmosis,3/112,0.0186665018739365,0.0705651786521333,0,0,5.615530123900501,22.35556415568353,STAT1;JAK2;TLR2
KEGG_2021_Human,Epstein-Barr virus infection,4/202,0.018672432369582,0.0705651786521333,0,0,4.146043771043771,16.504185659325106,STAT1;EIF2AK2;ISG15;TLR2
KEGG_2021_Human,Diabetic cardiomyopathy,4/203,0.0189765687901938,0.0705651786521333,0,0,4.125,16.35376991501514,NCF2;CYBB;CD36;PLCB1
KEGG_2021_Human,Glutamatergic synapse,3/114,0.0195542061325188,0.0705651786521333,0,0,5.513792142658122,21.694372855325803,GRK3;GNAQ;PLCB1
KEGG_2021_Human,Leukocyte transendothelial migration,3/114,0.0195542061325188,0.0705651786521333,0,0,5.513792142658122,21.694372855325803,NCF2;PECAM1;CYBB
KEGG_2021_Human,Human immunodeficiency virus 1 infection,4/212,0.0218526553311166,0.0756486177372103,0,0,3.9447115384615374,15.082339638005845,BST2;GNAQ;TNFRSF1B;TLR2
KEGG_2021_Human,Sphingolipid signaling pathway,3/119,0.0218742991047355,0.0756486177372103,0,0,5.274795591894774,20.16260489683167,SPTLC2;GNAQ;PLCB1
KEGG_2021_Human,Thyroid hormone signaling pathway,3/121,0.0228427106038632,0.0773855093926796,0,0,5.18486807618382,19.594255356497303,NOTCH2;STAT1;PLCB1
KEGG_2021_Human,Intestinal immune network for IgA production,2/48,0.0240483300532171,0.0792197513844281,0,0,8.808340727595386,32.83476119194659,IL15;TNFSF13B
KEGG_2021_Human,Platelet activation,3/124,0.0243385983169026,0.0792197513844281,0,0,5.055550822186248,18.78486863700217,GNAQ;TBXAS1;PLCB1
KEGG_2021_Human,Sphingolipid metabolism,2/49,0.0249911884332231,0.0797795630752891,0,0,8.620495006513243,31.803005852102093,SPTLC2;PSAP
KEGG_2021_Human,Lysosome,3/128,0.0264138379001086,0.0827301338003402,0,0,4.89278350515464,17.77972570780468,SLC11A1;PSAP;CTSS
KEGG_2021_Human,Dopaminergic synapse,3/132,0.0285811776295865,0.0878606571576178,0,0,4.740110285303285,16.851124783599985,GNAQ;PLCB1;CREB5
KEGG_2021_Human,Apelin signaling pathway,3/137,0.0314194441411021,0.0931362094182672,0,0,4.562086474842284,15.786317107275496,GNAQ;PLCB1;SLC8A1
KEGG_2021_Human,Estrogen signaling pathway,3/137,0.0314194441411021,0.0931362094182672,0,0,4.562086474842284,15.786317107275496,GNAQ;PLCB1;CREB5
KEGG_2021_Human,Pyrimidine metabolism,2/56,0.0319994177727201,0.0931912868468692,0,0,7.500377928949358,25.81658262777106,DPYD;TYMP
KEGG_2021_Human,Long-term depression,2/60,0.0363103684614095,0.1039227786998962,0,0,6.9817030260380015,23.148897224333663,GNAQ;PLCB1
KEGG_2021_Human,GnRH secretion,2/64,0.0408312655246501,0.1148811877473207,0,0,6.529953917050691,20.88479849248963,GNAQ;PLCB1
KEGG_2021_Human,Inflammatory bowel disease,2/65,0.0419931324107679,0.1161809996697914,0,0,6.425979915775834,20.37195761072225,STAT1;TLR2
KEGG_2021_Human,Cushing syndrome,3/155,0.0428110923844909,0.1165023169807457,0,0,4.018176885512751,12.661106772029475,GNAQ;PLCB1;CREB5
KEGG_2021_Human,Long-term potentiation,2/67,0.0443537761760118,0.1187536587938382,0,0,6.227629513343799,19.402537395096388,GNAQ;PLCB1
KEGG_2021_Human,Renin secretion,2/69,0.0467626402187707,0.1225457631474011,0,0,6.041120925982333,18.501963939065423,GNAQ;PLCB1
KEGG_2021_Human,Prolactin signaling pathway,2/70,0.0479847867745847,0.1225457631474011,0,0,5.951980792316927,18.075399411278084,STAT1;JAK2
KEGG_2021_Human,RIG-I-like receptor signaling pathway,2/70,0.0479847867745847,0.1225457631474011,0,0,5.951980792316927,18.075399411278084,TRIM25;ISG15
KEGG_2021_Human,PPAR signaling pathway,2/74,0.0529880944930012,0.1332730861490637,0,0,5.620181405895692,16.510339602462818,ACSL1;CD36
KEGG_2021_Human,Gastric acid secretion,2/76,0.0555565913641185,0.137647674126025,0,0,5.467733039161611,15.803679213614178,GNAQ;PLCB1
KEGG_2021_Human,Gap junction,2/88,0.071834354272908,0.1753603354309227,0,0,4.701945894636925,12.382068798517093,GNAQ;PLCB1
KEGG_2021_Human,Salivary secretion,2/93,0.0790200821692442,0.1873904805727793,0,0,4.442475891455484,11.27524039277228,GNAQ;PLCB1
KEGG_2021_Human,GnRH signaling pathway,2/93,0.0790200821692442,0.1873904805727793,0,0,4.442475891455484,11.27524039277228,GNAQ;PLCB1
KEGG_2021_Human,Circadian entrainment,2/97,0.0849237360045432,0.1965171462981432,0,0,4.254564983888292,10.49176426482804,GNAQ;PLCB1
KEGG_2021_Human,Fatty acid biosynthesis,1/18,0.0863099571505927,0.1965171462981432,0,0,11.81402257872846,28.942114306609312,ACSL1
KEGG_2021_Human,Inflammatory mediator regulation of TRP channels,2/98,0.0864201908419545,0.1965171462981432,0,0,4.210034013605442,10.308411171595903,GNAQ;PLCB1
KEGG_2021_Human,Hematopoietic cell lineage,2/99,0.0879246283814666,0.1972363285313982,0,0,4.166421207658321,10.129717084781952,CSF3R;CD36
KEGG_2021_Human,Pathways of neurodegeneration,5/475,0.0898344701970152,0.1982923004722147,0,0,2.175811870100784,5.243242119252655,GNAQ;LRRK2;CYBB;TNFRSF1B;PLCB1
KEGG_2021_Human,Melanogenesis,2/101,0.0909569913965944,0.1982923004722147,0,0,4.081838796124511,9.785671777221246,GNAQ;PLCB1
KEGG_2021_Human,Pancreatic secretion,2/102,0.0924846891098034,0.1982923004722147,0,0,4.040816326530612,9.62002061056518,GNAQ;PLCB1
KEGG_2021_Human,Toll-like receptor signaling pathway,2/104,0.0955625544444408,0.1982923004722147,0,0,3.961184473789516,9.300759047174036,STAT1;TLR2
KEGG_2021_Human,C-type lectin receptor signaling pathway,2/104,0.0955625544444408,0.1982923004722147,0,0,3.961184473789516,9.300759047174036,CLEC7A;STAT1
KEGG_2021_Human,NF-kappa B signaling pathway,2/104,0.0955625544444408,0.1982923004722147,0,0,3.961184473789516,9.300759047174036,TRIM25;TNFSF13B
KEGG_2021_Human,Pantothenate and CoA biosynthesis,1/21,0.0999597740324998,0.1988193170380325,0,0,10.04040404040404,23.1229243332888,DPYD
KEGG_2021_Human,Th17 cell differentiation,2/107,0.1002338670046704,0.1988193170380325,0,0,3.847424684159378,8.850035372430577,STAT1;JAK2
KEGG_2021_Human,PI3K-Akt signaling pathway,4/354,0.1017068829874571,0.1988193170380325,0,0,2.327380952380953,5.319602243253982,CSF3R;JAK2;TLR2;CREB5
KEGG_2021_Human,Drug metabolism,2/108,0.1018050719773058,0.1988193170380325,0,0,3.81093569503273,8.70682707358352,DPYD;TYMP
KEGG_2021_Human,Insulin resistance,2/108,0.1018050719773058,0.1988193170380325,0,0,3.81093569503273,8.70682707358352,CD36;CREB5
KEGG_2021_Human,Human cytomegalovirus infection,3/225,0.1031902700601577,0.1991812189533276,0,0,2.741432153803288,6.226287833009744,GNAQ;PLCB1;CREB5
KEGG_2021_Human,Herpes simplex virus 1 infection,5/498,0.1044376704803924,0.1992718770085649,0,0,2.0718479769403224,4.680646103867895,BST2;STAT1;EIF2AK2;JAK2;TLR2
KEGG_2021_Human,Serotonergic synapse,2/113,0.109762052329387,0.2070511441667983,0,0,3.638352638352639,8.038723369904124,GNAQ;PLCB1
KEGG_2021_Human,Alzheimer disease,4/369,0.1137690179944684,0.2121983931132781,0,0,2.230022831050228,4.847144273273048,GNAQ;CYBB;EIF2AK2;PLCB1
KEGG_2021_Human,Chemical carcinogenesis,3/239,0.1179345358613871,0.2171074481606369,0,0,2.576970120566137,5.508597272583688,NOTCH2;JAK2;CREB5
KEGG_2021_Human,Calcium signaling pathway,3/240,0.1190167336302287,0.2171074481606369,0,0,2.565966331723868,5.461636697591999,GNAQ;PLCB1;SLC8A1
KEGG_2021_Human,AMPK signaling pathway,2/120,0.1211657133256166,0.2186250914353517,0,0,3.4213075060532687,7.220998411655919,CD36;CREB5
KEGG_2021_Human,Osteoclast differentiation,2/127,0.1328465079421489,0.2371238743913625,0,0,3.2285714285714286,6.5170680254594,NCF2;STAT1
KEGG_2021_Human,Relaxin signaling pathway,2/129,0.1362302303723226,0.2405767898064421,0,0,3.177406395629118,6.333870360024791,PLCB1;CREB5
KEGG_2021_Human,beta-Alanine metabolism,1/30,0.1397095639188418,0.2441240801108184,0,0,6.921281783350749,13.622394510819325,DPYD
KEGG_2021_Human,Vascular smooth muscle contraction,2/133,0.1430547538373086,0.2473655118436795,0,0,3.07976320299112,5.988685251990531,GNAQ;PLCB1
KEGG_2021_Human,Autophagy,2/137,0.1499507080843318,0.2539981381836641,0,0,2.9879062736205597,5.669398730173793,VMP1;ATG7
KEGG_2021_Human,Yersinia infection,2/137,0.1499507080843318,0.2539981381836641,0,0,2.9879062736205597,5.669398730173793,GNAQ;SKAP2
KEGG_2021_Human,SNARE interactions in vesicular transport,1/33,0.152569319997184,0.2546834471196659,0,0,6.271464646464646,11.79120788980768,STX11
KEGG_2021_Human,Fluid shear stress and atherosclerosis,2/139,0.1534237633251,0.2546834471196659,0,0,2.9439892745419334,5.518659484645247,NCF2;PECAM1
KEGG_2021_Human,Prion disease,3/273,0.1566730077180108,0.2575021711008891,0,0,2.24856815578465,4.167933339263407,NCF2;CYBB;CREB5
KEGG_2021_Human,Spinocerebellar ataxia,2/143,0.1604167144707384,0.2595346755195763,0,0,2.859892893327544,5.233547895270227,GNAQ;PLCB1
KEGG_2021_Human,Nicotinate and nicotinamide metabolism,1/35,0.1610365757741949,0.2595346755195763,0,0,5.901960784313726,10.777710825180796,NAMPT
KEGG_2021_Human,Cell adhesion molecules,2/148,0.1692391088589375,0.2675589721007965,0,0,2.761252446183953,4.905206802489739,VCAN;PECAM1
KEGG_2021_Human,Retrograde endocannabinoid signaling,2/148,0.1692391088589375,0.2675589721007965,0,0,2.761252446183953,4.905206802489739,GNAQ;PLCB1
KEGG_2021_Human,Oxytocin signaling pathway,2/154,0.1799323214637967,0.2817808053112289,0,0,2.651450053705693,4.547699495381422,GNAQ;PLCB1
KEGG_2021_Human,Bladder cancer,1/41,0.1859390303366049,0.2884661592137982,0,0,5.015151515151516,8.43717221072756,TYMP
KEGG_2021_Human,Tryptophan metabolism,1/42,0.1900176905858975,0.2920642281227683,0,0,4.892584380389258,8.124812043283224,KYNU
KEGG_2021_Human,Fat digestion and absorption,1/43,0.1940761190078197,0.2928785068663462,0,0,4.775853775853776,7.830035336967146,CD36
KEGG_2021_Human,Fatty acid degradation,1/43,0.1940761190078197,0.2928785068663462,0,0,4.775853775853776,7.830035336967146,ACSL1
KEGG_2021_Human,Huntington disease,3/306,0.1974810551257451,0.2936338650381515,0,0,2.0003062161886294,3.2447219624565453,GNAQ;PLCB1;CREB5
KEGG_2021_Human,Vasopressin-regulated water reabsorption,1/44,0.1981144149654997,0.2936338650381515,0,0,4.664552501761804,7.551493311263548,CREB5
KEGG_2021_Human,Wnt signaling pathway,2/166,0.2016063949356786,0.2961651465426784,0,0,2.4559482329517173,3.933048881238281,CTBP2;PLCB1
KEGG_2021_Human,Carbohydrate digestion and absorption,1/47,0.2101094941683413,0.305948912560918,0,0,4.359683794466403,6.801658146757973,PLCB1
KEGG_2021_Human,Cocaine addiction,1/49,0.21800735103248,0.3146888719251451,0,0,4.177609427609427,6.363445371866637,CREB5
KEGG_2021_Human,Arginine and proline metabolism,1/50,0.2219269115603851,0.3148706608463584,0,0,4.092145949288806,6.1603458876211565,SAT1
KEGG_2021_Human,Cholesterol metabolism,1/50,0.2219269115603851,0.3148706608463584,0,0,4.092145949288806,6.1603458876211565,CD36
KEGG_2021_Human,Hedgehog signaling pathway,1/56,0.2450391435680432,0.3447160833245354,0,0,3.644628099173554,5.125576482532065,GRK3
KEGG_2021_Human,Legionellosis,1/57,0.2488245414130006,0.3470997804584714,0,0,3.5793650793650795,4.978922896997587,TLR2
KEGG_2021_Human,Mineral absorption,1/60,0.2600683562676618,0.3597612261702655,0,0,3.396849854476973,4.574913980988086,SLC8A1
KEGG_2021_Human,Arachidonic acid metabolism,1/61,0.2637791413086752,0.3618788219606619,0,0,3.34006734006734,4.451117734093463,TBXAS1
KEGG_2021_Human,Viral carcinogenesis,2/203,0.2697872573969225,0.3670875797367962,0,0,2.000101533150574,2.620376153040449,EIF2AK2;CREB5
KEGG_2021_Human,Rap1 signaling pathway,2/210,0.2827567896449933,0.3816067242363324,0,0,1.9321036106750396,2.440571746176788,GNAQ;PLCB1
KEGG_2021_Human,Amphetamine addiction,1/69,0.2928096888806698,0.3919871641467031,0,0,2.9459298871063577,3.6182865561027495,CREB5
KEGG_2021_Human,Human T-cell leukemia virus 1 infection,2/219,0.2994045567518106,0.3976092513664045,0,0,1.8511238596821216,2.232380566234585,IL15;CREB5
KEGG_2021_Human,Inositol phosphate metabolism,1/73,0.3068970331118836,0.4043246626712118,0,0,2.781705948372615,3.2858706369655613,PLCB1
KEGG_2021_Human,Chronic myeloid leukemia,1/76,0.3172798893506643,0.4107119975218742,0,0,2.67003367003367,3.065121123308704,CTBP2
KEGG_2021_Human,Pancreatic cancer,1/76,0.3172798893506643,0.4107119975218742,0,0,2.67003367003367,3.065121123308704,STAT1
KEGG_2021_Human,Arrhythmogenic right ventricular cardiomyopathy,1/77,0.3207065055587057,0.4107119975218742,0,0,2.6347687400318978,2.996335121708695,SLC8A1
KEGG_2021_Human,Thermogenesis,2/232,0.3233415604981886,0.4107119975218742,0,0,1.7453416149068324,1.9705710590679104,ACSL1;CREB5
KEGG_2021_Human,Antigen processing and presentation,1/78,0.3241160944299128,0.4107119975218742,0,0,2.600419782237964,2.929772078325152,CTSS
KEGG_2021_Human,Peroxisome,1/82,0.3375858460637784,0.4245397761105092,0,0,2.471505175208879,2.6838950656014107,ACSL1
KEGG_2021_Human,Taste transduction,1/86,0.3507897886854045,0.4378278565547154,0,0,2.354723707664884,2.46673350535558,PLCB1
KEGG_2021_Human,Cardiac muscle contraction,1/87,0.3540498524990138,0.4385990710062409,0,0,2.327225745830397,2.4163993335324085,SLC8A1
KEGG_2021_Human,ECM-receptor interaction,1/88,0.3572937084833981,0.4393389304314377,0,0,2.3003599210495764,2.367523811703655,CD36
KEGG_2021_Human,Hypertrophic cardiomyopathy,1/90,0.3637331156781473,0.443968361783621,0,0,2.2484394506866416,2.273925239694265,SLC8A1
KEGG_2021_Human,Morphine addiction,1/91,0.3669288252624231,0.444599890463958,0,0,2.22334455667789,2.2290972080359737,GRK3
KEGG_2021_Human,IL-17 signaling pathway,1/94,0.3764209201158763,0.4509730122810806,0,0,2.1512979254914737,2.101919815261755,IL17RA
KEGG_2021_Human,Dilated cardiomyopathy,1/96,0.3826705658807354,0.4509730122810806,0,0,2.105794790005316,2.022786046627892,SLC8A1
KEGG_2021_Human,Fc gamma R-mediated phagocytosis,1/97,0.3857720948428521,0.4509730122810806,0,0,2.083754208754209,1.9847936202473104,HCK
KEGG_2021_Human,Phosphatidylinositol signaling system,1/97,0.3857720948428521,0.4509730122810806,0,0,2.083754208754209,1.9847936202473104,PLCB1
KEGG_2021_Human,Prostate cancer,1/97,0.3857720948428521,0.4509730122810806,0,0,2.083754208754209,1.9847936202473104,CREB5
KEGG_2021_Human,Viral protein interaction with cytokine and cytokine receptor,1/100,0.394984420817951,0.4585133836068522,0,0,2.020304050607081,1.8766785261005492,TNFRSF1B
KEGG_2021_Human,Longevity regulating pathway,1/102,0.4010498423953424,0.4623213460946309,0,0,1.98009800980098,1.8091552855878603,CREB5
KEGG_2021_Human,Protein digestion and absorption,1/103,0.4040599390731852,0.4625789647320603,0,0,1.9605862547039017,1.776667673398047,SLC8A1
KEGG_2021_Human,HIF-1 signaling pathway,1/109,0.4218085691393649,0.4795905649118807,0,0,1.851103628881407,1.5978794932003777,CYBB
KEGG_2021_Human,Neurotrophin signaling pathway,1/119,0.450233917137087,0.5084274166309962,0,0,1.6933744221879816,1.3512924945163796,IRAK3
KEGG_2021_Human,MicroRNAs in cancer,2/310,0.4606241899730713,0.5166460509157422,0,0,1.2981712165385637,1.006306983802624,NOTCH2;ZEB2
KEGG_2021_Human,Apoptosis,1/142,0.5104686592356167,0.5676467526005796,0,0,1.4155025431621175,0.9518207634132154,CTSS
KEGG_2021_Human,Signaling pathways regulating pluripotency of stem cells,1/143,0.5129338125908852,0.5676467526005796,0,0,1.4054630815194196,0.9382990468495096,JAK2
KEGG_2021_Human,Breast cancer,1/147,0.5226721271590139,0.5734387351681843,0,0,1.366680503666805,0.8867035673377484,NOTCH2
KEGG_2021_Human,Phospholipase D signaling pathway,1/148,0.5250764322021929,0.5734387351681843,0,0,1.357314643028929,0.874397623216168,PLCB1
KEGG_2021_Human,Hippo signaling pathway,1/163,0.559734829149778,0.6072939976396284,0,0,1.2307020825539343,0.7141667289104645,STK3
KEGG_2021_Human,Protein processing in endoplasmic reticulum,1/171,0.5771829849119133,0.622158282437517,0,0,1.172311348781937,0.6442975473743275,EIF2AK2
KEGG_2021_Human,Axon guidance,1/182,0.6000614365231335,0.642646441695743,0,0,1.1004520341536916,0.5620264226281814,SRGAP2
KEGG_2021_Human,Alcoholism,1/186,0.6080733489730797,0.6470524098046874,0,0,1.0764400764400763,0.5354856269608474,CREB5
KEGG_2021_Human,Pathogenic Escherichia coli infection,1/197,0.6292959845517696,0.6653702766598328,0,0,1.015460729746444,0.4703142614525967,MYO1F
KEGG_2021_Human,Proteoglycans in cancer,1/205,0.6440121337651465,0.676620343069711,0,0,0.975242622301446,0.4291435319722849,TLR2
KEGG_2021_Human,Olfactory transduction,2/440,0.6494075016705154,0.6779977690396576,0,0,0.9068120398844468,0.3914661035734865,GRK3;SLC8A1
KEGG_2021_Human,cAMP signaling pathway,1/216,0.6633067349218524,0.688180737481422,0,0,0.9248296922715528,0.3796590033348701,CREB5
KEGG_2021_Human,Shigellosis,1/246,0.7108229973595908,0.7282713256076349,0,0,0.8103483817769532,0.276597695305975,PLCB1
KEGG_2021_Human,Salmonella infection,1/249,0.7151926743766817,0.7282713256076349,0,0,0.8004235907461714,0.2683046273648528,TLR2
KEGG_2021_Human,Parkinson disease,1/249,0.7151926743766817,0.7282713256076349,0,0,0.8004235907461714,0.2683046273648528,LRRK2
KEGG_2021_Human,Endocytosis,1/252,0.7194969722870609,0.7282713256076349,0,0,0.7907360457161254,0.2603126474157279,GRK3
KEGG_2021_Human,MAPK signaling pathway,1/294,0.7734097128643826,0.7780970444575002,0,0,0.6759402902747612,0.173680384477407,STK3
KEGG_2021_Human,Amyotrophic lateral sclerosis,1/364,0.8413986443361361,0.8413986443361361,0,0,0.5436458246375602,0.0938820447069887,TNFRSF1B
GO_Biological_Process_2023,Response To Cytokine (GO:0034097),12/125,1.369082360282762e-12,1.5539084789209347e-09,0,0,23.87811745776348,652.2756790221713,BST2;PLSCR1;STAT1;SLC11A1;KYNU;MX2;MX1;EIF2AK2;ISG15;IRAK3;XAF1;JAK2
GO_Biological_Process_2023,Defense Response To Symbiont (GO:0140546),12/148,1.0319931470786568e-11,4.1531093372531006e-09,0,0,19.816844919786096,501.3056161196832,BST2;PLSCR1;STAT1;MX2;MX1;EIF2AK2;DDX60L;ISG15;ATG7;LYST;IFI44L;TLR2
GO_Biological_Process_2023,Defense Response To Virus (GO:0051607),13/189,1.0977381508157976e-11,4.1531093372531006e-09,0,0,16.74582027168234,422.58385891156166,STAT1;MX2;MX1;EIF2AK2;DDX60L;ISG15;LYST;IFI44L;BST2;PLSCR1;TRIM25;ATG7;TLR2
GO_Biological_Process_2023,Response To Interferon-Beta (GO:0035456),5/29,3.049719828171407e-07,8.653580012436367e-05,0,0,43.58771929824562,653.9485543615966,BST2;PLSCR1;STAT1;MNDA;XAF1
GO_Biological_Process_2023,Regulation Of Phagocytosis (GO:0050764),6/58,4.403792733101903e-07,9.99660950414132e-05,0,0,24.363338788870703,356.57279981244113,HCK;PLSCR1;IL15;CLEC7A;SLC11A1;TLR2
GO_Biological_Process_2023,Negative Regulation Of Viral Process (GO:0048525),6/61,5.968709201515418e-07,0.00010488117191299594,0,0,23.030947775628626,330.06952416173124,BST2;PLSCR1;STAT1;MX1;EIF2AK2;ISG15
GO_Biological_Process_2023,Cytokine-Mediated Signaling Pathway (GO:0019221),10/257,6.4684423206253e-07,0.00010488117191299594,0,0,8.840755735492577,125.99102738584148,HCK;CSF3R;IL15;STAT1;MX1;IRAK3;JAK2;TNFRSF1B;PLCB1;IL17RA
GO_Biological_Process_2023,Positive Regulation Of Cytokine Production (GO:0001819),10/320,4.632636444015987e-06,0.0006572552954947681,0,0,7.021505376344086,86.2408282784959,FCN1;CLEC7A;IL15;SLC11A1;EIF2AK2;ISG15;JAK2;PLCB1;IL17RA;TLR2
GO_Biological_Process_2023,Negative Regulation Of Viral Genome Replication (GO:0045071),5/53,6.702179506664625e-06,0.0008452193044515944,0,0,21.767543859649123,259.3184431876064,BST2;PLSCR1;MX1;EIF2AK2;ISG15
GO_Biological_Process_2023,Positive Regulation Of Nitric-Oxide Synthase Biosynthetic Process (GO:0051770),3/10,1.4187907246385926e-05,0.0016103274724648,0,0,87.89248895434463,981.1544503878058,NAMPT;JAK2;TLR2
GO_Biological_Process_2023,Regulation Of Viral Genome Replication (GO:0045069),5/67,2.1341984140195787e-05,0.0022021047271929,0,0,16.840407470288625,181.11579254247096,BST2;PLSCR1;MX1;EIF2AK2;ISG15
GO_Biological_Process_2023,Regulation Of Nitric-Oxide Synthase Biosynthetic Process (GO:0051769),3/13,3.344768461719186e-05,0.003163593503376,0,0,61.51546391752577,633.9493354046144,NAMPT;JAK2;TLR2
GO_Biological_Process_2023,Positive Regulation Of Adaptive Immune Response Based On Somatic Recombination Of Immune Receptors Built From Immunoglobulin Superfamily Domains (GO:0002824),3/14,4.241532244475955e-05,0.0037031839211386,0,0,55.9203373945642,563.0060062434084,CLEC7A;SLC11A1;JAK2
GO_Biological_Process_2023,Response To Type II Interferon (GO:0034341),5/80,5.046817087847377e-05,0.0039972285619312,0,0,13.912280701754383,137.65043835300511,BST2;STAT1;KYNU;SLC11A1;TLR2
GO_Biological_Process_2023,Defense Response To Protozoan (GO:0042832),3/15,5.2826809188518965e-05,0.0039972285619312,0,0,51.25773195876289,504.8113501315131,CLEC7A;SLC11A1;LYST
GO_Biological_Process_2023,Response To Interferon-Alpha (GO:0035455),3/17,7.837829876798801e-05,0.0055599605688541,0,0,43.930780559646536,415.3199946350019,BST2;MX2;EIF2AK2
GO_Biological_Process_2023,Regulation Of Interleukin-12 Production (GO:0032655),4/50,0.00011356720906997502,0.0072881606050327,0,0,17.983695652173914,163.34798914770596,CLEC7A;IRAK3;PLCB1;TLR2
GO_Biological_Process_2023,Positive Regulation Of NF-kappaB Transcription Factor Activity (GO:0051092),6/152,0.0001155831637802558,0.0072881606050327,0,0,8.636257650830661,78.2921686555817,CLEC7A;TRIM25;EIF2AK2;IRAK3;CD36;TLR2
GO_Biological_Process_2023,Regulation Of Toll-Like Receptor Signaling Pathway (GO:0034121),3/20,0.00012997496316054035,0.0077642938519585,0,0,36.1728320194057,323.6806038860264,IRAK3;CD36;TLR2
GO_Biological_Process_2023,Positive Regulation Of Chemokine Production (GO:0032722),4/53,0.00014275235595897137,0.0081011962006716,0,0,16.880102040816325,149.46316209851528,CLEC7A;EIF2AK2;IL17RA;TLR2
GO_Biological_Process_2023,Cellular Response To Cytokine Stimulus (GO:0071345),8/308,0.00015757806265790652,0.0085167191007963,0,0,5.681159420289855,49.74190025989008,HCK;CSF3R;STAT1;LRRK2;IRAK3;MNDA;JAK2;TLR2
GO_Biological_Process_2023,Pattern Recognition Receptor Signaling Pathway (GO:0002221),4/56,0.00017701179211161472,0.0088962427226226,0,0,15.903846153846152,137.39800592224685,FCN1;TRIM25;CTSS;TLR2
GO_Biological_Process_2023,Positive Regulation Of Interleukin-1 Beta Production (GO:0032731),4/57,0.00018964479109883465,0.0088962427226226,0,0,15.602987421383649,133.7231842647315,CLEC7A;MNDA;CD36;JAK2
GO_Biological_Process_2023,Regulation Of Cytokine Production (GO:0001817),6/167,0.0001931783933231448,0.0088962427226226,0,0,7.825690498215938,66.92449501150064,SRGN;IL15;SLC11A1;EIF2AK2;ISG15;TNFRSF1B
GO_Biological_Process_2023,Positive Regulation Of Type II Interferon Production (GO:0032729),4/58,0.00020291543958828455,0.0088962427226226,0,0,15.313271604938272,130.20447941462302,CLEC7A;SLC11A1;ISG15;JAK2
GO_Biological_Process_2023,Regulation Of Inflammatory Response (GO:0050727),7/240,0.00020379058219223577,0.0088962427226226,0,0,6.353269647884074,53.99273890616642,HCK;IL15;AOAH;JAK2;TNFRSF1B;IL17RA;TLR2
GO_Biological_Process_2023,Regulation Of Neuroblast Proliferation (GO:1902692),3/24,0.00022743640782365407,0.0089733528736552,0,0,29.276877761413843,245.59318448881905,VCAN;LRRK2;DISC1
GO_Biological_Process_2023,Positive Regulation Of Phagocytosis (GO:0050766),4/60,0.00023144518216262016,0.0089733528736552,0,0,14.764880952380953,123.59929166727188,FCN1;IL15;CLEC7A;SLC11A1
GO_Biological_Process_2023,Positive Regulation Of DNA-binding Transcription Factor Activity (GO:0051091),7/246,0.00023693935717695896,0.0089733528736552,0,0,6.1918837449948265,51.688027110808605,CLEC7A;TRIM25;EIF2AK2;IRAK3;CD36;STK3;TLR2
GO_Biological_Process_2023,Neutrophil Extravasation (GO:0072672),2/5,0.0002450871709985121,0.0089733528736552,0,0,135.35374149659864,1125.3170126751409,JAML;PECAM1
GO_Biological_Process_2023,Interleukin-27-Mediated Signaling Pathway (GO:0070106),2/5,0.0002450871709985121,0.0089733528736552,0,0,135.35374149659864,1125.3170126751409,STAT1;MX1
GO_Biological_Process_2023,Positive Regulation Of Interleukin-1 Production (GO:0032732),4/64,0.0002969939518054612,0.0105340042280999,0,0,13.77777777777778,111.90033879709756,CLEC7A;MNDA;CD36;JAK2
GO_Biological_Process_2023,Cellular Response To Type II Interferon (GO:0071346),4/66,0.00033432311010974254,0.0114986887871078,0,0,13.331989247311828,106.70127789939,HCK;STAT1;JAK2;TLR2
GO_Biological_Process_2023,Cellular Response To Bacterial Lipopeptide (GO:0071221),2/6,0.0003664321680484968,0.0122323679627954,0,0,101.51020408163264,803.1179907171842,CD36;TLR2
GO_Biological_Process_2023,Toll-Like Receptor Signaling Pathway (GO:0002224),3/31,0.0004924436798304106,0.015969245045929,0,0,21.949926362297496,167.17350275311443,IRAK3;CTSS;TLR2
GO_Biological_Process_2023,Negative Regulation Of Endocytosis (GO:0045806),3/33,0.0005934098642840978,0.0182032485395257,0,0,20.484536082474225,152.19242604001315,PLSCR1;MCTP1;TLR2
GO_Biological_Process_2023,Positive Regulation Of Interleukin-12 Production (GO:0032735),3/33,0.0005934098642840978,0.0182032485395257,0,0,20.484536082474225,152.19242604001315,CLEC7A;PLCB1;TLR2
GO_Biological_Process_2023,Nicotinamide Nucleotide Biosynthetic Process (GO:0019359),2/8,0.0006795551666861537,0.0192823778547196,0,0,67.66666666666667,493.5655481733249,KYNU;NAMPT
GO_Biological_Process_2023,Tyrosine Phosphorylation Of STAT Protein (GO:0007260),2/8,0.0006795551666861537,0.0192823778547196,0,0,67.66666666666667,493.5655481733249,IL15;JAK2
GO_Biological_Process_2023,Interleukin-12-Mediated Signaling Pathway (GO:0035722),2/8,0.0006795551666861537,0.0192823778547196,0,0,67.66666666666667,493.5655481733249,JAK2;PLCB1
GO_Biological_Process_2023,Receptor Signaling Pathway Via JAK-STAT (GO:0007259),3/36,0.0007681770335999374,0.0212653886130714,0,0,18.619493908153704,133.5295206771706,IL15;STAT1;JAK2
GO_Biological_Process_2023,Regulation Of Interleukin-1 Beta Production (GO:0032651),4/84,0.0008356618925326059,0.0224644151374125,0,0,10.322916666666666,73.16146753439465,CLEC7A;MNDA;CD36;JAK2
GO_Biological_Process_2023,Response To Type I Interferon (GO:0034340),2/9,0.000870867194754317,0.0224644151374125,0,0,57.99708454810496,408.648679561366,MX1;ISG15
GO_Biological_Process_2023,Type II Interferon-Mediated Signaling Pathway (GO:0060333),2/9,0.000870867194754317,0.0224644151374125,0,0,57.99708454810496,408.648679561366,STAT1;JAK2
GO_Biological_Process_2023,Tumor Necrosis Factor-Mediated Signaling Pathway (GO:0033209),3/38,0.0009010656627178086,0.0227268783818825,0,0,17.55375552282769,123.08574753825548,STAT1;JAK2;TNFRSF1B
GO_Biological_Process_2023,Regulation Of Type II Interferon Production (GO:0032649),4/87,0.0009530771662039316,0.023487966630083,0,0,9.948293172690764,69.19848374830829,CLEC7A;SLC11A1;ISG15;JAK2
GO_Biological_Process_2023,Regulation Of Nitric Oxide Biosynthetic Process (GO:0045428),3/39,0.0009726294551664332,0.023487966630083,0,0,17.06529209621993,118.35645919802704,CLEC7A;CD36;JAK2
GO_Biological_Process_2023,Apoptotic Process (GO:0006915),6/228,0.0010044674852711,0.0237514707454747,0,0,5.6578493387004025,39.057818571788616,NOTCH2;PLSCR1;MX1;JAK2;STK3;TLR2
GO_Biological_Process_2023,Cellular Response To Interleukin-12 (GO:0071349),2/10,0.0010850384206118,0.0241474236744011,0,0,50.74489795918368,346.39177176286466,JAK2;PLCB1
GO_Biological_Process_2023,Cellular Response To Interleukin-15 (GO:0071350),2/10,0.0010850384206118,0.0241474236744011,0,0,50.74489795918368,346.39177176286466,IL15;PLCB1
GO_Biological_Process_2023,Interleukin-15-Mediated Signaling Pathway (GO:0035723),2/10,0.0010850384206118,0.0241474236744011,0,0,50.74489795918368,346.39177176286466,IL15;PLCB1
GO_Biological_Process_2023,Lipoprotein Transport (GO:0042953),2/11,0.0013218400851343,0.0288517018582198,0,0,45.10430839002267,298.984305122014,VMP1;CD36
GO_Biological_Process_2023,Antiviral Innate Immune Response (GO:0140374),3/46,0.0015751859953084,0.0326270216563727,0,0,14.282186526012946,92.16840432528492,MX1;TRIM25;EIF2AK2
GO_Biological_Process_2023,Adipose Tissue Development (GO:0060612),2/12,0.0015810451022911,0.0326270216563727,0,0,40.59183673469388,261.8039188938469,SPTLC2;NAMPT
GO_Biological_Process_2023,Lipoprotein Localization (GO:0044872),2/12,0.0015810451022911,0.0326270216563727,0,0,40.59183673469388,261.8039188938469,VMP1;CD36
GO_Biological_Process_2023,Positive Regulation Of T-helper 17 Type Immune Response (GO:2000318),2/13,0.0018624280503563,0.0370090059450567,0,0,36.89981447124304,231.94759321375395,CLEC7A;JAK2
GO_Biological_Process_2023,Regulation Of T-helper 17 Type Immune Response (GO:2000316),2/13,0.0018624280503563,0.0370090059450567,0,0,36.89981447124304,231.94759321375395,CLEC7A;JAK2
GO_Biological_Process_2023,Interferon-Mediated Signaling Pathway (GO:0140888),3/49,0.0018912091143729,0.0370090059450567,0,0,13.348722545943524,83.70368414188104,HCK;STAT1;JAK2
GO_Biological_Process_2023,Positive Regulation Of Metabolic Process (GO:0009893),4/108,0.0021185340006459,0.0402294006275399,0,0,7.931089743589744,48.83196492833459,ACSL1;CLEC7A;CD36;JAK2
GO_Biological_Process_2023,Positive Regulation Of Wnt Signaling Pathway (GO:0030177),4/109,0.002190905833532,0.0402294006275399,0,0,7.85515873015873,48.10059473035339,ZEB2;LRRK2;DISC1;TLR2
GO_Biological_Process_2023,Regulation Of Wnt Signaling Pathway (GO:0030111),4/109,0.002190905833532,0.0402294006275399,0,0,7.85515873015873,48.10059473035339,GNAQ;LRRK2;DISC1;TLR2
GO_Biological_Process_2023,Positive Regulation Of Signal Transduction (GO:0009967),6/266,0.002197553162033,0.0402294006275399,0,0,4.8216039279869065,29.51019644870624,CTBP2;LRRK2;JAK2;DISC1;CTSS;TLR2
GO_Biological_Process_2023,Response To Lipid (GO:0033993),4/110,0.00226496676348,0.0408053535960298,0,0,7.78066037735849,47.38574043722996,SLC11A1;IRAK3;CD36;JAK2
GO_Biological_Process_2023,Negative Regulation Of Phagocytosis (GO:0050765),2/15,0.0024908343052083,0.0441733896314287,0,0,31.21978021978022,187.16687708215863,PLSCR1;TLR2
GO_Biological_Process_2023,Regulation Of Interleukin-6 Production (GO:0032675),4/114,0.0025784986150308,0.044643469598641,0,0,7.496212121212121,44.681532028702,CLEC7A;IRAK3;IL17RA;TLR2
GO_Biological_Process_2023,Endocytosis (GO:0006897),5/189,0.0026071788481045,0.044643469598641,0,0,5.639588100686499,33.55265351508133,SLC11A1;DENND1A;LRRK2;PECAM1;CD36
GO_Biological_Process_2023,Positive Regulation Of Tyrosine Phosphorylation Of STAT Protein (GO:0042531),3/55,0.0026353413771885,0.044643469598641,0,0,11.804916732751783,70.10636130554923,IL15;JAK2;PARP14
GO_Biological_Process_2023,Modification-Dependent Protein Catabolic Process (GO:0019941),5/192,0.002790244936367,0.0465724706290668,0,0,5.548269068392908,32.632843031688054,RNF213;TRIM25;ISG15;RNF130;TNFSF13B
GO_Biological_Process_2023,Protein Localization To Mitochondrion (GO:0070585),2/16,0.0028374149918175,0.0466734205175792,0,0,28.988338192419825,170.01259891772904,LRRK2;ISG15
GO_Biological_Process_2023,Regulation Of Protein-Containing Complex Assembly (GO:0043254),4/119,0.0030107863925517,0.0476730677090687,0,0,7.168478260869565,41.61698745750336,HCK;CLEC7A;EIF2AK2;CD36
GO_Biological_Process_2023,Cellular Response To Tumor Necrosis Factor (GO:0071356),4/119,0.0030107863925517,0.0476730677090687,0,0,7.168478260869565,41.61698745750336,STAT1;LRRK2;JAK2;TNFRSF1B
GO_Biological_Process_2023,Selective Autophagy (GO:0061912),3/58,0.0030661973063982,0.0476730677090687,0,0,11.159325210871602,64.58255414819172,RNF213;WDFY3;STK3
GO_Biological_Process_2023,Regulation Of Bone Mineralization (GO:0030500),3/58,0.0030661973063982,0.0476730677090687,0,0,11.159325210871602,64.58255414819172,SRGN;ISG15;SLC8A1
GO_Biological_Process_2023,G Protein-Coupled Acetylcholine Receptor Signaling Pathway (GO:0007213),2/17,0.0032052883489498,0.0480708629474947,0,0,27.05442176870748,155.3722787250682,GNAQ;PLCB1
GO_Biological_Process_2023,NAD Biosynthetic Process (GO:0009435),2/17,0.0032052883489498,0.0480708629474947,0,0,27.05442176870748,155.3722787250682,KYNU;NAMPT
GO_Biological_Process_2023,Negative Regulation Of Cytokine-Mediated Signaling Pathway (GO:0001960),3/59,0.0032188419242375,0.0480708629474947,0,0,10.959499263622977,62.89364704662167,IRAK3;ISG15;PARP14
GO_Biological_Process_2023,Positive Regulation Of Multicellular Organismal Process (GO:0051240),7/387,0.0032989941772572,0.0486280310543764,0,0,3.8664402942840974,22.09337206377189,ACSL1;IL15;SLC11A1;EIF2AK2;CD36;JAK2;PLCB1
GO_Biological_Process_2023,Positive Regulation Of Defense Response (GO:0031349),4/124,0.0034901927235166,0.0494548328733982,0,0,6.868055555555555,38.85807320211981,PLSCR1;IL15;IL17RA;TLR2
GO_Biological_Process_2023,Positive Regulation Of Interleukin-8 Production (GO:0032757),3/61,0.003537936569638,0.0494548328733982,0,0,10.580519018841096,59.718688304120505,FCN1;CLEC7A;TLR2
GO_Biological_Process_2023,Positive Regulation Of Cytokine Production Involved In Inflammatory Response (GO:1900017),2/18,0.003594237117374,0.0494548328733982,0,0,25.362244897959183,142.7494556250508,CLEC7A;IL17RA
GO_Biological_Process_2023,Positive Regulation Of Neuroblast Proliferation (GO:0002052),2/18,0.003594237117374,0.0494548328733982,0,0,25.362244897959183,142.7494556250508,VCAN;DISC1
GO_Biological_Process_2023,Protein Phosphorylation (GO:0006468),8/500,0.0036025707746439,0.0494548328733982,0,0,3.4301873453517144,19.298603039264496,HCK;GRK3;LRRK2;EIF2AK2;IRAK3;JAK2;STK3;TLR2
GO_Biological_Process_2023,Defense Response To Bacterium (GO:0042742),5/204,0.0036165208180546,0.0494548328733982,0,0,5.2105263157894735,29.2948441427856,RNF213;SLC11A1;ISG15;LYST;TLR2
GO_Biological_Process_2023,Regulation Of Tumor Necrosis Factor Production (GO:0032680),4/127,0.0038014416802705,0.0513647179417508,0,0,6.699525745257453,37.33226906896701,CLEC7A;IRAK3;JAK2;TLR2
GO_Biological_Process_2023,Superoxide Anion Generation (GO:0042554),2/19,0.0040040456388033,0.0522366873568021,0,0,23.869147659063625,131.7684366549516,NCF2;CYBB
GO_Biological_Process_2023,Interleukin-1-Mediated Signaling Pathway (GO:0070498),2/19,0.0040040456388033,0.0522366873568021,0,0,23.869147659063625,131.7684366549516,IRAK3;PLCB1
GO_Biological_Process_2023,Mesoderm Development (GO:0007498),2/19,0.0040040456388033,0.0522366873568021,0,0,23.869147659063625,131.7684366549516,HCK;JAK2
GO_Biological_Process_2023,Positive Regulation Of Type I Interferon Production (GO:0032481),3/64,0.004051724989556,0.0522580438993873,0,0,10.058644583403751,55.40917594097984,STAT1;ISG15;TLR2
GO_Biological_Process_2023,Positive Regulation Of Peptidyl-Tyrosine Phosphorylation (GO:0050731),4/130,0.0041310093403358,0.0526819730481031,0,0,6.539021164021164,35.89421409310356,IL15;PECAM1;PARP14;JAK2
GO_Biological_Process_2023,Regulation Of Tyrosine Phosphorylation Of STAT Protein (GO:0042509),3/65,0.0042325222263702,0.0533768080770028,0,0,9.895909544396408,54.0807220421003,IL15;JAK2;PARP14
GO_Biological_Process_2023,Negative Regulation Of Viral Life Cycle (GO:1903901),2/20,0.004434499847536,0.054708231814711,0,0,22.54195011337869,122.13995997533476,FCN1;BST2
GO_Biological_Process_2023,Pulmonary Valve Development (GO:0003177),2/20,0.004434499847536,0.054708231814711,0,0,22.54195011337869,122.13995997533476,NOTCH2;TNFRSF1B
GO_Biological_Process_2023,Peptidyl-Tyrosine Phosphorylation (GO:0018108),3/67,0.0046086500826343,0.0562453531590317,0,0,9.58569587628866,51.56932115539997,HCK;IL15;JAK2
GO_Biological_Process_2023,Purine Nucleotide Biosynthetic Process (GO:0006164),2/21,0.0048853872583166,0.0589884525339302,0,0,21.354457572502685,113.63788950907964,KYNU;NAMPT
GO_Biological_Process_2023,Phagocytosis (GO:0006909),3/69,0.0050044009602974,0.0591666155201833,0,0,9.294283036551075,49.23588406625014,SLC11A1;PECAM1;CD36
GO_Biological_Process_2023,Response To Molecule Of Bacterial Origin (GO:0002237),3/69,0.0050044009602974,0.0591666155201833,0,0,9.294283036551075,49.23588406625014,SLC11A1;IRAK3;JAK2
GO_Biological_Process_2023,Regulation Of Actin Filament Polymerization (GO:0030833),3/70,0.0052097235794995,0.0607962404702648,0,0,9.155100784736112,48.13045658628783,HCK;COTL1;MEGF9
GO_Biological_Process_2023,NAD Metabolic Process (GO:0019674),2/22,0.0053564969577325,0.0607962404702648,0,0,20.285714285714285,106.08302856731788,KYNU;NAMPT
GO_Biological_Process_2023,Acetylcholine Receptor Signaling Pathway (GO:0095500),2/22,0.0053564969577325,0.0607962404702648,0,0,20.285714285714285,106.08302856731788,GNAQ;PLCB1
GO_Biological_Process_2023,Cellular Response To Interferon-Beta (GO:0035458),2/22,0.0053564969577325,0.0607962404702648,0,0,20.285714285714285,106.08302856731788,STAT1;MNDA
GO_Biological_Process_2023,Positive Regulation Of Cell-Substrate Adhesion (GO:0010811),3/71,0.0054200564280536,0.0609085549093153,0,0,9.020012128562763,47.06325773617709,DOCK5;CD36;JAK2
GO_Biological_Process_2023,Second-Messenger-Mediated Signaling (GO:0019932),3/72,0.0056354324907242,0.0627079987938434,0,0,8.888839085611833,46.03246549484361,MCTP1;LRRK2;CD36
GO_Biological_Process_2023,Phosphorylation (GO:0016310),7/429,0.005761625118072,0.0634897525146773,0,0,3.4741374917189014,17.91451402191253,HCK;GRK3;LRRK2;EIF2AK2;IRAK3;JAK2;STK3
GO_Biological_Process_2023,Long-Chain Fatty Acid Transport (GO:0015909),2/23,0.0058476195920622,0.0638177715095257,0,0,19.318756073858115,99.33164622370634,ACSL1;CD36
GO_Biological_Process_2023,Positive Regulation Of Lymphocyte Proliferation (GO:0050671),3/74,0.006081441880416,0.0657374908025921,0,0,8.637578045593147,44.07335823715741,IL15;JAK2;TNFSF13B
GO_Biological_Process_2023,Regulation Of Cold-Induced Thermogenesis (GO:0120161),4/146,0.0062180695742672,0.0665802732716348,0,0,5.797535211267606,29.45319365798237,ACSL1;IL15;CD36;JAK2
GO_Biological_Process_2023,Positive Regulation Of Neurogenesis (GO:0050769),3/75,0.0063121368856795,0.0668236227265417,0,0,8.517182130584192,43.1419208970586,VCAN;NUMB;DISC1
GO_Biological_Process_2023,Positive Regulation Of Interleukin-17 Production (GO:0032740),2/24,0.0063585473607634,0.0668236227265417,0,0,18.43970315398887,93.26719485343038,IL15;JAK2
GO_Biological_Process_2023,Positive Regulation Of Interleukin-6 Production (GO:0032755),3/76,0.00654799848395,0.0681832869659021,0,0,8.400084733794662,42.24063124042488,CLEC7A;IL17RA;TLR2
GO_Biological_Process_2023,Monoatomic Cation Homeostasis (GO:0055080),3/77,0.0067890554235683,0.0685885876597545,0,0,8.286152131512956,41.36814601724816,SLC11A1;TMTC2;SLC8A1
GO_Biological_Process_2023,Regulation Of T Cell Proliferation (GO:0042129),3/77,0.0067890554235683,0.0685885876597545,0,0,8.286152131512956,41.36814601724816,IL15;JAK2;TNFRSF1B
GO_Biological_Process_2023,Regulation Of Myelination (GO:0031641),2/25,0.0068890740028299,0.0685885876597545,0,0,17.637089618456077,87.79423275712823,TNFRSF1B;TYMP
GO_Biological_Process_2023,Secretory Granule Organization (GO:0033363),2/25,0.0068890740028299,0.0685885876597545,0,0,17.637089618456077,87.79423275712823,SRGN;LYST
GO_Biological_Process_2023,Regulation Of Actin Cytoskeleton Reorganization (GO:2000249),2/25,0.0068890740028299,0.0685885876597545,0,0,17.637089618456077,87.79423275712823,NOTCH2;HCK
GO_Biological_Process_2023,Positive Regulation Of Tumor Necrosis Factor Production (GO:0032760),3/78,0.0070353356395665,0.0694357039209391,0,0,8.175257731958762,40.523198294001766,CLEC7A;JAK2;TLR2
GO_Biological_Process_2023,Positive Regulation Of Endocytosis (GO:0045807),3/79,0.0072868662544485,0.0712982172310272,0,0,8.067281606077048,39.70459220465128,IL15;CLEC7A;SLC11A1
GO_Biological_Process_2023,Positive Regulation Of Response To External Stimulus (GO:0032103),4/155,0.0076537056916765,0.0742474868380592,0,0,5.449503311258278,26.553060978024,PLSCR1;IL15;IL17RA;TLR2
GO_Biological_Process_2023,Positive Regulation Of Programmed Cell Death (GO:0043068),5/245,0.0077668074471035,0.0744501168781506,0,0,4.31140350877193,20.94435020890023,CLEC7A;LRRK2;MNDA;ATG7;STK3
GO_Biological_Process_2023,Regulation Of Interleukin-8 Production (GO:0032677),3/81,0.007805783179295,0.0744501168781506,0,0,7.859635210150674,38.141948154855065,FCN1;CLEC7A;TLR2
GO_Biological_Process_2023,Positive Regulation Of Nitric Oxide Biosynthetic Process (GO:0045429),2/27,0.0080081065105895,0.0751074134439282,0,0,16.224489795918366,78.32049478663112,CLEC7A;CD36
GO_Biological_Process_2023,Regulation Of Actin Polymerization Or Depolymerization (GO:0008064),2/27,0.0080081065105895,0.0751074134439282,0,0,16.224489795918366,78.32049478663112,COTL1;MEGF9
GO_Biological_Process_2023,Positive Regulation Of Tumor Necrosis Factor Superfamily Cytokine Production (GO:1903557),3/82,0.0080732197710654,0.0751074134439282,0,0,7.759754665274697,37.39583215487946,CLEC7A;JAK2;TLR2
GO_Biological_Process_2023,Response To Lipopolysaccharide (GO:0032496),4/159,0.0083562740420879,0.0771087076241451,0,0,5.307795698924731,25.396436404946197,SLC11A1;IRAK3;JAK2;TNFRSF1B
GO_Biological_Process_2023,Regulation Of Platelet Activation (GO:0010543),2/28,0.008596207471144,0.0780535638379876,0,0,15.599686028257455,74.19887958363982,GNAQ;JAK2
GO_Biological_Process_2023,Positive Regulation Of Nitric Oxide Metabolic Process (GO:1904407),2/28,0.008596207471144,0.0780535638379876,0,0,15.599686028257455,74.19887958363982,CLEC7A;CD36
GO_Biological_Process_2023,Calcium-Mediated Signaling (GO:0019722),3/85,0.008907727513708,0.0796295610171752,0,0,7.474729695750566,35.28697392743489,MCTP1;LRRK2;SLC8A1
GO_Biological_Process_2023,Protein Autophosphorylation (GO:0046777),4/162,0.0089100918494989,0.0796295610171752,0,0,5.206223628691983,24.576346870058785,HCK;LRRK2;EIF2AK2;JAK2
GO_Biological_Process_2023,Negative Regulation Of Binding (GO:0051100),3/86,0.0091967042793181,0.0801341659394296,0,0,7.384300086945721,34.62431918243145,LRRK2;JAK2;DISC1
GO_Biological_Process_2023,Positive Regulation Of Neural Precursor Cell Proliferation (GO:2000179),2/29,0.0092030974751143,0.0801341659394296,0,0,15.02116402116402,70.4224490277819,VCAN;DISC1
GO_Biological_Process_2023,Vacuolar Acidification (GO:0007035),2/29,0.0092030974751143,0.0801341659394296,0,0,15.02116402116402,70.4224490277819,SLC11A1;DMXL2
GO_Biological_Process_2023,Protein Modification Process (GO:0036211),9/711,0.009248965407987,0.0801341659394296,0,0,2.704705550859397,12.666794910905416,PTPRE;HCK;GRK3;LRRK2;EIF2AK2;IRAK3;JAK2;ATG7;STK3
GO_Biological_Process_2023,Positive Regulation Of Interleukin-10 Production (GO:0032733),2/30,0.0098285778207101,0.0832495210933284,0,0,14.48396501457726,66.95156387938638,CLEC7A;ISG15
GO_Biological_Process_2023,Innate Immune Response Activating Cell Surface Receptor Signaling Pathway (GO:0002220),2/30,0.0098285778207101,0.0832495210933284,0,0,14.48396501457726,66.95156387938638,FCN1;CLEC7A
GO_Biological_Process_2023,Regulation Of Calcium-Mediated Signaling (GO:0050848),2/30,0.0098285778207101,0.0832495210933284,0,0,14.48396501457726,66.95156387938638,CLEC7A;LRRK2
GO_Biological_Process_2023,Positive Regulation Of Gene Expression (GO:0010628),7/480,0.0103610638559697,0.085512461931983,0,0,3.091431948896315,14.126917685529351,PLSCR1;CLEC7A;IL15;SLC11A1;EIF2AK2;CD36;TLR2
GO_Biological_Process_2023,Regulation Of Peptidyl-Tyrosine Phosphorylation (GO:0050730),3/90,0.0104072034150417,0.085512461931983,0,0,7.043370067543548,32.15479504350625,IL15;PECAM1;JAK2
GO_Biological_Process_2023,Actin Filament Polymerization (GO:0030041),2/31,0.0104724512850622,0.085512461931983,0,0,13.983814215341308,63.75230908786907,JAK2;GAS7
GO_Biological_Process_2023,Phospholipid Translocation (GO:0045332),2/31,0.0104724512850622,0.085512461931983,0,0,13.983814215341308,63.75230908786907,PLSCR1;ATP11A
GO_Biological_Process_2023,Receptor Signaling Pathway Via STAT (GO:0097696),2/31,0.0104724512850622,0.085512461931983,0,0,13.983814215341308,63.75230908786907,STAT1;JAK2
GO_Biological_Process_2023,Positive Regulation Of Cell Population Proliferation (GO:0008284),7/483,0.010696516402337,0.0863209523054987,0,0,3.0714737507906387,13.93784772352692,BST2;HCK;CLEC7A;IL15;STAT1;NAMPT;JAK2
GO_Biological_Process_2023,Regulation Of Actin Cytoskeleton Organization (GO:0032956),3/91,0.0107235720485245,0.0863209523054987,0,0,6.9629803186504216,31.57928099076808,NOTCH2;BST2;HCK
GO_Biological_Process_2023,Positive Regulation Of Protein Catabolic Process (GO:0045732),3/92,0.0110454740818408,0.088286007625981,0,0,6.884397080968377,31.019265579000628,TNFRSF1B;ATG7;TNFSF13B
GO_Biological_Process_2023,Intracellular pH Reduction (GO:0051452),2/32,0.0111345221222248,0.0883754028582184,0,0,13.517006802721088,60.79550767481704,SLC11A1;DMXL2
GO_Biological_Process_2023,Regulation Of Protein Polymerization (GO:0032271),2/33,0.0118145960439167,0.091846345957846,0,0,13.08031599736669,58.0559303610333,COTL1;MEGF9
GO_Biological_Process_2023,Regulation Of Type I Interferon-Mediated Signaling Pathway (GO:0060338),2/33,0.0118145960439167,0.091846345957846,0,0,13.08031599736669,58.0559303610333,RBM47;ISG15
GO_Biological_Process_2023,Regulation Of NLRP3 Inflammasome Complex Assembly (GO:1900225),2/33,0.0118145960439167,0.091846345957846,0,0,13.08031599736669,58.0559303610333,EIF2AK2;CD36
GO_Biological_Process_2023,Negative Regulation Of Cytokine Production (GO:0001818),4/178,0.0122692683106663,0.0947321056639883,0,0,4.7236590038314175,20.787206152080348,SRGN;SLC11A1;IRAK3;XAF1
GO_Biological_Process_2023,Regulation Of Interleukin-17 Production (GO:0032660),2/34,0.0125124802245355,0.0953131882875695,0,0,12.67091836734694,55.51165721021778,IL15;JAK2
GO_Biological_Process_2023,Superoxide Metabolic Process (GO:0006801),2/34,0.0125124802245355,0.0953131882875695,0,0,12.67091836734694,55.51165721021778,NCF2;CYBB
GO_Biological_Process_2023,Monocarboxylic Acid Metabolic Process (GO:0032787),3/97,0.0127385466637258,0.0963883364221919,0,0,6.516560649265189,28.432553772777887,KYNU;CD36;AOAH
GO_Biological_Process_2023,Positive Regulation Of Cold-Induced Thermogenesis (GO:0120162),3/98,0.0130939766052085,0.096862974283883,0,0,6.447639717851329,27.954405817650997,ACSL1;CD36;JAK2
GO_Biological_Process_2023,Positive Regulation Of Protein-Containing Complex Assembly (GO:0031334),3/98,0.0130939766052085,0.096862974283883,0,0,6.447639717851329,27.954405817650997,CLEC7A;ISG15;CD36
GO_Biological_Process_2023,Positive Regulation Of Cell Development (GO:0010720),2/35,0.0132279832722483,0.096862974283883,0,0,12.286332714904145,53.14355844722063,CLEC7A;NUMB
GO_Biological_Process_2023,Glutamate Receptor Signaling Pathway (GO:0007215),2/35,0.0132279832722483,0.096862974283883,0,0,12.286332714904145,53.14355844722063,GNAQ;PLCB1
GO_Biological_Process_2023,Macrophage Activation (GO:0042116),2/35,0.0132279832722483,0.096862974283883,0,0,12.286332714904145,53.14355844722063,SLC11A1;JAK2
GO_Biological_Process_2023,Positive Regulation Of Interferon-Beta Production (GO:0032728),2/36,0.0139609152364795,0.1015746076500276,0,0,11.92436974789916,50.93486932982207,ISG15;TLR2
GO_Biological_Process_2023,Positive Regulation Of Inflammatory Response (GO:0050729),3/104,0.0153453232940326,0.1084437377081107,0,0,6.06277431866898,25.323871983150248,IL15;IL17RA;TLR2
GO_Biological_Process_2023,Regulation Of Intracellular Transport (GO:0032386),2/38,0.0154783132235365,0.1084437377081107,0,0,11.260770975056689,46.9384448645158,LRRK2;MX2
GO_Biological_Process_2023,Regulation Of Neurotransmitter Secretion (GO:0046928),2/38,0.0154783132235365,0.1084437377081107,0,0,11.260770975056689,46.9384448645158,MCTP1;LRRK2
GO_Biological_Process_2023,Connective Tissue Development (GO:0061448),2/38,0.0154783132235365,0.1084437377081107,0,0,11.260770975056689,46.9384448645158,SPTLC2;NAMPT
GO_Biological_Process_2023,Positive Regulation Of Bone Mineralization (GO:0030501),2/38,0.0154783132235365,0.1084437377081107,0,0,11.260770975056689,46.9384448645158,ISG15;SLC8A1
GO_Biological_Process_2023,Fatty Acid Transport (GO:0015908),2/38,0.0154783132235365,0.1084437377081107,0,0,11.260770975056689,46.9384448645158,ACSL1;CD36
GO_Biological_Process_2023,Regulation Of Signal Transduction (GO:0009966),4/193,0.0160717407971991,0.111910587759638,0,0,4.345458553791887,17.949754270462787,PLSCR1;LRRK2;CD36;PLCB1
GO_Biological_Process_2023,Positive Regulation Of ATP-dependent Activity (GO:0032781),2/39,0.0162624064321538,0.1125477518322841,0,0,10.955874241588528,45.126141525786544,VMP1;PLSCR1
GO_Biological_Process_2023,Regulation Of Intracellular Signal Transduction (GO:1902531),5/297,0.0167421424105355,0.1151656462785326,0,0,3.5342465753424657,14.45445438457311,FGD4;CLEC7A;LRRK2;ARHGAP26;STK3
GO_Biological_Process_2023,Notch Signaling Pathway (GO:0007219),2/40,0.0170631829128301,0.1166669434100133,0,0,10.66702470461869,43.42366746060685,NOTCH2;MAML3
GO_Biological_Process_2023,Regulation Of Chemokine Production (GO:0032642),2/41,0.0178804597481127,0.1207995346077855,0,0,10.392987964416536,41.82186992516352,EIF2AK2;TLR2
GO_Biological_Process_2023,Positive Regulation Of Ossification (GO:0045778),2/41,0.0178804597481127,0.1207995346077855,0,0,10.392987964416536,41.82186992516352,ISG15;SLC8A1
GO_Biological_Process_2023,Negative Regulation Of Inflammatory Response (GO:0050728),3/111,0.0182312795363317,0.1224408418564292,0,0,5.6678121420389465,22.69741404703137,HCK;AOAH;TNFRSF1B
GO_Biological_Process_2023,Regulation Of Primary Metabolic Process (GO:0080090),2/43,0.0195637897091908,0.1288773169507489,0,0,9.885017421602788,38.888398778373954,RNF213;PSAP
GO_Biological_Process_2023,Positive Regulation Of Biomineral Tissue Development (GO:0070169),2/43,0.0195637897091908,0.1288773169507489,0,0,9.885017421602788,38.888398778373954,ISG15;SLC8A1
GO_Biological_Process_2023,Positive Regulation Of Cell-Matrix Adhesion (GO:0001954),2/43,0.0195637897091908,0.1288773169507489,0,0,9.885017421602788,38.888398778373954,CD36;RIN2
GO_Biological_Process_2023,Regulation Of Canonical Wnt Signaling Pathway (GO:0060828),4/207,0.0202238448517036,0.1288773169507489,0,0,4.042898193760263,15.770912991022987,ZEB2;GNAQ;LRRK2;STK3
GO_Biological_Process_2023,Regulation Of Viral Entry Into Host Cell (GO:0046596),2/44,0.0204294838615153,0.1288773169507489,0,0,9.649173955296405,37.54277574025534,FCN1;TRIM25
GO_Biological_Process_2023,Positive Regulation Of Cytokine-Mediated Signaling Pathway (GO:0001961),2/44,0.0204294838615153,0.1288773169507489,0,0,9.649173955296405,37.54277574025534,RBM47;PARP14
GO_Biological_Process_2023,Regulation Of B Cell Proliferation (GO:0030888),2/44,0.0204294838615153,0.1288773169507489,0,0,9.649173955296405,37.54277574025534,MNDA;TNFSF13B
GO_Biological_Process_2023,Positive Regulation Of Innate Immune Response (GO:0045089),2/45,0.0213109604144821,0.1288773169507489,0,0,9.424299952539156,36.26973658038426,RBM47;PLSCR1
GO_Biological_Process_2023,Regulation Of Protein Binding (GO:0043393),3/118,0.0213987474323764,0.1288773169507489,0,0,5.3209323173464815,20.455913996227693,LRRK2;DISC1;STK3
GO_Biological_Process_2023,Regulation Of Cytokine Production Involved In Inflammatory Response (GO:1900015),2/46,0.0222080432575084,0.1288773169507489,0,0,9.20964749536178,35.063897787087264,CLEC7A;IL17RA
GO_Biological_Process_2023,Regulation Of Interleukin-10 Production (GO:0032653),2/46,0.0222080432575084,0.1288773169507489,0,0,9.20964749536178,35.063897787087264,CLEC7A;ISG15
GO_Biological_Process_2023,Regulation Of Nervous System Development (GO:0051960),2/46,0.0222080432575084,0.1288773169507489,0,0,9.20964749536178,35.063897787087264,TNFRSF1B;TYMP
GO_Biological_Process_2023,Epithelial Cell Migration (GO:0010631),2/46,0.0222080432575084,0.1288773169507489,0,0,9.20964749536178,35.063897787087264,ZEB2;STAT1
GO_Biological_Process_2023,Response To Organonitrogen Compound (GO:0010243),2/47,0.0231205576171507,0.1288773169507489,0,0,9.004535147392291,33.92038210413699,KYNU;IRAK3
GO_Biological_Process_2023,Protein Monoubiquitination (GO:0006513),2/47,0.0231205576171507,0.1288773169507489,0,0,9.004535147392291,33.92038210413699,TRIM25;TNFSF13B
GO_Biological_Process_2023,Regulation Of Protein Catabolic Process (GO:0042176),3/122,0.0233355709159096,0.1288773169507489,0,0,5.141037858442346,19.318870909741264,IRAK3;ATG7;TNFSF13B
GO_Biological_Process_2023,Fatty Acid Metabolic Process (GO:0006631),3/122,0.0233355709159096,0.1288773169507489,0,0,5.141037858442346,19.318870909741264,ACSL1;CD36;AOAH
GO_Biological_Process_2023,Positive Regulation Of Macromolecule Biosynthetic Process (GO:0010557),3/122,0.0233355709159096,0.1288773169507489,0,0,5.141037858442346,19.318870909741264,NAMPT;JAK2;TLR2
GO_Biological_Process_2023,Cellular Defense Response (GO:0006968),2/48,0.0240483300532171,0.1288773169507489,0,0,8.808340727595386,32.83476119194659,NCF2;MNDA
GO_Biological_Process_2023,Positive Regulation Of Reactive Oxygen Species Metabolic Process (GO:2000379),2/48,0.0240483300532171,0.1288773169507489,0,0,8.808340727595386,32.83476119194659,CLEC7A;CD36
GO_Biological_Process_2023,Negative Regulation Of Excitatory Postsynaptic Potential (GO:0090394),1/5,0.0247535287182936,0.1288773169507489,0,0,50.24242424242424,185.83603697375267,LRRK2
GO_Biological_Process_2023,C-terminal Protein Lipidation (GO:0006501),1/5,0.0247535287182936,0.1288773169507489,0,0,50.24242424242424,185.83603697375267,ATG7
GO_Biological_Process_2023,Regulation Of Endothelial Cell-Matrix Adhesion Via Fibronectin (GO:1904904),1/5,0.0247535287182936,0.1288773169507489,0,0,50.24242424242424,185.83603697375267,RIN2
GO_Biological_Process_2023,ISG15-protein Conjugation (GO:0032020),1/5,0.0247535287182936,0.1288773169507489,0,0,50.24242424242424,185.83603697375267,ISG15
GO_Biological_Process_2023,Regulation Of Growth Hormone Receptor Signaling Pathway (GO:0060398),1/5,0.0247535287182936,0.1288773169507489,0,0,50.24242424242424,185.83603697375267,JAK2
GO_Biological_Process_2023,Regulation Of Hematopoietic Stem Cell Proliferation (GO:1902033),1/5,0.0247535287182936,0.1288773169507489,0,0,50.24242424242424,185.83603697375267,EIF2AK2
GO_Biological_Process_2023,Regulation Of Morphogenesis Of A Branching Structure (GO:0060688),1/5,0.0247535287182936,0.1288773169507489,0,0,50.24242424242424,185.83603697375267,LRRK2
GO_Biological_Process_2023,"Regulation Of Retrograde Transport, Endosome To Golgi (GO:1905279)",1/5,0.0247535287182936,0.1288773169507489,0,0,50.24242424242424,185.83603697375267,LRRK2
GO_Biological_Process_2023,Cellular Response To Lipoteichoic Acid (GO:0071223),1/5,0.0247535287182936,0.1288773169507489,0,0,50.24242424242424,185.83603697375267,TLR2
GO_Biological_Process_2023,Regulation Of Transmission Of Nerve Impulse (GO:0051969),1/5,0.0247535287182936,0.1288773169507489,0,0,50.24242424242424,185.83603697375267,TYMP
GO_Biological_Process_2023,Positive Regulation Of NK T Cell Proliferation (GO:0051142),1/5,0.0247535287182936,0.1288773169507489,0,0,50.24242424242424,185.83603697375267,JAK2
GO_Biological_Process_2023,Cholesterol Import (GO:0070508),1/5,0.0247535287182936,0.1288773169507489,0,0,50.24242424242424,185.83603697375267,CD36
GO_Biological_Process_2023,Positive Regulation Of Antigen Processing And Presentation (GO:0002579),1/5,0.0247535287182936,0.1288773169507489,0,0,50.24242424242424,185.83603697375267,SLC11A1
GO_Biological_Process_2023,Response To Lipoteichoic Acid (GO:0070391),1/5,0.0247535287182936,0.1288773169507489,0,0,50.24242424242424,185.83603697375267,TLR2
GO_Biological_Process_2023,Response To Manganese Ion (GO:0010042),1/5,0.0247535287182936,0.1288773169507489,0,0,50.24242424242424,185.83603697375267,LRRK2
GO_Biological_Process_2023,Response To Peptidoglycan (GO:0032494),1/5,0.0247535287182936,0.1288773169507489,0,0,50.24242424242424,185.83603697375267,IRAK3
GO_Biological_Process_2023,Positive Regulation Of Dendritic Cell Antigen Processing And Presentation (GO:0002606),1/5,0.0247535287182936,0.1288773169507489,0,0,50.24242424242424,185.83603697375267,SLC11A1
GO_Biological_Process_2023,Positive Regulation Of Interleukin-18 Production (GO:0032741),1/5,0.0247535287182936,0.1288773169507489,0,0,50.24242424242424,185.83603697375267,TLR2
GO_Biological_Process_2023,Telencephalon Cell Migration (GO:0022029),1/5,0.0247535287182936,0.1288773169507489,0,0,50.24242424242424,185.83603697375267,LRRK2
GO_Biological_Process_2023,Forebrain Neuron Differentiation (GO:0021879),1/5,0.0247535287182936,0.1288773169507489,0,0,50.24242424242424,185.83603697375267,ZSWIM6
GO_Biological_Process_2023,Glomerulus Vasculature Development (GO:0072012),1/5,0.0247535287182936,0.1288773169507489,0,0,50.24242424242424,185.83603697375267,PECAM1
GO_Biological_Process_2023,Glycolipid Transport (GO:0046836),1/5,0.0247535287182936,0.1288773169507489,0,0,50.24242424242424,185.83603697375267,PSAP
GO_Biological_Process_2023,interleukin-17A-mediated Signaling Pathway (GO:0038173),1/5,0.0247535287182936,0.1288773169507489,0,0,50.24242424242424,185.83603697375267,IL17RA
GO_Biological_Process_2023,Interleukin-5-Mediated Signaling Pathway (GO:0038043),1/5,0.0247535287182936,0.1288773169507489,0,0,50.24242424242424,185.83603697375267,JAK2
GO_Biological_Process_2023,Positive Regulation Of Transcription Of Notch Receptor Target (GO:0007221),1/5,0.0247535287182936,0.1288773169507489,0,0,50.24242424242424,185.83603697375267,MAML3
GO_Biological_Process_2023,Mesenchymal Cell Differentiation Involved In Kidney Development (GO:0072161),1/5,0.0247535287182936,0.1288773169507489,0,0,50.24242424242424,185.83603697375267,STAT1
GO_Biological_Process_2023,Protein Modification By Small Protein Conjugation Or Removal (GO:0070647),1/5,0.0247535287182936,0.1288773169507489,0,0,50.24242424242424,185.83603697375267,ATG7
GO_Biological_Process_2023,Purine-Containing Compound Catabolic Process (GO:0072523),1/5,0.0247535287182936,0.1288773169507489,0,0,50.24242424242424,185.83603697375267,DPYD
GO_Biological_Process_2023,Negative Regulation Of Cellular Extravasation (GO:0002692),1/5,0.0247535287182936,0.1288773169507489,0,0,50.24242424242424,185.83603697375267,PLCB1
GO_Biological_Process_2023,Regulation Of Cell Communication (GO:0010646),2/49,0.0249911884332231,0.1295205427931883,0,0,8.620495006513243,31.803005852102093,SLC8A1;TYMP
GO_Biological_Process_2023,Cellular Response To Starvation (GO:0009267),3/126,0.0253646928571546,0.1303532691963465,0,0,4.972843852149862,18.272203113433356,LRRK2;EIF2AK2;ATG7
GO_Biological_Process_2023,Regulation Of Response To External Stimulus (GO:0032101),3/127,0.025886385384727,0.1303532691963465,0,0,4.932490854672431,18.023509556776776,HCK;CD36;JAK2
GO_Biological_Process_2023,Regulation Of Interferon-Beta Production (GO:0032648),2/50,0.025948961945953,0.1303532691963465,0,0,8.44047619047619,30.82144266223132,ISG15;TLR2
GO_Biological_Process_2023,Plasma Membrane Bounded Cell Projection Morphogenesis (GO:0120039),2/50,0.025948961945953,0.1303532691963465,0,0,8.44047619047619,30.82144266223132,LRRK2;GAS7
GO_Biological_Process_2023,Negative Regulation Of Gene Expression (GO:0010629),5/336,0.0267993805727423,0.1303532691963465,0,0,3.111623469550008,11.262136877130688,NOTCH2;SRGN;SLC11A1;EIF2AK2;PARP14
GO_Biological_Process_2023,Receptor Internalization (GO:0031623),2/51,0.0269214810715392,0.1303532691963465,0,0,8.26780508121616,29.886716110404755,GRK3;CD36
GO_Biological_Process_2023,Negative Regulation Of Innate Immune Response (GO:0045824),2/52,0.0279085775805053,0.1303532691963465,0,0,8.10204081632653,28.995755414400413,IRAK3;ISG15
GO_Biological_Process_2023,Actin Polymerization Or Depolymerization (GO:0008154),2/53,0.0289100845392208,0.1303532691963465,0,0,7.942777110844338,28.14574537420548,JAK2;GAS7
GO_Biological_Process_2023,Positive Regulation Of NIK/NF-kappaB Signaling (GO:1901224),2/53,0.0289100845392208,0.1303532691963465,0,0,7.942777110844338,28.14574537420548,EIF2AK2;TLR2
GO_Biological_Process_2023,mRNA Stabilization (GO:0048255),2/53,0.0289100845392208,0.1303532691963465,0,0,7.942777110844338,28.14574537420548,RBM47;SLC11A1
GO_Biological_Process_2023,Regulation Of I-kappaB kinase/NF-kappaB Signaling (GO:0043122),4/232,0.0291582650142166,0.1303532691963465,0,0,3.595029239766082,12.708489019482474,BST2;CLEC7A;STAT1;TRIM25
GO_Biological_Process_2023,Negative Regulation Of Establishment Of Protein Localization To Mitochondrion (GO:1903748),1/6,0.0296309633944118,0.1303532691963465,0,0,40.19191919191919,141.432767389918,LRRK2
GO_Biological_Process_2023,Regulation Of Digestive System Process (GO:0044058),1/6,0.0296309633944118,0.1303532691963465,0,0,40.19191919191919,141.432767389918,TYMP
GO_Biological_Process_2023,RIG-I Signaling Pathway (GO:0039529),1/6,0.0296309633944118,0.1303532691963465,0,0,40.19191919191919,141.432767389918,TRIM25
GO_Biological_Process_2023,Regulation Of Hemoglobin Biosynthetic Process (GO:0046984),1/6,0.0296309633944118,0.1303532691963465,0,0,40.19191919191919,141.432767389918,EIF2AK2
GO_Biological_Process_2023,Negative Regulation Of Response To Reactive Oxygen Species (GO:1901032),1/6,0.0296309633944118,0.1303532691963465,0,0,40.19191919191919,141.432767389918,LRRK2
GO_Biological_Process_2023,Negative Regulation Of Response To Type II Interferon (GO:0060331),1/6,0.0296309633944118,0.1303532691963465,0,0,40.19191919191919,141.432767389918,PARP14
GO_Biological_Process_2023,Aggrephagy (GO:0035973),1/6,0.0296309633944118,0.1303532691963465,0,0,40.19191919191919,141.432767389918,WDFY3
GO_Biological_Process_2023,Negative Regulation Of Type II Interferon-Mediated Signaling Pathway (GO:0060336),1/6,0.0296309633944118,0.1303532691963465,0,0,40.19191919191919,141.432767389918,PARP14
GO_Biological_Process_2023,Autophagosome Membrane Docking (GO:0016240),1/6,0.0296309633944118,0.1303532691963465,0,0,40.19191919191919,141.432767389918,VMP1
GO_Biological_Process_2023,Regulation Of Osteoclast Development (GO:2001204),1/6,0.0296309633944118,0.1303532691963465,0,0,40.19191919191919,141.432767389918,NOTCH2
GO_Biological_Process_2023,Nucleobase Catabolic Process (GO:0046113),1/6,0.0296309633944118,0.1303532691963465,0,0,40.19191919191919,141.432767389918,DPYD
GO_Biological_Process_2023,Cellular Response To Caffeine (GO:0071313),1/6,0.0296309633944118,0.1303532691963465,0,0,40.19191919191919,141.432767389918,SLC8A1
GO_Biological_Process_2023,Phospholipase C-activating Dopamine Receptor Signaling Pathway (GO:0060158),1/6,0.0296309633944118,0.1303532691963465,0,0,40.19191919191919,141.432767389918,GNAQ
GO_Biological_Process_2023,Cellular Response To Interleukin-9 (GO:0071355),1/6,0.0296309633944118,0.1303532691963465,0,0,40.19191919191919,141.432767389918,STAT1
GO_Biological_Process_2023,Polyamine Biosynthetic Process (GO:0006596),1/6,0.0296309633944118,0.1303532691963465,0,0,40.19191919191919,141.432767389918,SAT1
GO_Biological_Process_2023,Response To Caffeine (GO:0031000),1/6,0.0296309633944118,0.1303532691963465,0,0,40.19191919191919,141.432767389918,SLC8A1
GO_Biological_Process_2023,Response To Lead Ion (GO:0010288),1/6,0.0296309633944118,0.1303532691963465,0,0,40.19191919191919,141.432767389918,PLSCR1
GO_Biological_Process_2023,Positive Regulation Of Cysteine-Type Endopeptidase Activity Involved In Apoptotic Signaling Pathway (GO:2001269),1/6,0.0296309633944118,0.1303532691963465,0,0,40.19191919191919,141.432767389918,JAK2
GO_Biological_Process_2023,Positive Regulation Of Interleukin-23 Production (GO:0032747),1/6,0.0296309633944118,0.1303532691963465,0,0,40.19191919191919,141.432767389918,IL17RA
GO_Biological_Process_2023,Vascular Associated Smooth Muscle Contraction (GO:0014829),1/6,0.0296309633944118,0.1303532691963465,0,0,40.19191919191919,141.432767389918,SLC8A1
GO_Biological_Process_2023,White Fat Cell Differentiation (GO:0050872),1/6,0.0296309633944118,0.1303532691963465,0,0,40.19191919191919,141.432767389918,CTBP2
GO_Biological_Process_2023,Interleukin-3-Mediated Signaling Pathway (GO:0038156),1/6,0.0296309633944118,0.1303532691963465,0,0,40.19191919191919,141.432767389918,JAK2
GO_Biological_Process_2023,Interleukin-9-Mediated Signaling Pathway (GO:0038113),1/6,0.0296309633944118,0.1303532691963465,0,0,40.19191919191919,141.432767389918,STAT1
GO_Biological_Process_2023,Macrophage Derived Foam Cell Differentiation (GO:0010742),1/6,0.0296309633944118,0.1303532691963465,0,0,40.19191919191919,141.432767389918,STAT1
GO_Biological_Process_2023,Marginal Zone B Cell Differentiation (GO:0002315),1/6,0.0296309633944118,0.1303532691963465,0,0,40.19191919191919,141.432767389918,NOTCH2
GO_Biological_Process_2023,Protein Localization To Endoplasmic Reticulum Exit Site (GO:0070973),1/6,0.0296309633944118,0.1303532691963465,0,0,40.19191919191919,141.432767389918,LRRK2
GO_Biological_Process_2023,Mitochondrion-Endoplasmic Reticulum Membrane Tethering (GO:1990456),1/6,0.0296309633944118,0.1303532691963465,0,0,40.19191919191919,141.432767389918,VMP1
GO_Biological_Process_2023,Regulation Of NK T Cell Proliferation (GO:0051140),1/6,0.0296309633944118,0.1303532691963465,0,0,40.19191919191919,141.432767389918,JAK2
GO_Biological_Process_2023,Regulation Of Lipid Metabolic Process (GO:0019216),2/54,0.029925836282038,0.1306377853081274,0,0,7.789638932496075,27.33410071093129,RNF213;PSAP
GO_Biological_Process_2023,Peptidyl-Tyrosine Modification (GO:0018212),2/54,0.029925836282038,0.1306377853081274,0,0,7.789638932496075,27.33410071093129,HCK;JAK2
GO_Biological_Process_2023,Regulation Of Neuron Death (GO:1901214),2/58,0.0341280219187038,0.1383025542136771,0,0,7.231778425655976,24.426318589638807,LRRK2;TNFRSF1B
GO_Biological_Process_2023,Regulation Of Dopamine Receptor Signaling Pathway (GO:0060159),1/7,0.0344842492004146,0.1383025542136771,0,0,33.49158249158249,112.77461836050252,LRRK2
GO_Biological_Process_2023,Regulation Of Extracellular Matrix Constituent Secretion (GO:0003330),1/7,0.0344842492004146,0.1383025542136771,0,0,33.49158249158249,112.77461836050252,TNFRSF1B
GO_Biological_Process_2023,Negative Regulation Of Osteoblast Proliferation (GO:0033689),1/7,0.0344842492004146,0.1383025542136771,0,0,33.49158249158249,112.77461836050252,EIF2AK2
GO_Biological_Process_2023,Regulation Of Hydrogen Peroxide-Induced Cell Death (GO:1903205),1/7,0.0344842492004146,0.1383025542136771,0,0,33.49158249158249,112.77461836050252,LRRK2
GO_Biological_Process_2023,Regulation Of Leukocyte Proliferation (GO:0070663),1/7,0.0344842492004146,0.1383025542136771,0,0,33.49158249158249,112.77461836050252,JAK2
GO_Biological_Process_2023,Regulation Of Nitric Oxide Metabolic Process (GO:0080164),1/7,0.0344842492004146,0.1383025542136771,0,0,33.49158249158249,112.77461836050252,JAK2
GO_Biological_Process_2023,Benzene-Containing Compound Metabolic Process (GO:0042537),1/7,0.0344842492004146,0.1383025542136771,0,0,33.49158249158249,112.77461836050252,KYNU
GO_Biological_Process_2023,Cellular Modified Amino Acid Biosynthetic Process (GO:0042398),1/7,0.0344842492004146,0.1383025542136771,0,0,33.49158249158249,112.77461836050252,PLSCR1
GO_Biological_Process_2023,Plasma Membrane Phospholipid Scrambling (GO:0017121),1/7,0.0344842492004146,0.1383025542136771,0,0,33.49158249158249,112.77461836050252,PLSCR1
GO_Biological_Process_2023,Spermidine Metabolic Process (GO:0008216),1/7,0.0344842492004146,0.1383025542136771,0,0,33.49158249158249,112.77461836050252,SAT1
GO_Biological_Process_2023,Positive Regulation Of Isomerase Activity (GO:0010912),1/7,0.0344842492004146,0.1383025542136771,0,0,33.49158249158249,112.77461836050252,PLSCR1
GO_Biological_Process_2023,Foam Cell Differentiation (GO:0090077),1/7,0.0344842492004146,0.1383025542136771,0,0,33.49158249158249,112.77461836050252,STAT1
GO_Biological_Process_2023,Positive Regulation Of Melanin Biosynthetic Process (GO:0048023),1/7,0.0344842492004146,0.1383025542136771,0,0,33.49158249158249,112.77461836050252,ZEB2
GO_Biological_Process_2023,Tryptophan Catabolic Process (GO:0006569),1/7,0.0344842492004146,0.1383025542136771,0,0,33.49158249158249,112.77461836050252,KYNU
GO_Biological_Process_2023,Tryptophan Metabolic Process (GO:0006568),1/7,0.0344842492004146,0.1383025542136771,0,0,33.49158249158249,112.77461836050252,KYNU
GO_Biological_Process_2023,Positive Regulation Of Natural Killer Cell Proliferation (GO:0032819),1/7,0.0344842492004146,0.1383025542136771,0,0,33.49158249158249,112.77461836050252,JAK2
GO_Biological_Process_2023,Positive Regulation Of Oligodendrocyte Differentiation (GO:0048714),1/7,0.0344842492004146,0.1383025542136771,0,0,33.49158249158249,112.77461836050252,TNFRSF1B
GO_Biological_Process_2023,Positive Regulation Of Secondary Metabolite Biosynthetic Process (GO:1900378),1/7,0.0344842492004146,0.1383025542136771,0,0,33.49158249158249,112.77461836050252,ZEB2
GO_Biological_Process_2023,Late Nucleophagy (GO:0044805),1/7,0.0344842492004146,0.1383025542136771,0,0,33.49158249158249,112.77461836050252,ATG7
GO_Biological_Process_2023,Positive Regulation Of Vascular Associated Smooth Muscle Cell Migration (GO:1904754),1/7,0.0344842492004146,0.1383025542136771,0,0,33.49158249158249,112.77461836050252,DOCK5
GO_Biological_Process_2023,Pyrimidine Nucleobase Catabolic Process (GO:0006208),1/7,0.0344842492004146,0.1383025542136771,0,0,33.49158249158249,112.77461836050252,DPYD
GO_Biological_Process_2023,Regulation Of ATPase-coupled Calcium Transmembrane Transporter Activity (GO:1901894),1/7,0.0344842492004146,0.1383025542136771,0,0,33.49158249158249,112.77461836050252,VMP1
GO_Biological_Process_2023,Positive Regulation Of Protein Binding (GO:0032092),2/59,0.0352125566390489,0.1402324624046336,0,0,7.104547081990691,23.77431915410336,LRRK2;STK3
GO_Biological_Process_2023,Positive Regulation Of Proteolysis (GO:0045862),2/59,0.0352125566390489,0.1402324624046336,0,0,7.104547081990691,23.77431915410336,TNFRSF1B;CTSS
GO_Biological_Process_2023,Positive Regulation Of Macromolecule Metabolic Process (GO:0010604),5/364,0.0359938548286516,0.1416319490791196,0,0,2.864829203929043,9.52385841490898,PLSCR1;CLEC7A;SLC11A1;CD36;TLR2
GO_Biological_Process_2023,Autophagosome Organization (GO:1905037),2/61,0.0374213004237331,0.1416319490791196,0,0,6.863023175371843,22.54856700617945,VMP1;ATG7
GO_Biological_Process_2023,Regulation Of Cell Population Proliferation (GO:0042127),8/766,0.0380606788585339,0.1416319490791196,0,0,2.195938969829069,7.17758810169608,HCK;CTBP2;CLEC7A;IL15;STAT1;NAMPT;EIF2AK2;JAK2
GO_Biological_Process_2023,Regulation Of Dendritic Cell Antigen Processing And Presentation (GO:0002604),1/8,0.0393135041520565,0.1416319490791196,0,0,28.705627705627705,92.8967850071638,SLC11A1
GO_Biological_Process_2023,Regulation Of Fertilization (GO:0080154),1/8,0.0393135041520565,0.1416319490791196,0,0,28.705627705627705,92.8967850071638,PLCB1
GO_Biological_Process_2023,Regulation Of Interleukin-18 Production (GO:0032661),1/8,0.0393135041520565,0.1416319490791196,0,0,28.705627705627705,92.8967850071638,TLR2
GO_Biological_Process_2023,Regulation Of Interleukin-23 Production (GO:0032667),1/8,0.0393135041520565,0.1416319490791196,0,0,28.705627705627705,92.8967850071638,IL17RA
GO_Biological_Process_2023,Negative Regulation Of Protein-Containing Complex Disassembly (GO:0043242),1/8,0.0393135041520565,0.1416319490791196,0,0,28.705627705627705,92.8967850071638,IRAK3
GO_Biological_Process_2023,Regulation Of Pattern Recognition Receptor Signaling Pathway (GO:0062207),1/8,0.0393135041520565,0.1416319490791196,0,0,28.705627705627705,92.8967850071638,CD36
GO_Biological_Process_2023,Regulation Of Podosome Assembly (GO:0071801),1/8,0.0393135041520565,0.1416319490791196,0,0,28.705627705627705,92.8967850071638,HCK
GO_Biological_Process_2023,Cell Surface Pattern Recognition Receptor Signaling Pathway (GO:0002752),1/8,0.0393135041520565,0.1416319490791196,0,0,28.705627705627705,92.8967850071638,FCN1
GO_Biological_Process_2023,"Phototransduction, Visible Light (GO:0007603)",1/8,0.0393135041520565,0.1416319490791196,0,0,28.705627705627705,92.8967850071638,GNAQ
GO_Biological_Process_2023,Positive Regulation Of NK T Cell Activation (GO:0051135),1/8,0.0393135041520565,0.1416319490791196,0,0,28.705627705627705,92.8967850071638,JAK2
GO_Biological_Process_2023,Positive Regulation Of Actin Cytoskeleton Reorganization (GO:2000251),1/8,0.0393135041520565,0.1416319490791196,0,0,28.705627705627705,92.8967850071638,HCK
GO_Biological_Process_2023,Collagen-Activated Signaling Pathway (GO:0038065),1/8,0.0393135041520565,0.1416319490791196,0,0,28.705627705627705,92.8967850071638,JAK2
GO_Biological_Process_2023,"Complement Activation, Lectin Pathway (GO:0001867)",1/8,0.0393135041520565,0.1416319490791196,0,0,28.705627705627705,92.8967850071638,FCN1
GO_Biological_Process_2023,Cyclooxygenase Pathway (GO:0019371),1/8,0.0393135041520565,0.1416319490791196,0,0,28.705627705627705,92.8967850071638,TBXAS1
GO_Biological_Process_2023,Response To Vitamin (GO:0033273),1/8,0.0393135041520565,0.1416319490791196,0,0,28.705627705627705,92.8967850071638,KYNU
GO_Biological_Process_2023,Positive Regulation Of Dendritic Cell Cytokine Production (GO:0002732),1/8,0.0393135041520565,0.1416319490791196,0,0,28.705627705627705,92.8967850071638,CLEC7A
GO_Biological_Process_2023,Positive Regulation Of Epithelial Cell Proliferation Involved In Wound Healing (GO:0060054),1/8,0.0393135041520565,0.1416319490791196,0,0,28.705627705627705,92.8967850071638,JAML
GO_Biological_Process_2023,Positive Regulation Of Monocyte Chemotactic Protein-1 Production (GO:0071639),1/8,0.0393135041520565,0.1416319490791196,0,0,28.705627705627705,92.8967850071638,CLEC7A
GO_Biological_Process_2023,Positive Regulation Of Opsonization (GO:1903028),1/8,0.0393135041520565,0.1416319490791196,0,0,28.705627705627705,92.8967850071638,FCN1
GO_Biological_Process_2023,Positive Regulation Of Respiratory Burst (GO:0060267),1/8,0.0393135041520565,0.1416319490791196,0,0,28.705627705627705,92.8967850071638,CLEC7A
GO_Biological_Process_2023,Kynurenine Metabolic Process (GO:0070189),1/8,0.0393135041520565,0.1416319490791196,0,0,28.705627705627705,92.8967850071638,KYNU
GO_Biological_Process_2023,Manganese Ion Transport (GO:0006828),1/8,0.0393135041520565,0.1416319490791196,0,0,28.705627705627705,92.8967850071638,SLC11A1
GO_Biological_Process_2023,Pyrimidine-Containing Compound Catabolic Process (GO:0072529),1/8,0.0393135041520565,0.1416319490791196,0,0,28.705627705627705,92.8967850071638,DPYD
GO_Biological_Process_2023,Pyrimidine-Containing Compound Metabolic Process (GO:0072527),1/8,0.0393135041520565,0.1416319490791196,0,0,28.705627705627705,92.8967850071638,TYMP
GO_Biological_Process_2023,Modification-Dependent Macromolecule Catabolic Process (GO:0043632),1/8,0.0393135041520565,0.1416319490791196,0,0,28.705627705627705,92.8967850071638,ISG15
GO_Biological_Process_2023,Regulation Of RNA Biosynthetic Process (GO:2001141),1/8,0.0393135041520565,0.1416319490791196,0,0,28.705627705627705,92.8967850071638,TNFRSF1B
GO_Biological_Process_2023,Regulation Of T-helper 1 Type Immune Response (GO:0002825),1/8,0.0393135041520565,0.1416319490791196,0,0,28.705627705627705,92.8967850071638,SLC11A1
GO_Biological_Process_2023,Positive Regulation Of Mitotic Cell Cycle Phase Transition (GO:1901992),2/63,0.0396819029137973,0.1416319490791196,0,0,6.637336901973904,21.417757229084128,PLCB1;TNFSF13B
GO_Biological_Process_2023,Protein Polymerization (GO:0051258),2/63,0.0396819029137973,0.1416319490791196,0,0,6.637336901973904,21.417757229084128,JAK2;GAS7
GO_Biological_Process_2023,Regulation Of Cellular Catabolic Process (GO:0031329),2/63,0.0396819029137973,0.1416319490791196,0,0,6.637336901973904,21.417757229084128,LRRK2;PSAP
GO_Biological_Process_2023,Autophagosome Assembly (GO:0000045),2/65,0.0419931324107679,0.1443080402393515,0,0,6.425979915775834,20.37195761072225,VMP1;ATG7
GO_Biological_Process_2023,Positive Regulation Of T Cell Proliferation (GO:0042102),2/65,0.0419931324107679,0.1443080402393515,0,0,6.425979915775834,20.37195761072225,IL15;JAK2
GO_Biological_Process_2023,Negative Regulation Of Immune Response (GO:0050777),2/66,0.0431673525667949,0.1443080402393515,0,0,6.325255102040816,19.87819449312978,HCK;IRAK3
GO_Biological_Process_2023,Regulation Of Endocytosis (GO:0030100),2/66,0.0431673525667949,0.1443080402393515,0,0,6.325255102040816,19.87819449312978,HCK;MCTP1
GO_Biological_Process_2023,Negative Regulation Of Extracellular Matrix Organization (GO:1903054),1/9,0.0441188457824273,0.1443080402393515,0,0,25.116161616161616,78.3842312444799,TNFRSF1B
GO_Biological_Process_2023,I-kappaB Phosphorylation (GO:0007252),1/9,0.0441188457824273,0.1443080402393515,0,0,25.116161616161616,78.3842312444799,TLR2
GO_Biological_Process_2023,Negative Regulation Of Protein Maturation (GO:1903318),1/9,0.0441188457824273,0.1443080402393515,0,0,25.116161616161616,78.3842312444799,LRRK2
GO_Biological_Process_2023,Regulation Of Mast Cell Activation (GO:0033003),1/9,0.0441188457824273,0.1443080402393515,0,0,25.116161616161616,78.3842312444799,PLSCR1
GO_Biological_Process_2023,Negative Regulation Of Tyrosine Phosphorylation Of STAT Protein (GO:0042532),1/9,0.0441188457824273,0.1443080402393515,0,0,25.116161616161616,78.3842312444799,PARP14
GO_Biological_Process_2023,Regulation Of Natural Killer Cell Proliferation (GO:0032817),1/9,0.0441188457824273,0.1443080402393515,0,0,25.116161616161616,78.3842312444799,JAK2
GO_Biological_Process_2023,Nucleoside Metabolic Process (GO:0009116),1/9,0.0441188457824273,0.1443080402393515,0,0,25.116161616161616,78.3842312444799,TYMP
GO_Biological_Process_2023,Calcium Ion Transport Into Cytosol (GO:0060402),1/9,0.0441188457824273,0.1443080402393515,0,0,25.116161616161616,78.3842312444799,SLC8A1
GO_Biological_Process_2023,Cell Differentiation Involved In Metanephros Development (GO:0072202),1/9,0.0441188457824273,0.1443080402393515,0,0,25.116161616161616,78.3842312444799,STAT1
GO_Biological_Process_2023,Piecemeal Microautophagy Of The Nucleus (GO:0034727),1/9,0.0441188457824273,0.1443080402393515,0,0,25.116161616161616,78.3842312444799,ATG7
GO_Biological_Process_2023,Cellular Response To Oxidised Low-Density Lipoprotein Particle Stimulus (GO:0140052),1/9,0.0441188457824273,0.1443080402393515,0,0,25.116161616161616,78.3842312444799,CD36
GO_Biological_Process_2023,Cellular Response To Purine-Containing Compound (GO:0071415),1/9,0.0441188457824273,0.1443080402393515,0,0,25.116161616161616,78.3842312444799,SLC8A1
GO_Biological_Process_2023,Positive Regulation Of Acrosome Reaction (GO:2000344),1/9,0.0441188457824273,0.1443080402393515,0,0,25.116161616161616,78.3842312444799,PLCB1
GO_Biological_Process_2023,Dicarboxylic Acid Biosynthetic Process (GO:0043650),1/9,0.0441188457824273,0.1443080402393515,0,0,25.116161616161616,78.3842312444799,KYNU
GO_Biological_Process_2023,Synaptic Vesicle Fusion To Presynaptic Active Zone Membrane (GO:0031629),1/9,0.0441188457824273,0.1443080402393515,0,0,25.116161616161616,78.3842312444799,STX11
GO_Biological_Process_2023,Positive Regulation Of Mesenchymal Cell Proliferation (GO:0002053),1/9,0.0441188457824273,0.1443080402393515,0,0,25.116161616161616,78.3842312444799,STAT1
GO_Biological_Process_2023,Vasoconstriction (GO:0042310),1/9,0.0441188457824273,0.1443080402393515,0,0,25.116161616161616,78.3842312444799,SLC8A1
GO_Biological_Process_2023,Positive Regulation Of Platelet Activation (GO:0010572),1/9,0.0441188457824273,0.1443080402393515,0,0,25.116161616161616,78.3842312444799,JAK2
GO_Biological_Process_2023,Intestinal Cholesterol Absorption (GO:0030299),1/9,0.0441188457824273,0.1443080402393515,0,0,25.116161616161616,78.3842312444799,CD36
GO_Biological_Process_2023,Positive Regulation Of Tissue Remodeling (GO:0034105),1/9,0.0441188457824273,0.1443080402393515,0,0,25.116161616161616,78.3842312444799,IL15
GO_Biological_Process_2023,Positive Regulation Of Vasculogenesis (GO:2001214),1/9,0.0441188457824273,0.1443080402393515,0,0,25.116161616161616,78.3842312444799,RIN2
GO_Biological_Process_2023,Lipid Import Into Cell (GO:0140354),1/9,0.0441188457824273,0.1443080402393515,0,0,25.116161616161616,78.3842312444799,CD36
GO_Biological_Process_2023,Long-Chain Fatty Acid Import Into Cell (GO:0044539),1/9,0.0441188457824273,0.1443080402393515,0,0,25.116161616161616,78.3842312444799,CD36
GO_Biological_Process_2023,Purine Nucleobase Metabolic Process (GO:0006144),1/9,0.0441188457824273,0.1443080402393515,0,0,25.116161616161616,78.3842312444799,DPYD
GO_Biological_Process_2023,Regulation Of ER To Golgi Vesicle-Mediated Transport (GO:0060628),1/9,0.0441188457824273,0.1443080402393515,0,0,25.116161616161616,78.3842312444799,LRRK2
GO_Biological_Process_2023,Extrinsic Apoptotic Signaling Pathway (GO:0097191),2/67,0.0443537761760118,0.1446595860913031,0,0,6.227629513343799,19.402537395096388,JAK2;TNFRSF1B
GO_Biological_Process_2023,Positive Regulation Of Apoptotic Process (GO:0043065),4/270,0.046618047573665,0.1504117722113213,0,0,3.075501253132832,9.428771867529523,MNDA;ATG7;CTSS;STK3
GO_Biological_Process_2023,Positive Regulation Of Cell Migration (GO:0030335),4/272,0.0476683958036789,0.1504117722113213,0,0,3.0522388059701493,9.289448096572166,DOCK5;CLEC7A;NUMB;PECAM1
GO_Biological_Process_2023,Regulation Of Actin Filament-Based Process (GO:0032970),2/70,0.0479847867745847,0.1504117722113213,0,0,5.951980792316927,18.075399411278084,BST2;HCK
GO_Biological_Process_2023,Regulation Of Cellular Biosynthetic Process (GO:0031326),2/70,0.0479847867745847,0.1504117722113213,0,0,5.951980792316927,18.075399411278084,JAK2;TNFRSF1B
GO_Biological_Process_2023,Positive Regulation Of Intracellular Signal Transduction (GO:1902533),6/525,0.0480852991933406,0.1504117722113213,0,0,2.3835936539171074,7.233679437858406,BST2;CLEC7A;TRIM25;EIF2AK2;JAK2;TLR2
GO_Biological_Process_2023,Negative Regulation Of Hydrogen Peroxide-Induced Cell Death (GO:1903206),1/10,0.0489003911418304,0.1504117722113213,0,0,22.32435465768799,67.37423003045056,LRRK2
GO_Biological_Process_2023,Notch Signaling Involved In Heart Development (GO:0061314),1/10,0.0489003911418304,0.1504117722113213,0,0,22.32435465768799,67.37423003045056,NOTCH2
GO_Biological_Process_2023,Negative Regulation Of Response To Cytokine Stimulus (GO:0060761),1/10,0.0489003911418304,0.1504117722113213,0,0,22.32435465768799,67.37423003045056,IRAK3
GO_Biological_Process_2023,Regulation Of Melanin Biosynthetic Process (GO:0048021),1/10,0.0489003911418304,0.1504117722113213,0,0,22.32435465768799,67.37423003045056,ZEB2
GO_Biological_Process_2023,Regulation Of Mitochondrial Depolarization (GO:0051900),1/10,0.0489003911418304,0.1504117722113213,0,0,22.32435465768799,67.37423003045056,LRRK2
GO_Biological_Process_2023,Aromatic Amino Acid Family Catabolic Process (GO:0009074),1/10,0.0489003911418304,0.1504117722113213,0,0,22.32435465768799,67.37423003045056,KYNU
GO_Biological_Process_2023,Atrial Septum Morphogenesis (GO:0060413),1/10,0.0489003911418304,0.1504117722113213,0,0,22.32435465768799,67.37423003045056,NOTCH2
GO_Biological_Process_2023,Regulation Of Opsonization (GO:1903027),1/10,0.0489003911418304,0.1504117722113213,0,0,22.32435465768799,67.37423003045056,FCN1
GO_Biological_Process_2023,Basement Membrane Organization (GO:0071711),1/10,0.0489003911418304,0.1504117722113213,0,0,22.32435465768799,67.37423003045056,CTSS
GO_Biological_Process_2023,Cell Proliferation In Forebrain (GO:0021846),1/10,0.0489003911418304,0.1504117722113213,0,0,22.32435465768799,67.37423003045056,NUMB
GO_Biological_Process_2023,Regulation Of Respiratory Burst (GO:0060263),1/10,0.0489003911418304,0.1504117722113213,0,0,22.32435465768799,67.37423003045056,CLEC7A
GO_Biological_Process_2023,Positive Regulation Of MHC Class II Biosynthetic Process (GO:0045348),1/10,0.0489003911418304,0.1504117722113213,0,0,22.32435465768799,67.37423003045056,JAK2
GO_Biological_Process_2023,Insulin-Like Growth Factor Receptor Signaling Pathway (GO:0048009),1/10,0.0489003911418304,0.1504117722113213,0,0,22.32435465768799,67.37423003045056,PLCB1
GO_Biological_Process_2023,Metanephric Mesenchyme Development (GO:0072075),1/10,0.0489003911418304,0.1504117722113213,0,0,22.32435465768799,67.37423003045056,STAT1
GO_Biological_Process_2023,Negative Regulation Of B Cell Proliferation (GO:0030889),1/10,0.0489003911418304,0.1504117722113213,0,0,22.32435465768799,67.37423003045056,MNDA
GO_Biological_Process_2023,Negative Regulation Of Autophagosome Assembly (GO:1902902),1/10,0.0489003911418304,0.1504117722113213,0,0,22.32435465768799,67.37423003045056,LRRK2
GO_Biological_Process_2023,Negative Regulation Of Protein Binding (GO:0032091),2/71,0.0492185490137595,0.1509812246773434,0,0,5.865424430641822,17.663636014354466,LRRK2;DISC1
GO_Biological_Process_2023,Regulation Of Cytoplasmic Transport (GO:1903649),1/11,0.0536582567508638,0.1541825858537479,0,0,20.09090909090909,58.76831842188268,LRRK2
GO_Biological_Process_2023,Regulation Of Mesenchymal Cell Proliferation (GO:0010464),1/11,0.0536582567508638,0.1541825858537479,0,0,20.09090909090909,58.76831842188268,STAT1
GO_Biological_Process_2023,Regulation Of Monocyte Chemotactic Protein-1 Production (GO:0071637),1/11,0.0536582567508638,0.1541825858537479,0,0,20.09090909090909,58.76831842188268,CLEC7A
GO_Biological_Process_2023,Biogenic Amine Biosynthetic Process (GO:0042401),1/11,0.0536582567508638,0.1541825858537479,0,0,20.09090909090909,58.76831842188268,SAT1
GO_Biological_Process_2023,Regulation Of Response To Oxidative Stress (GO:1902882),1/11,0.0536582567508638,0.1541825858537479,0,0,20.09090909090909,58.76831842188268,MCTP1
GO_Biological_Process_2023,Cellular Response To Growth Hormone Stimulus (GO:0071378),1/11,0.0536582567508638,0.1541825858537479,0,0,20.09090909090909,58.76831842188268,JAK2
GO_Biological_Process_2023,Polyamine Metabolic Process (GO:0006595),1/11,0.0536582567508638,0.1541825858537479,0,0,20.09090909090909,58.76831842188268,SAT1
GO_Biological_Process_2023,Cellular Response To Nitrogen Levels (GO:0043562),1/11,0.0536582567508638,0.1541825858537479,0,0,20.09090909090909,58.76831842188268,ATG7
GO_Biological_Process_2023,Cellular Response To Nitrogen Starvation (GO:0006995),1/11,0.0536582567508638,0.1541825858537479,0,0,20.09090909090909,58.76831842188268,ATG7
GO_Biological_Process_2023,Regulation Of Type II Interferon-Mediated Signaling Pathway (GO:0060334),1/11,0.0536582567508638,0.1541825858537479,0,0,20.09090909090909,58.76831842188268,PARP14
GO_Biological_Process_2023,Cellular Response To Thyroid Hormone Stimulus (GO:0097067),1/11,0.0536582567508638,0.1541825858537479,0,0,20.09090909090909,58.76831842188268,CTSS
GO_Biological_Process_2023,Cytidine To Uridine Editing (GO:0016554),1/11,0.0536582567508638,0.1541825858537479,0,0,20.09090909090909,58.76831842188268,RBM47
GO_Biological_Process_2023,Desensitization Of G Protein-Coupled Receptor Signaling Pathway (GO:0002029),1/11,0.0536582567508638,0.1541825858537479,0,0,20.09090909090909,58.76831842188268,GRK3
GO_Biological_Process_2023,Positive Regulation Of Keratinocyte Proliferation (GO:0010838),1/11,0.0536582567508638,0.1541825858537479,0,0,20.09090909090909,58.76831842188268,NOTCH2
GO_Biological_Process_2023,Positive Regulation Of Myelination (GO:0031643),1/11,0.0536582567508638,0.1541825858537479,0,0,20.09090909090909,58.76831842188268,TNFRSF1B
GO_Biological_Process_2023,Positive Regulation Of Platelet Aggregation (GO:1901731),1/11,0.0536582567508638,0.1541825858537479,0,0,20.09090909090909,58.76831842188268,JAK2
GO_Biological_Process_2023,Intestinal Absorption (GO:0050892),1/11,0.0536582567508638,0.1541825858537479,0,0,20.09090909090909,58.76831842188268,CD36
GO_Biological_Process_2023,Intestinal Lipid Absorption (GO:0098856),1/11,0.0536582567508638,0.1541825858537479,0,0,20.09090909090909,58.76831842188268,CD36
GO_Biological_Process_2023,Lysosomal Microautophagy (GO:0016237),1/11,0.0536582567508638,0.1541825858537479,0,0,20.09090909090909,58.76831842188268,ATG7
GO_Biological_Process_2023,Melanocyte Differentiation (GO:0030318),1/11,0.0536582567508638,0.1541825858537479,0,0,20.09090909090909,58.76831842188268,LRMDA
GO_Biological_Process_2023,Mitochondrial Genome Maintenance (GO:0000002),1/11,0.0536582567508638,0.1541825858537479,0,0,20.09090909090909,58.76831842188268,TYMP
GO_Biological_Process_2023,Mitochondrion Distribution (GO:0048311),1/11,0.0536582567508638,0.1541825858537479,0,0,20.09090909090909,58.76831842188268,LRRK2
GO_Biological_Process_2023,Pyrimidine Nucleobase Metabolic Process (GO:0006206),1/11,0.0536582567508638,0.1541825858537479,0,0,20.09090909090909,58.76831842188268,DPYD
GO_Biological_Process_2023,Regulation Of T Cell Mediated Immunity (GO:0002709),1/11,0.0536582567508638,0.1541825858537479,0,0,20.09090909090909,58.76831842188268,TNFRSF1B
GO_Biological_Process_2023,Regulation Of Cell Activation (GO:0050865),1/11,0.0536582567508638,0.1541825858537479,0,0,20.09090909090909,58.76831842188268,GNAQ
GO_Biological_Process_2023,Transmembrane Receptor Protein Tyrosine Kinase Signaling Pathway (GO:0007169),4/284,0.0542457728139074,0.1554771518782448,0,0,2.919642857142857,8.508511416925609,HCK;NAMPT;JAK2;PLCB1
GO_Biological_Process_2023,Regulation Of Ras Protein Signal Transduction (GO:0046578),2/76,0.0555565913641185,0.1555764178131216,0,0,5.467733039161611,15.803679213614178,NOTCH2;DENND1A
GO_Biological_Process_2023,Positive Regulation Of Cellular Biosynthetic Process (GO:0031328),3/174,0.056773369781736,0.1555764178131216,0,0,3.5682763610056067,10.236271238751806,ZEB2;CLEC7A;CD36
GO_Biological_Process_2023,Regulation Of Immune Response (GO:0050776),2/77,0.0568570608364096,0.1555764178131216,0,0,5.394557823129252,15.467356382357153,PLSCR1;IL15
GO_Biological_Process_2023,Neutrophil Migration (GO:1990266),2/77,0.0568570608364096,0.1555764178131216,0,0,5.394557823129252,15.467356382357153,JAML;PECAM1
GO_Biological_Process_2023,Positive Regulation Of I-kappaB kinase/NF-kappaB Signaling (GO:0043123),3/175,0.0575615219120737,0.1555764178131216,0,0,3.547350755214577,10.127335065403114,BST2;CLEC7A;TRIM25
GO_Biological_Process_2023,Regulation Of Innate Immune Response (GO:0045088),2/78,0.058168160710821,0.1555764178131216,0,0,5.323308270676692,15.141709290687697,PLSCR1;IRAK3
GO_Biological_Process_2023,Cellular Response To Nutrient Levels (GO:0031669),2/78,0.058168160710821,0.1555764178131216,0,0,5.323308270676692,15.141709290687697,LRRK2;ATG7
GO_Biological_Process_2023,Proteolysis Involved In Protein Catabolic Process (GO:0051603),2/78,0.058168160710821,0.1555764178131216,0,0,5.323308270676692,15.141709290687697,ISG15;CTSS
GO_Biological_Process_2023,Positive Regulation Of Hydrolase Activity (GO:0051345),3/176,0.0583548847938619,0.1555764178131216,0,0,3.526667063941362,10.020009516851996,PSAP;EVI5;CTSS
GO_Biological_Process_2023,C-terminal Protein Amino Acid Modification (GO:0018410),1/12,0.0583925585800791,0.1555764178131216,0,0,18.26354453627181,51.878818604154176,ATG7
GO_Biological_Process_2023,Regulation Of Chromosome Separation (GO:1905818),1/12,0.0583925585800791,0.1555764178131216,0,0,18.26354453627181,51.878818604154176,PLSCR1
GO_Biological_Process_2023,MyD88-dependent Toll-Like Receptor Signaling Pathway (GO:0002755),1/12,0.0583925585800791,0.1555764178131216,0,0,18.26354453627181,51.878818604154176,IRAK3
GO_Biological_Process_2023,Negative Regulation Of Mononuclear Cell Migration (GO:0071676),1/12,0.0583925585800791,0.1555764178131216,0,0,18.26354453627181,51.878818604154176,PLCB1
GO_Biological_Process_2023,Regulation Of Hematopoietic Stem Cell Differentiation (GO:1902036),1/12,0.0583925585800791,0.1555764178131216,0,0,18.26354453627181,51.878818604154176,EIF2AK2
GO_Biological_Process_2023,Calcium Ion Import (GO:0070509),1/12,0.0583925585800791,0.1555764178131216,0,0,18.26354453627181,51.878818604154176,SLC8A1
GO_Biological_Process_2023,Regulation Of Retinoic Acid Receptor Signaling Pathway (GO:0048385),1/12,0.0583925585800791,0.1555764178131216,0,0,18.26354453627181,51.878818604154176,CTBP2
GO_Biological_Process_2023,Regulation Of Vascular Associated Smooth Muscle Cell Migration (GO:1904752),1/12,0.0583925585800791,0.1555764178131216,0,0,18.26354453627181,51.878818604154176,DOCK5
GO_Biological_Process_2023,Relaxation Of Cardiac Muscle (GO:0055119),1/12,0.0583925585800791,0.1555764178131216,0,0,18.26354453627181,51.878818604154176,SLC8A1
GO_Biological_Process_2023,Positive Regulation Of T-helper 1 Type Immune Response (GO:0002827),1/12,0.0583925585800791,0.1555764178131216,0,0,18.26354453627181,51.878818604154176,SLC11A1
GO_Biological_Process_2023,Positive Regulation Of Calcium-Mediated Signaling (GO:0050850),1/12,0.0583925585800791,0.1555764178131216,0,0,18.26354453627181,51.878818604154176,CLEC7A
GO_Biological_Process_2023,Response To Thyroid Hormone (GO:0097066),1/12,0.0583925585800791,0.1555764178131216,0,0,18.26354453627181,51.878818604154176,CTSS
GO_Biological_Process_2023,Endothelium Development (GO:0003158),1/12,0.0583925585800791,0.1555764178131216,0,0,18.26354453627181,51.878818604154176,PECAM1
GO_Biological_Process_2023,Fatty Acid Transmembrane Transport (GO:1902001),1/12,0.0583925585800791,0.1555764178131216,0,0,18.26354453627181,51.878818604154176,CD36
GO_Biological_Process_2023,Gamma-Delta T Cell Activation (GO:0046629),1/12,0.0583925585800791,0.1555764178131216,0,0,18.26354453627181,51.878818604154176,JAML
GO_Biological_Process_2023,Granulocyte Activation (GO:0036230),1/12,0.0583925585800791,0.1555764178131216,0,0,18.26354453627181,51.878818604154176,IL15
GO_Biological_Process_2023,Positive Regulation Of Reactive Oxygen Species Biosynthetic Process (GO:1903428),1/12,0.0583925585800791,0.1555764178131216,0,0,18.26354453627181,51.878818604154176,CD36
GO_Biological_Process_2023,Lipid Droplet Formation (GO:0140042),1/12,0.0583925585800791,0.1555764178131216,0,0,18.26354453627181,51.878818604154176,RNF213
GO_Biological_Process_2023,Multicellular Organismal-Level Iron Ion Homeostasis (GO:0060586),1/12,0.0583925585800791,0.1555764178131216,0,0,18.26354453627181,51.878818604154176,SLC11A1
GO_Biological_Process_2023,Regulation Of Acrosome Reaction (GO:0060046),1/12,0.0583925585800791,0.1555764178131216,0,0,18.26354453627181,51.878818604154176,PLCB1
GO_Biological_Process_2023,Regulation Of Cell Communication By Electrical Coupling (GO:0010649),1/12,0.0583925585800791,0.1555764178131216,0,0,18.26354453627181,51.878818604154176,SLC8A1
GO_Biological_Process_2023,Positive Regulation Of Catabolic Process (GO:0009896),2/79,0.0594897545967717,0.1577585302311046,0,0,5.253909355950173,14.8262756693766,ATG7;TNFSF13B
GO_Biological_Process_2023,Negative Regulation Of Cellular Component Organization (GO:0051129),2/79,0.0594897545967717,0.1577585302311046,0,0,5.253909355950173,14.8262756693766,MCTP1;IRAK3
GO_Biological_Process_2023,Negative Regulation Of Protein Serine/Threonine Kinase Activity (GO:0071901),2/80,0.0608217071927091,0.1577585302311046,0,0,5.186289900575615,14.520618689888993,IRAK3;SLC8A1
GO_Biological_Process_2023,Regulation Of Organelle Assembly (GO:1902115),2/80,0.0608217071927091,0.1577585302311046,0,0,5.186289900575615,14.520618689888993,HCK;EVI5
GO_Biological_Process_2023,Positive Regulation Of Immune Response (GO:0050778),2/80,0.0608217071927091,0.1577585302311046,0,0,5.186289900575615,14.520618689888993,PLSCR1;IL15
GO_Biological_Process_2023,Wound Healing (GO:0042060),2/80,0.0608217071927091,0.1577585302311046,0,0,5.186289900575615,14.520618689888993,JAML;SLC11A1
GO_Biological_Process_2023,Activation Of Protein Kinase Activity (GO:0032147),2/81,0.0621638842786596,0.1577585302311046,0,0,5.120382330147248,14.224325268693594,SLC11A1;JAK2
GO_Biological_Process_2023,Cellular Response To Interleukin-1 (GO:0071347),2/81,0.0621638842786596,0.1577585302311046,0,0,5.120382330147248,14.224325268693594,IRAK3;PLCB1
GO_Biological_Process_2023,Negative Regulation Of NF-kappaB Transcription Factor Activity (GO:0032088),2/81,0.0621638842786596,0.1577585302311046,0,0,5.120382330147248,14.224325268693594,LRRK2;IRAK3
GO_Biological_Process_2023,Negative Regulation Of Interleukin-12 Production (GO:0032695),1/13,0.0631034120924418,0.1577585302311046,0,0,16.74074074074074,46.254339159717055,IRAK3
GO_Biological_Process_2023,GTP Metabolic Process (GO:0046039),1/13,0.0631034120924418,0.1577585302311046,0,0,16.74074074074074,46.254339159717055,LRRK2
GO_Biological_Process_2023,Negative Regulation Of Neuroinflammatory Response (GO:0150079),1/13,0.0631034120924418,0.1577585302311046,0,0,16.74074074074074,46.254339159717055,TNFRSF1B
GO_Biological_Process_2023,Acute-Phase Response (GO:0006953),1/13,0.0631034120924418,0.1577585302311046,0,0,16.74074074074074,46.254339159717055,PLSCR1
GO_Biological_Process_2023,Regulation Of Macrophage Cytokine Production (GO:0010935),1/13,0.0631034120924418,0.1577585302311046,0,0,16.74074074074074,46.254339159717055,IRAK3
GO_Biological_Process_2023,Negative Regulation Of Toll-Like Receptor Signaling Pathway (GO:0034122),1/13,0.0631034120924418,0.1577585302311046,0,0,16.74074074074074,46.254339159717055,IRAK3
GO_Biological_Process_2023,Negative Regulation Of Translational Initiation (GO:0045947),1/13,0.0631034120924418,0.1577585302311046,0,0,16.74074074074074,46.254339159717055,EIF2AK2
GO_Biological_Process_2023,Atrial Septum Development (GO:0003283),1/13,0.0631034120924418,0.1577585302311046,0,0,16.74074074074074,46.254339159717055,NOTCH2
GO_Biological_Process_2023,Regulation Of Vasculogenesis (GO:2001212),1/13,0.0631034120924418,0.1577585302311046,0,0,16.74074074074074,46.254339159717055,RIN2
GO_Biological_Process_2023,Relaxation Of Muscle (GO:0090075),1/13,0.0631034120924418,0.1577585302311046,0,0,16.74074074074074,46.254339159717055,SLC8A1
GO_Biological_Process_2023,Positive Regulation Of Chromosome Separation (GO:1905820),1/13,0.0631034120924418,0.1577585302311046,0,0,16.74074074074074,46.254339159717055,PLSCR1
GO_Biological_Process_2023,Sphingoid Biosynthetic Process (GO:0046520),1/13,0.0631034120924418,0.1577585302311046,0,0,16.74074074074074,46.254339159717055,SPTLC2
GO_Biological_Process_2023,Sphingosine Biosynthetic Process (GO:0046512),1/13,0.0631034120924418,0.1577585302311046,0,0,16.74074074074074,46.254339159717055,SPTLC2
GO_Biological_Process_2023,Positive Regulation Of Glycoprotein Biosynthetic Process (GO:0010560),1/13,0.0631034120924418,0.1577585302311046,0,0,16.74074074074074,46.254339159717055,PLCB1
GO_Biological_Process_2023,Interleukin-6-Mediated Signaling Pathway (GO:0070102),1/13,0.0631034120924418,0.1577585302311046,0,0,16.74074074074074,46.254339159717055,JAK2
GO_Biological_Process_2023,Positive Regulation Of Superoxide Anion Generation (GO:0032930),1/13,0.0631034120924418,0.1577585302311046,0,0,16.74074074074074,46.254339159717055,CLEC7A
GO_Biological_Process_2023,Mature B Cell Differentiation Involved In Immune Response (GO:0002313),1/13,0.0631034120924418,0.1577585302311046,0,0,16.74074074074074,46.254339159717055,NOTCH2
GO_Biological_Process_2023,Membrane Depolarization During Action Potential (GO:0086010),1/13,0.0631034120924418,0.1577585302311046,0,0,16.74074074074074,46.254339159717055,SLC8A1
GO_Biological_Process_2023,Negative Regulation Of Bone Mineralization (GO:0030502),1/13,0.0631034120924418,0.1577585302311046,0,0,16.74074074074074,46.254339159717055,SRGN
GO_Biological_Process_2023,Calcium Ion Transmembrane Import Into Cytosol (GO:0097553),2/83,0.0648783802345316,0.1614845648381433,0,0,4.99344923154447,13.658286245847664,PLCB1;SLC8A1
GO_Biological_Process_2023,Regulation Of NIK/NF-kappaB Signaling (GO:1901222),2/83,0.0648783802345316,0.1614845648381433,0,0,4.99344923154447,13.658286245847664,EIF2AK2;TLR2
GO_Biological_Process_2023,Regulation Of Cell Migration (GO:0030334),5/434,0.0666869697571513,0.1619846484445693,0,0,2.388786651944547,6.468226787671245,BST2;MCTP1;CLEC7A;NUMB;PECAM1
GO_Biological_Process_2023,Positive Regulation Of Canonical Wnt Signaling Pathway (GO:0090263),2/85,0.067632189652766,0.1619846484445693,0,0,4.87263339070568,13.12527238363094,ZEB2;LRRK2
GO_Biological_Process_2023,Integrin-Mediated Signaling Pathway (GO:0007229),2/85,0.067632189652766,0.1619846484445693,0,0,4.87263339070568,13.12527238363094,HCK;ISG15
GO_Biological_Process_2023,Regulation Of Hemopoiesis (GO:1903706),1/14,0.0677909321684321,0.1619846484445693,0,0,15.452214452214452,41.58695944336839,NOTCH2
GO_Biological_Process_2023,T Cell Proliferation (GO:0042098),1/14,0.0677909321684321,0.1619846484445693,0,0,15.452214452214452,41.58695944336839,SLC11A1
GO_Biological_Process_2023,Regulation Of Leukocyte Activation (GO:0002694),1/14,0.0677909321684321,0.1619846484445693,0,0,15.452214452214452,41.58695944336839,PLSCR1
GO_Biological_Process_2023,Regulation Of Non-Canonical Wnt Signaling Pathway (GO:2000050),1/14,0.0677909321684321,0.1619846484445693,0,0,15.452214452214452,41.58695944336839,RNF213
GO_Biological_Process_2023,Cardiac Cell Development (GO:0055006),1/14,0.0677909321684321,0.1619846484445693,0,0,15.452214452214452,41.58695944336839,SLC8A1
GO_Biological_Process_2023,Regulation Of Superoxide Anion Generation (GO:0032928),1/14,0.0677909321684321,0.1619846484445693,0,0,15.452214452214452,41.58695944336839,CLEC7A
GO_Biological_Process_2023,Ceramide Transport (GO:0035627),1/14,0.0677909321684321,0.1619846484445693,0,0,15.452214452214452,41.58695944336839,PSAP
GO_Biological_Process_2023,Response To Muscle Stretch (GO:0035994),1/14,0.0677909321684321,0.1619846484445693,0,0,15.452214452214452,41.58695944336839,SLC8A1
GO_Biological_Process_2023,Smooth Muscle Contraction (GO:0006939),1/14,0.0677909321684321,0.1619846484445693,0,0,15.452214452214452,41.58695944336839,SLC8A1
GO_Biological_Process_2023,Synaptic Vesicle Membrane Organization (GO:0048499),1/14,0.0677909321684321,0.1619846484445693,0,0,15.452214452214452,41.58695944336839,STX11
GO_Biological_Process_2023,Positive Regulation Of Membrane Protein Ectodomain Proteolysis (GO:0051044),1/14,0.0677909321684321,0.1619846484445693,0,0,15.452214452214452,41.58695944336839,TNFRSF1B
GO_Biological_Process_2023,Positive Regulation Of Type I Interferon-Mediated Signaling Pathway (GO:0060340),1/14,0.0677909321684321,0.1619846484445693,0,0,15.452214452214452,41.58695944336839,RBM47
GO_Biological_Process_2023,Lipoprotein Biosynthetic Process (GO:0042158),1/14,0.0677909321684321,0.1619846484445693,0,0,15.452214452214452,41.58695944336839,ATG7
GO_Biological_Process_2023,Prostanoid Biosynthetic Process (GO:0046457),1/14,0.0677909321684321,0.1619846484445693,0,0,15.452214452214452,41.58695944336839,TBXAS1
GO_Biological_Process_2023,Mammary Gland Epithelium Development (GO:0061180),1/14,0.0677909321684321,0.1619846484445693,0,0,15.452214452214452,41.58695944336839,JAK2
GO_Biological_Process_2023,Regulation Of MHC Class II Biosynthetic Process (GO:0045346),1/14,0.0677909321684321,0.1619846484445693,0,0,15.452214452214452,41.58695944336839,JAK2
GO_Biological_Process_2023,Positive Regulation Of MAPK Cascade (GO:0043410),4/310,0.0700974643040829,0.1671441638343153,0,0,2.668028322440087,7.091268857265088,NOTCH2;LRRK2;EIF2AK2;CD36
GO_Biological_Process_2023,Negative Regulation Of Protein Kinase Activity (GO:0006469),2/88,0.071834354272908,0.1706155387018887,0,0,4.701945894636925,12.382068798517093,GNAQ;SLC8A1
GO_Biological_Process_2023,Negative Regulation Of Endoplasmic Reticulum Stress-Induced Intrinsic Apoptotic Signaling Pathway (GO:1902236),1/15,0.0724552331756038,0.1706155387018887,0,0,14.347763347763347,37.6598138369901,LRRK2
GO_Biological_Process_2023,Negative Regulation Of Protein Processing (GO:0010955),1/15,0.0724552331756038,0.1706155387018887,0,0,14.347763347763347,37.6598138369901,LRRK2
GO_Biological_Process_2023,Negative Regulation Of Type I Interferon-Mediated Signaling Pathway (GO:0060339),1/15,0.0724552331756038,0.1706155387018887,0,0,14.347763347763347,37.6598138369901,ISG15
GO_Biological_Process_2023,Positive Regulation Of Cell Activation (GO:0050867),1/15,0.0724552331756038,0.1706155387018887,0,0,14.347763347763347,37.6598138369901,JAK2
GO_Biological_Process_2023,Endosome To Lysosome Transport Via Multivesicular Body Sorting Pathway (GO:0032510),1/15,0.0724552331756038,0.1706155387018887,0,0,14.347763347763347,37.6598138369901,LYST
GO_Biological_Process_2023,Cellular Response To Chemical Stress (GO:0062197),2/89,0.0732536203857354,0.1721384247159621,0,0,4.647665962936899,12.148197603177868,LRRK2;ATG7
GO_Biological_Process_2023,Endomembrane System Organization (GO:0010256),3/196,0.0752869536183818,0.1743116470841022,0,0,3.1580043801079003,8.168015432674538,SRGN;VMP1;LRRK2
GO_Biological_Process_2023,Positive Regulation Of Binding (GO:0051099),2/91,0.0761192182371278,0.1743116470841022,0,0,4.542765420775051,11.699685676018186,LRRK2;STK3
GO_Biological_Process_2023,Negative Regulation Of Inflammatory Response To Antigenic Stimulus (GO:0002862),1/16,0.0770964289305897,0.1743116470841022,0,0,13.390572390572393,34.31599732708391,HCK
GO_Biological_Process_2023,Negative Regulation Of Receptor Signaling Pathway Via JAK-STAT (GO:0046426),1/16,0.0770964289305897,0.1743116470841022,0,0,13.390572390572393,34.31599732708391,PARP14
GO_Biological_Process_2023,Antifungal Innate Immune Response (GO:0061760),1/16,0.0770964289305897,0.1743116470841022,0,0,13.390572390572393,34.31599732708391,CLEC7A
GO_Biological_Process_2023,Regulation Of Nucleocytoplasmic Transport (GO:0046822),1/16,0.0770964289305897,0.1743116470841022,0,0,13.390572390572393,34.31599732708391,MX2
GO_Biological_Process_2023,Regulation Of Osteoblast Proliferation (GO:0033688),1/16,0.0770964289305897,0.1743116470841022,0,0,13.390572390572393,34.31599732708391,EIF2AK2
GO_Biological_Process_2023,Regulation Of Protein Kinase A Signaling (GO:0010738),1/16,0.0770964289305897,0.1743116470841022,0,0,13.390572390572393,34.31599732708391,LRRK2
GO_Biological_Process_2023,Cell Communication By Electrical Coupling Involved In Cardiac Conduction (GO:0086064),1/16,0.0770964289305897,0.1743116470841022,0,0,13.390572390572393,34.31599732708391,SLC8A1
GO_Biological_Process_2023,Cell Surface Receptor Signaling Pathway Involved In Heart Development (GO:0061311),1/16,0.0770964289305897,0.1743116470841022,0,0,13.390572390572393,34.31599732708391,NOTCH2
GO_Biological_Process_2023,Regulation Of Stem Cell Proliferation (GO:0072091),1/16,0.0770964289305897,0.1743116470841022,0,0,13.390572390572393,34.31599732708391,EIF2AK2
GO_Biological_Process_2023,Positive Regulation Of Homotypic Cell-Cell Adhesion (GO:0034112),1/16,0.0770964289305897,0.1743116470841022,0,0,13.390572390572393,34.31599732708391,JAK2
GO_Biological_Process_2023,Innate Immune Response-Activating Signaling Pathway (GO:0002758),1/16,0.0770964289305897,0.1743116470841022,0,0,13.390572390572393,34.31599732708391,HCK
GO_Biological_Process_2023,Positive Regulation Of Smooth Muscle Cell Migration (GO:0014911),1/16,0.0770964289305897,0.1743116470841022,0,0,13.390572390572393,34.31599732708391,DOCK5
GO_Biological_Process_2023,Protein O-linked Mannosylation (GO:0035269),1/16,0.0770964289305897,0.1743116470841022,0,0,13.390572390572393,34.31599732708391,TMTC2
GO_Biological_Process_2023,Protein Localization To Endoplasmic Reticulum (GO:0070972),1/16,0.0770964289305897,0.1743116470841022,0,0,13.390572390572393,34.31599732708391,LRRK2
GO_Biological_Process_2023,Membrane Depolarization During Cardiac Muscle Cell Action Potential (GO:0086012),1/16,0.0770964289305897,0.1743116470841022,0,0,13.390572390572393,34.31599732708391,SLC8A1
GO_Biological_Process_2023,Regulation Of Cardiac Muscle Contraction By Regulation Of The Release Of Sequestered Calcium Ion (GO:0010881),1/16,0.0770964289305897,0.1743116470841022,0,0,13.390572390572393,34.31599732708391,SLC8A1
GO_Biological_Process_2023,Negative Regulation Of Cytokine Production Involved In Immune Response (GO:0002719),1/16,0.0770964289305897,0.1743116470841022,0,0,13.390572390572393,34.31599732708391,IRAK3
GO_Biological_Process_2023,Positive Regulation Of Cellular Process (GO:0048522),6/594,0.0773896290720062,0.1746266978066143,0,0,2.096396005210595,5.364472975960027,HCK;CLEC7A;IL15;NAMPT;TNFRSF1B;TLR2
GO_Biological_Process_2023,Organelle Assembly (GO:0070925),4/322,0.0781366431711455,0.1759624801572424,0,0,2.565775681341719,6.540922064769086,VMP1;SCLT1;DISC1;ATG7
GO_Biological_Process_2023,"Regulation Of mRNA Splicing, Via Spliceosome (GO:0048024)",2/94,0.0804834345723507,0.1761727228582517,0,0,4.39396628216504,11.071493966406615,RBM47;QKI
GO_Biological_Process_2023,Regulation Of Hematopoietic Progenitor Cell Differentiation (GO:1901532),1/17,0.0817146326715556,0.1761727228582517,0,0,12.553030303030305,31.43934295429433,EIF2AK2
GO_Biological_Process_2023,Regulation Of Inflammatory Response To Antigenic Stimulus (GO:0002861),1/17,0.0817146326715556,0.1761727228582517,0,0,12.553030303030305,31.43934295429433,HCK
GO_Biological_Process_2023,Base Conversion Or Substitution Editing (GO:0016553),1/17,0.0817146326715556,0.1761727228582517,0,0,12.553030303030305,31.43934295429433,RBM47
GO_Biological_Process_2023,cGMP-mediated Signaling (GO:0019934),1/17,0.0817146326715556,0.1761727228582517,0,0,12.553030303030305,31.43934295429433,CD36
GO_Biological_Process_2023,Regulation Of Receptor Signaling Pathway Via STAT (GO:1904892),1/17,0.0817146326715556,0.1761727228582517,0,0,12.553030303030305,31.43934295429433,JAK2
GO_Biological_Process_2023,Cellular Response To Alkaloid (GO:0071312),1/17,0.0817146326715556,0.1761727228582517,0,0,12.553030303030305,31.43934295429433,SLC8A1
GO_Biological_Process_2023,Positive Regulation Of SMAD Protein Signal Transduction (GO:0060391),1/17,0.0817146326715556,0.1761727228582517,0,0,12.553030303030305,31.43934295429433,JAK2
GO_Biological_Process_2023,Response To Acidic pH (GO:0010447),1/17,0.0817146326715556,0.1761727228582517,0,0,12.553030303030305,31.43934295429433,CTSS
GO_Biological_Process_2023,Positive Regulation Of Alpha-Beta T Cell Proliferation (GO:0046641),1/17,0.0817146326715556,0.1761727228582517,0,0,12.553030303030305,31.43934295429433,JAK2
GO_Biological_Process_2023,Detection Of Visible Light (GO:0009584),1/17,0.0817146326715556,0.1761727228582517,0,0,12.553030303030305,31.43934295429433,GNAQ
GO_Biological_Process_2023,Diol Biosynthetic Process (GO:0034312),1/17,0.0817146326715556,0.1761727228582517,0,0,12.553030303030305,31.43934295429433,SPTLC2
GO_Biological_Process_2023,Sensory Perception Of Taste (GO:0050909),1/17,0.0817146326715556,0.1761727228582517,0,0,12.553030303030305,31.43934295429433,CD36
GO_Biological_Process_2023,Positive Regulation Of Glial Cell Differentiation (GO:0045687),1/17,0.0817146326715556,0.1761727228582517,0,0,12.553030303030305,31.43934295429433,TNFRSF1B
GO_Biological_Process_2023,Positive Regulation Of Leukocyte Proliferation (GO:0070665),1/17,0.0817146326715556,0.1761727228582517,0,0,12.553030303030305,31.43934295429433,JAK2
GO_Biological_Process_2023,Filopodium Assembly (GO:0046847),1/17,0.0817146326715556,0.1761727228582517,0,0,12.553030303030305,31.43934295429433,FGD4
GO_Biological_Process_2023,Positive Regulation Of Macrophage Derived Foam Cell Differentiation (GO:0010744),1/17,0.0817146326715556,0.1761727228582517,0,0,12.553030303030305,31.43934295429433,CD36
GO_Biological_Process_2023,Growth Hormone Receptor Signaling Pathway (GO:0060396),1/17,0.0817146326715556,0.1761727228582517,0,0,12.553030303030305,31.43934295429433,JAK2
GO_Biological_Process_2023,Hippo Signaling (GO:0035329),1/17,0.0817146326715556,0.1761727228582517,0,0,12.553030303030305,31.43934295429433,STK3
GO_Biological_Process_2023,Positive Regulation Of Small GTPase Mediated Signal Transduction (GO:0051057),1/17,0.0817146326715556,0.1761727228582517,0,0,12.553030303030305,31.43934295429433,NOTCH2
GO_Biological_Process_2023,Long-Chain fatty-acyl-CoA Biosynthetic Process (GO:0035338),1/17,0.0817146326715556,0.1761727228582517,0,0,12.553030303030305,31.43934295429433,ACSL1
GO_Biological_Process_2023,Prostaglandin Biosynthetic Process (GO:0001516),1/17,0.0817146326715556,0.1761727228582517,0,0,12.553030303030305,31.43934295429433,TBXAS1
GO_Biological_Process_2023,Positive Regulation Of Epithelial Cell Migration (GO:0010634),2/95,0.0819552402371426,0.1761727228582517,0,0,4.346499890278692,10.873126025503971,DOCK5;RIN2
GO_Biological_Process_2023,Positive Regulation Of Transmembrane Receptor Protein Serine/Threonine Kinase Signaling Pathway (GO:0090100),2/95,0.0819552402371426,0.1761727228582517,0,0,4.346499890278692,10.873126025503971,ZEB2;JAK2
GO_Biological_Process_2023,Regulation Of Defense Response (GO:0031347),2/97,0.0849237360045432,0.1771461145857555,0,0,4.254564983888292,10.49176426482804,HCK;JAK2
GO_Biological_Process_2023,3'-UTR-mediated mRNA Stabilization (GO:0070935),1/18,0.0863099571505927,0.1771461145857555,0,0,11.81402257872846,28.942114306609312,RBM47
GO_Biological_Process_2023,Negative Regulation Of Nervous System Development (GO:0051961),1/18,0.0863099571505927,0.1771461145857555,0,0,11.81402257872846,28.942114306609312,TLR2
GO_Biological_Process_2023,Regulation Of Lymphocyte Activation (GO:0051249),1/18,0.0863099571505927,0.1771461145857555,0,0,11.81402257872846,28.942114306609312,CLEC7A
GO_Biological_Process_2023,Regulation Of Lymphocyte Proliferation (GO:0050670),1/18,0.0863099571505927,0.1771461145857555,0,0,11.81402257872846,28.942114306609312,TNFRSF1B
GO_Biological_Process_2023,Negative Regulation Of Viral Entry Into Host Cell (GO:0046597),1/18,0.0863099571505927,0.1771461145857555,0,0,11.81402257872846,28.942114306609312,FCN1
GO_Biological_Process_2023,Regulation Of Nervous System Process (GO:0031644),1/18,0.0863099571505927,0.1771461145857555,0,0,11.81402257872846,28.942114306609312,TYMP
GO_Biological_Process_2023,Neutrophil Activation (GO:0042119),1/18,0.0863099571505927,0.1771461145857555,0,0,11.81402257872846,28.942114306609312,IL15
GO_Biological_Process_2023,Autophagy Of Nucleus (GO:0044804),1/18,0.0863099571505927,0.1771461145857555,0,0,11.81402257872846,28.942114306609312,ATG7
GO_Biological_Process_2023,Nitric Oxide Mediated Signal Transduction (GO:0007263),1/18,0.0863099571505927,0.1771461145857555,0,0,11.81402257872846,28.942114306609312,CD36
GO_Biological_Process_2023,Regulation Of Oligodendrocyte Differentiation (GO:0048713),1/18,0.0863099571505927,0.1771461145857555,0,0,11.81402257872846,28.942114306609312,TNFRSF1B
GO_Biological_Process_2023,Cardiac Atrium Morphogenesis (GO:0003209),1/18,0.0863099571505927,0.1771461145857555,0,0,11.81402257872846,28.942114306609312,NOTCH2
GO_Biological_Process_2023,Regulation Of Synaptic Vesicle Exocytosis (GO:2000300),1/18,0.0863099571505927,0.1771461145857555,0,0,11.81402257872846,28.942114306609312,LRRK2
GO_Biological_Process_2023,Positive Regulation Of NLRP3 Inflammasome Complex Assembly (GO:1900227),1/18,0.0863099571505927,0.1771461145857555,0,0,11.81402257872846,28.942114306609312,CD36
GO_Biological_Process_2023,Positive Regulation Of Cation Transmembrane Transport (GO:1904064),1/18,0.0863099571505927,0.1771461145857555,0,0,11.81402257872846,28.942114306609312,CTSS
GO_Biological_Process_2023,Response To Organophosphorus (GO:0046683),1/18,0.0863099571505927,0.1771461145857555,0,0,11.81402257872846,28.942114306609312,STAT1
GO_Biological_Process_2023,Excitatory Postsynaptic Potential (GO:0060079),1/18,0.0863099571505927,0.1771461145857555,0,0,11.81402257872846,28.942114306609312,LRRK2
GO_Biological_Process_2023,Positive Regulation Of Natural Killer Cell Activation (GO:0032816),1/18,0.0863099571505927,0.1771461145857555,0,0,11.81402257872846,28.942114306609312,JAK2
GO_Biological_Process_2023,Positive Regulation Of Nervous System Process (GO:0031646),1/18,0.0863099571505927,0.1771461145857555,0,0,11.81402257872846,28.942114306609312,TNFRSF1B
GO_Biological_Process_2023,Vesicle Transport Along Actin Filament (GO:0030050),1/18,0.0863099571505927,0.1771461145857555,0,0,11.81402257872846,28.942114306609312,MYO1F
GO_Biological_Process_2023,Positive Regulation Of Stress-Activated Protein Kinase Signaling Cascade (GO:0070304),1/18,0.0863099571505927,0.1771461145857555,0,0,11.81402257872846,28.942114306609312,EIF2AK2
GO_Biological_Process_2023,Intracellular Sodium Ion Homeostasis (GO:0006883),1/18,0.0863099571505927,0.1771461145857555,0,0,11.81402257872846,28.942114306609312,SLC8A1
GO_Biological_Process_2023,Pulmonary Valve Morphogenesis (GO:0003184),1/18,0.0863099571505927,0.1771461145857555,0,0,11.81402257872846,28.942114306609312,NOTCH2
GO_Biological_Process_2023,Myoblast Fusion (GO:0007520),1/18,0.0863099571505927,0.1771461145857555,0,0,11.81402257872846,28.942114306609312,DOCK5
GO_Biological_Process_2023,Regulation Of T Cell Cytokine Production (GO:0002724),1/18,0.0863099571505927,0.1771461145857555,0,0,11.81402257872846,28.942114306609312,TNFRSF1B
GO_Biological_Process_2023,Regulation Of Neuroinflammatory Response (GO:0150077),1/19,0.0908825145361798,0.1838710409956579,0,0,11.15712682379349,26.75688382123247,TNFRSF1B
GO_Biological_Process_2023,Regulation Of Protein-Containing Complex Disassembly (GO:0043244),1/19,0.0908825145361798,0.1838710409956579,0,0,11.15712682379349,26.75688382123247,IRAK3
GO_Biological_Process_2023,Cellular Response To Catecholamine Stimulus (GO:0071870),1/19,0.0908825145361798,0.1838710409956579,0,0,11.15712682379349,26.75688382123247,LRRK2
GO_Biological_Process_2023,Regulation Of Tissue Remodeling (GO:0034103),1/19,0.0908825145361798,0.1838710409956579,0,0,11.15712682379349,26.75688382123247,IL15
GO_Biological_Process_2023,Cellular Response To Lectin (GO:1990858),1/19,0.0908825145361798,0.1838710409956579,0,0,11.15712682379349,26.75688382123247,CLEC7A
GO_Biological_Process_2023,Sphingosine Metabolic Process (GO:0006670),1/19,0.0908825145361798,0.1838710409956579,0,0,11.15712682379349,26.75688382123247,SPTLC2
GO_Biological_Process_2023,Stimulatory C-type Lectin Receptor Signaling Pathway (GO:0002223),1/19,0.0908825145361798,0.1838710409956579,0,0,11.15712682379349,26.75688382123247,CLEC7A
GO_Biological_Process_2023,Vesicle Docking (GO:0048278),1/19,0.0908825145361798,0.1838710409956579,0,0,11.15712682379349,26.75688382123247,STX11
GO_Biological_Process_2023,Positive Regulation Of DNA-templated Transcription (GO:0045893),10/1243,0.0921541973388675,0.1857878267957997,0,0,1.682166351266108,4.010775852919738,ZEB2;PLSCR1;CTBP2;STAT1;SLC11A1;NAMPT;MAML3;PLCB1;TLR2;CREB5
GO_Biological_Process_2023,Regulation Of GTPase Activity (GO:0043087),3/214,0.0921674450838924,0.1857878267957997,0,0,2.8859627693360044,6.880563233166467,FGD4;LRRK2;EVI5
GO_Biological_Process_2023,Activation Of GTPase Activity (GO:0090630),2/102,0.0924846891098034,0.1857878267957997,0,0,4.040816326530612,9.62002061056518,RAP1GAP2;EVI5
GO_Biological_Process_2023,Calcium Ion Homeostasis (GO:0055074),2/102,0.0924846891098034,0.1857878267957997,0,0,4.040816326530612,9.62002061056518,TMTC2;SLC8A1
GO_Biological_Process_2023,Fc-gamma Receptor Signaling Pathway Involved In Phagocytosis (GO:0038096),1/20,0.0954324164624814,0.1873290143254582,0,0,10.569377990430622,24.83103038927071,HCK
GO_Biological_Process_2023,Negative Regulation Of Protein Localization To Cell Periphery (GO:1904376),1/20,0.0954324164624814,0.1873290143254582,0,0,10.569377990430622,24.83103038927071,NUMB
GO_Biological_Process_2023,Negative Regulation Of Protein Localization To Plasma Membrane (GO:1903077),1/20,0.0954324164624814,0.1873290143254582,0,0,10.569377990430622,24.83103038927071,NUMB
GO_Biological_Process_2023,Actin Filament-Based Transport (GO:0099515),1/20,0.0954324164624814,0.1873290143254582,0,0,10.569377990430622,24.83103038927071,MYO1F
GO_Biological_Process_2023,Regulation Of Membrane Depolarization (GO:0003254),1/20,0.0954324164624814,0.1873290143254582,0,0,10.569377990430622,24.83103038927071,LRRK2
GO_Biological_Process_2023,Phosphatidylserine Metabolic Process (GO:0006658),1/20,0.0954324164624814,0.1873290143254582,0,0,10.569377990430622,24.83103038927071,PLSCR1
GO_Biological_Process_2023,Positive Regulation Of Embryonic Development (GO:0040019),1/20,0.0954324164624814,0.1873290143254582,0,0,10.569377990430622,24.83103038927071,PLCB1
GO_Biological_Process_2023,Endothelial Cell Development (GO:0001885),1/20,0.0954324164624814,0.1873290143254582,0,0,10.569377990430622,24.83103038927071,PECAM1
GO_Biological_Process_2023,Positive Regulation Of Leukocyte Activation (GO:0002696),1/20,0.0954324164624814,0.1873290143254582,0,0,10.569377990430622,24.83103038927071,CLEC7A
GO_Biological_Process_2023,Lipopolysaccharide-Mediated Signaling Pathway (GO:0031663),1/20,0.0954324164624814,0.1873290143254582,0,0,10.569377990430622,24.83103038927071,HCK
GO_Biological_Process_2023,Microglial Cell Activation (GO:0001774),1/20,0.0954324164624814,0.1873290143254582,0,0,10.569377990430622,24.83103038927071,JAK2
GO_Biological_Process_2023,Negative Regulation Of B Cell Activation (GO:0050869),1/20,0.0954324164624814,0.1873290143254582,0,0,10.569377990430622,24.83103038927071,MNDA
GO_Biological_Process_2023,Regulation Of Cardiac Muscle Contraction By Calcium Ion Signaling (GO:0010882),1/20,0.0954324164624814,0.1873290143254582,0,0,10.569377990430622,24.83103038927071,SLC8A1
GO_Biological_Process_2023,Macroautophagy (GO:0016236),2/104,0.0955625544444408,0.1873290143254582,0,0,3.961184473789516,9.300759047174036,ATG7;STK3
GO_Biological_Process_2023,Positive Regulation Of Stress-Activated MAPK Cascade (GO:0032874),2/105,0.0971124998083676,0.1900391160043056,0,0,3.9225282345948087,9.146885461046203,EIF2AK2;PLCB1
GO_Biological_Process_2023,Positive Regulation Of Transcription By RNA Polymerase II (GO:0045944),8/938,0.0974535486331445,0.1903596367900793,0,0,1.7737260402057036,4.129907242043416,ZEB2;PLSCR1;CTBP2;STAT1;SLC11A1;NAMPT;MAML3;TLR2
GO_Biological_Process_2023,Positive Regulation Of Cell Motility (GO:2000147),3/221,0.0991226873008844,0.1903596367900793,0,0,2.7923011444244774,6.454116294081024,CLEC7A;NUMB;PECAM1
GO_Biological_Process_2023,Protein Localization (GO:0008104),4/351,0.0993698622031553,0.1903596367900793,0,0,2.347862632084534,5.420995077367381,FCN1;LRRK2;LYST;STX11
GO_Biological_Process_2023,Regulation Of Lipopolysaccharide-Mediated Signaling Pathway (GO:0031664),1/21,0.0999597740324998,0.1903596367900793,0,0,10.04040404040404,23.1229243332888,CD36
GO_Biological_Process_2023,Regulation Of Membrane Protein Ectodomain Proteolysis (GO:0051043),1/21,0.0999597740324998,0.1903596367900793,0,0,10.04040404040404,23.1229243332888,TNFRSF1B
GO_Biological_Process_2023,Regulation Of Neurotransmitter Transport (GO:0051588),1/21,0.0999597740324998,0.1903596367900793,0,0,10.04040404040404,23.1229243332888,MCTP1
GO_Biological_Process_2023,Positive Regulation Of G2/M Transition Of Mitotic Cell Cycle (GO:0010971),1/21,0.0999597740324998,0.1903596367900793,0,0,10.04040404040404,23.1229243332888,TNFSF13B
GO_Biological_Process_2023,Sodium Ion Import Across Plasma Membrane (GO:0098719),1/21,0.0999597740324998,0.1903596367900793,0,0,10.04040404040404,23.1229243332888,SLC8A1
GO_Biological_Process_2023,Positive Regulation Of Interferon-Alpha Production (GO:0032727),1/21,0.0999597740324998,0.1903596367900793,0,0,10.04040404040404,23.1229243332888,STAT1
GO_Biological_Process_2023,Lipid Catabolic Process (GO:0016042),1/21,0.0999597740324998,0.1903596367900793,0,0,10.04040404040404,23.1229243332888,AOAH
GO_Biological_Process_2023,Macrophage Differentiation (GO:0030225),1/21,0.0999597740324998,0.1903596367900793,0,0,10.04040404040404,23.1229243332888,IL15
GO_Biological_Process_2023,Protein Mannosylation (GO:0035268),1/21,0.0999597740324998,0.1903596367900793,0,0,10.04040404040404,23.1229243332888,TMTC2
GO_Biological_Process_2023,Modulation By Symbiont Of Entry Into Host (GO:0052372),1/21,0.0999597740324998,0.1903596367900793,0,0,10.04040404040404,23.1229243332888,TRIM25
GO_Biological_Process_2023,Negative Regulation Of GTPase Activity (GO:0034260),1/21,0.0999597740324998,0.1903596367900793,0,0,10.04040404040404,23.1229243332888,LRRK2
GO_Biological_Process_2023,Negative Regulation Of Biomineral Tissue Development (GO:0070168),1/21,0.0999597740324998,0.1903596367900793,0,0,10.04040404040404,23.1229243332888,SRGN
GO_Biological_Process_2023,Regulation Of Cardiac Conduction (GO:1903779),1/21,0.0999597740324998,0.1903596367900793,0,0,10.04040404040404,23.1229243332888,SLC8A1
GO_Biological_Process_2023,Positive Regulation Of T Cell Activation (GO:0050870),2/107,0.1002338670046704,0.1905618744561154,0,0,3.847424684159378,8.850035372430577,IL15;JAK2
GO_Biological_Process_2023,Response To Tumor Necrosis Factor (GO:0034612),2/108,0.1018050719773058,0.1929027657666813,0,0,3.81093569503273,8.70682707358352,LRRK2;JAK2
GO_Biological_Process_2023,Lipid Transport (GO:0006869),2/108,0.1018050719773058,0.1929027657666813,0,0,3.81093569503273,8.70682707358352,ACSL1;CD36
GO_Biological_Process_2023,Positive Regulation Of Protein Modification Process (GO:0031401),3/225,0.1031902700601577,0.1937376340272618,0,0,2.741432153803288,6.226287833009744,LRRK2;PECAM1;ATG7
GO_Biological_Process_2023,Positive Regulation Of Cysteine-Type Endopeptidase Activity Involved In Apoptotic Process (GO:0043280),2/109,0.1033831480896997,0.1937376340272618,0,0,3.775128743086019,8.566949896272241,CLEC7A;JAK2
GO_Biological_Process_2023,Protein Polyubiquitination (GO:0000209),3/226,0.1042175081384444,0.1937376340272618,0,0,2.729000046229948,6.171019960005199,RNF213;TRIM25;TNFSF13B
GO_Biological_Process_2023,Fc Receptor Mediated Stimulatory Signaling Pathway (GO:0002431),1/22,0.104464697819105,0.1937376340272618,0,0,9.561808561808562,21.59922753970687,HCK
GO_Biological_Process_2023,Negative Regulation Of Macroautophagy (GO:0016242),1/22,0.104464697819105,0.1937376340272618,0,0,9.561808561808562,21.59922753970687,LRRK2
GO_Biological_Process_2023,Regulation Of Neural Precursor Cell Proliferation (GO:2000177),1/22,0.104464697819105,0.1937376340272618,0,0,9.561808561808562,21.59922753970687,LRRK2
GO_Biological_Process_2023,Regulation Of Release Of Sequestered Calcium Ion Into Cytosol By Sarcoplasmic Reticulum (GO:0010880),1/22,0.104464697819105,0.1937376340272618,0,0,9.561808561808562,21.59922753970687,SLC8A1
GO_Biological_Process_2023,Cellular Response To Cadmium Ion (GO:0071276),1/22,0.104464697819105,0.1937376340272618,0,0,9.561808561808562,21.59922753970687,SLC11A1
GO_Biological_Process_2023,Cellular Response To Low-Density Lipoprotein Particle Stimulus (GO:0071404),1/22,0.104464697819105,0.1937376340272618,0,0,9.561808561808562,21.59922753970687,CD36
GO_Biological_Process_2023,Postreplication Repair (GO:0006301),1/22,0.104464697819105,0.1937376340272618,0,0,9.561808561808562,21.59922753970687,TNFSF13B
GO_Biological_Process_2023,Mammary Gland Development (GO:0030879),1/22,0.104464697819105,0.1937376340272618,0,0,9.561808561808562,21.59922753970687,JAK2
GO_Biological_Process_2023,Natural Killer Cell Mediated Immunity (GO:0002228),1/22,0.104464697819105,0.1937376340272618,0,0,9.561808561808562,21.59922753970687,LYST
GO_Biological_Process_2023,Negative Regulation Of G Protein-Coupled Receptor Signaling Pathway (GO:0045744),1/22,0.104464697819105,0.1937376340272618,0,0,9.561808561808562,21.59922753970687,GRK3
GO_Biological_Process_2023,T Cell Activation (GO:0042110),2/111,0.1065594896807097,0.1973001970434022,0,0,3.705485864070399,8.296775020722748,JAML;CLEC7A
GO_Biological_Process_2023,Negative Regulation Of Defense Response (GO:0031348),2/112,0.1081575453020714,0.1994438436191891,0,0,3.6716141001855287,8.166280575904093,IRAK3;AOAH
GO_Biological_Process_2023,Negative Regulation Of Oxidative Stress-Induced Cell Death (GO:1903202),1/23,0.1089472978360328,0.1994438436191891,0,0,9.1267217630854,20.232947516534363,LRRK2
GO_Biological_Process_2023,Cellular Response To Interleukin-6 (GO:0071354),1/23,0.1089472978360328,0.1994438436191891,0,0,9.1267217630854,20.232947516534363,JAK2
GO_Biological_Process_2023,Cytosolic Pattern Recognition Receptor Signaling Pathway (GO:0002753),1/23,0.1089472978360328,0.1994438436191891,0,0,9.1267217630854,20.232947516534363,TRIM25
GO_Biological_Process_2023,Glial Cell Development (GO:0021782),1/23,0.1089472978360328,0.1994438436191891,0,0,9.1267217630854,20.232947516534363,TLR2
GO_Biological_Process_2023,Translesion Synthesis (GO:0019985),1/23,0.1089472978360328,0.1994438436191891,0,0,9.1267217630854,20.232947516534363,TNFSF13B
GO_Biological_Process_2023,Long-Chain fatty-acyl-CoA Metabolic Process (GO:0035336),1/23,0.1089472978360328,0.1994438436191891,0,0,9.1267217630854,20.232947516534363,ACSL1
GO_Biological_Process_2023,Negative Regulation Of Multicellular Organismal Process (GO:0051241),3/231,0.1094145195156263,0.1999766177942607,0,0,2.6684753119913185,5.904299638512385,SRGN;IL15;SLC11A1
GO_Biological_Process_2023,Regulation Of Protein Ubiquitination (GO:0031396),2/113,0.109762052329387,0.2002892755528204,0,0,3.638352638352639,8.038723369904124,LRRK2;ISG15
GO_Biological_Process_2023,Regulation Of Cytoskeleton Organization (GO:0051493),2/114,0.1113729080000625,0.2004948923122465,0,0,3.6056851311953353,7.914014366919983,BST2;HCK
GO_Biological_Process_2023,Regulation Of MAP Kinase Activity (GO:0043405),2/114,0.1113729080000625,0.2004948923122465,0,0,3.6056851311953353,7.914014366919983,LRRK2;IRAK3
GO_Biological_Process_2023,Ubiquitin-Dependent Protein Catabolic Process (GO:0006511),4/367,0.1121250688321677,0.2004948923122465,0,0,2.242539026629936,4.906990118768173,RNF213;TRIM25;RNF130;TNFSF13B
GO_Biological_Process_2023,Regulation Of Cytokine Production Involved In Immune Response (GO:0002718),1/24,0.113407683581024,0.2004948923122465,0,0,8.729468599033817,19.002011610155247,TNFRSF1B
GO_Biological_Process_2023,Regulation Of Endoplasmic Reticulum Stress-Induced Intrinsic Apoptotic Signaling Pathway (GO:1902235),1/24,0.113407683581024,0.2004948923122465,0,0,8.729468599033817,19.002011610155247,LRRK2
GO_Biological_Process_2023,Fc-gamma Receptor Signaling Pathway (GO:0038094),1/24,0.113407683581024,0.2004948923122465,0,0,8.729468599033817,19.002011610155247,HCK
GO_Biological_Process_2023,Negative Regulation Of Ossification (GO:0030279),1/24,0.113407683581024,0.2004948923122465,0,0,8.729468599033817,19.002011610155247,SRGN
GO_Biological_Process_2023,Amyloid Fibril Formation (GO:1990000),1/24,0.113407683581024,0.2004948923122465,0,0,8.729468599033817,19.002011610155247,CD36
GO_Biological_Process_2023,Neuromuscular Junction Development (GO:0007528),1/24,0.113407683581024,0.2004948923122465,0,0,8.729468599033817,19.002011610155247,LRRK2
GO_Biological_Process_2023,Regulation Of Viral Life Cycle (GO:1903900),1/24,0.113407683581024,0.2004948923122465,0,0,8.729468599033817,19.002011610155247,TRIM25
GO_Biological_Process_2023,Positive Regulation Of Cell Cycle G2/M Phase Transition (GO:1902751),1/24,0.113407683581024,0.2004948923122465,0,0,8.729468599033817,19.002011610155247,TNFSF13B
GO_Biological_Process_2023,Response To Purine-Containing Compound (GO:0014074),1/24,0.113407683581024,0.2004948923122465,0,0,8.729468599033817,19.002011610155247,STAT1
GO_Biological_Process_2023,Positive Regulation Of Cellular Response To Transforming Growth Factor Beta Stimulus (GO:1903846),1/24,0.113407683581024,0.2004948923122465,0,0,8.729468599033817,19.002011610155247,ZEB2
GO_Biological_Process_2023,Endosome Transport Via Multivesicular Body Sorting Pathway (GO:0032509),1/24,0.113407683581024,0.2004948923122465,0,0,8.729468599033817,19.002011610155247,LYST
GO_Biological_Process_2023,Gliogenesis (GO:0042063),1/24,0.113407683581024,0.2004948923122465,0,0,8.729468599033817,19.002011610155247,VCAN
GO_Biological_Process_2023,Iron Ion Transport (GO:0006826),1/24,0.113407683581024,0.2004948923122465,0,0,8.729468599033817,19.002011610155247,SLC11A1
GO_Biological_Process_2023,Positive Regulation Of Transforming Growth Factor Beta Receptor Signaling Pathway (GO:0030511),1/24,0.113407683581024,0.2004948923122465,0,0,8.729468599033817,19.002011610155247,ZEB2
GO_Biological_Process_2023,Lipid Translocation (GO:0034204),1/24,0.113407683581024,0.2004948923122465,0,0,8.729468599033817,19.002011610155247,ATP11A
GO_Biological_Process_2023,Natural Killer Cell Mediated Cytotoxicity (GO:0042267),1/24,0.113407683581024,0.2004948923122465,0,0,8.729468599033817,19.002011610155247,LYST
GO_Biological_Process_2023,Negative Regulation Of Cell Junction Assembly (GO:1901889),1/24,0.113407683581024,0.2004948923122465,0,0,8.729468599033817,19.002011610155247,TLR2
GO_Biological_Process_2023,Inflammatory Response (GO:0006954),3/236,0.1147106180518188,0.2008878266354232,0,0,2.6105482058316003,5.652731465913171,SLC11A1;CYBB;TLR2
GO_Biological_Process_2023,Cellular Response To Molecule Of Bacterial Origin (GO:0071219),2/117,0.11624255158408,0.2008878266354232,0,0,3.5110913930789707,7.55613660564706,TNFRSF1B;TLR2
GO_Biological_Process_2023,Protein Maturation (GO:0051604),2/117,0.11624255158408,0.2008878266354232,0,0,3.5110913930789707,7.55613660564706,SRGN;CTSS
GO_Biological_Process_2023,Protein Processing (GO:0016485),2/117,0.11624255158408,0.2008878266354232,0,0,3.5110913930789707,7.55613660564706,SRGN;CTSS
GO_Biological_Process_2023,Negative Regulation Of Intracellular Protein Transport (GO:0090317),1/25,0.1178459640404217,0.2008878266354232,0,0,8.365319865319865,17.88820673407011,LRRK2
GO_Biological_Process_2023,Negative Regulation Of Protein Localization To Membrane (GO:1905476),1/25,0.1178459640404217,0.2008878266354232,0,0,8.365319865319865,17.88820673407011,NUMB
GO_Biological_Process_2023,Regulation Of Keratinocyte Proliferation (GO:0010837),1/25,0.1178459640404217,0.2008878266354232,0,0,8.365319865319865,17.88820673407011,NOTCH2
GO_Biological_Process_2023,Negative Regulation Of Response To Endoplasmic Reticulum Stress (GO:1903573),1/25,0.1178459640404217,0.2008878266354232,0,0,8.365319865319865,17.88820673407011,LRRK2
GO_Biological_Process_2023,Regulation Of Lysosomal Lumen pH (GO:0035751),1/25,0.1178459640404217,0.2008878266354232,0,0,8.365319865319865,17.88820673407011,LRRK2
GO_Biological_Process_2023,Regulation Of Platelet Aggregation (GO:0090330),1/25,0.1178459640404217,0.2008878266354232,0,0,8.365319865319865,17.88820673407011,JAK2
GO_Biological_Process_2023,Regulation Of Postsynapse Organization (GO:0099175),1/25,0.1178459640404217,0.2008878266354232,0,0,8.365319865319865,17.88820673407011,LRRK2
GO_Biological_Process_2023,Cardiac Conduction System Development (GO:0003161),1/25,0.1178459640404217,0.2008878266354232,0,0,8.365319865319865,17.88820673407011,NOTCH2
GO_Biological_Process_2023,Regulation Of Protein Processing (GO:0070613),1/25,0.1178459640404217,0.2008878266354232,0,0,8.365319865319865,17.88820673407011,LRRK2
GO_Biological_Process_2023,"Chemical Synaptic Transmission, Postsynaptic (GO:0099565)",1/25,0.1178459640404217,0.2008878266354232,0,0,8.365319865319865,17.88820673407011,LRRK2
GO_Biological_Process_2023,Response To dsRNA (GO:0043331),1/25,0.1178459640404217,0.2008878266354232,0,0,8.365319865319865,17.88820673407011,IRAK3
GO_Biological_Process_2023,Sodium Ion Homeostasis (GO:0055078),1/25,0.1178459640404217,0.2008878266354232,0,0,8.365319865319865,17.88820673407011,SLC8A1
GO_Biological_Process_2023,Sterol Transport (GO:0015918),1/25,0.1178459640404217,0.2008878266354232,0,0,8.365319865319865,17.88820673407011,CD36
GO_Biological_Process_2023,Positive Regulation Of Interleukin-2 Production (GO:0032743),1/25,0.1178459640404217,0.2008878266354232,0,0,8.365319865319865,17.88820673407011,CLEC7A
GO_Biological_Process_2023,fatty-acyl-CoA Biosynthetic Process (GO:0046949),1/25,0.1178459640404217,0.2008878266354232,0,0,8.365319865319865,17.88820673407011,ACSL1
GO_Biological_Process_2023,Positive Regulation Of Peptidase Activity (GO:0010952),1/25,0.1178459640404217,0.2008878266354232,0,0,8.365319865319865,17.88820673407011,CTSS
GO_Biological_Process_2023,Positive Regulation Of Striated Muscle Cell Differentiation (GO:0051155),1/25,0.1178459640404217,0.2008878266354232,0,0,8.365319865319865,17.88820673407011,ATP11A
GO_Biological_Process_2023,Myotube Differentiation (GO:0014902),1/25,0.1178459640404217,0.2008878266354232,0,0,8.365319865319865,17.88820673407011,DOCK5
GO_Biological_Process_2023,Regulation Of Cell Size (GO:0008361),1/25,0.1178459640404217,0.2008878266354232,0,0,8.365319865319865,17.88820673407011,RAP1GAP2
GO_Biological_Process_2023,Regulation Of Small GTPase Mediated Signal Transduction (GO:0051056),2/118,0.1178777907834289,0.2008878266354232,0,0,3.480647431386348,7.441996159064892,FGD4;ARHGAP26
GO_Biological_Process_2023,Regulation Of Protein Kinase Activity (GO:0045859),2/119,0.1195188772922953,0.2033791989906375,0,0,3.450723879295308,7.330307004338375,GNAQ;LRRK2
GO_Biological_Process_2023,Positive Regulation Of Protein Phosphorylation (GO:0001934),4/377,0.1204515983876109,0.2046595272005066,0,0,2.1813002680965146,4.616737897020758,IL15;LRRK2;PECAM1;JAK2
GO_Biological_Process_2023,Negative Regulation Of Insulin Receptor Signaling Pathway (GO:0046627),1/26,0.1222622476286691,0.2049743737940022,0,0,8.030303030303031,16.876380218002918,PTPRE
GO_Biological_Process_2023,Regulation Of Interferon-Alpha Production (GO:0032647),1/26,0.1222622476286691,0.2049743737940022,0,0,8.030303030303031,16.876380218002918,STAT1
GO_Biological_Process_2023,Acute Inflammatory Response (GO:0002526),1/26,0.1222622476286691,0.2049743737940022,0,0,8.030303030303031,16.876380218002918,PLSCR1
GO_Biological_Process_2023,Antigen Processing And Presentation Of Exogenous Peptide Antigen Via MHC Class II (GO:0019886),1/26,0.1222622476286691,0.2049743737940022,0,0,8.030303030303031,16.876380218002918,CTSS
GO_Biological_Process_2023,Cardiac Muscle Cell Development (GO:0055013),1/26,0.1222622476286691,0.2049743737940022,0,0,8.030303030303031,16.876380218002918,SLC8A1
GO_Biological_Process_2023,Regulation Of Reactive Oxygen Species Biosynthetic Process (GO:1903426),1/26,0.1222622476286691,0.2049743737940022,0,0,8.030303030303031,16.876380218002918,CD36
GO_Biological_Process_2023,Plasma Membrane Invagination (GO:0099024),1/26,0.1222622476286691,0.2049743737940022,0,0,8.030303030303031,16.876380218002918,CD36
GO_Biological_Process_2023,Positive Regulation Of Erythrocyte Differentiation (GO:0045648),1/26,0.1222622476286691,0.2049743737940022,0,0,8.030303030303031,16.876380218002918,STAT1
GO_Biological_Process_2023,Protein Localization To Cell Surface (GO:0034394),1/26,0.1222622476286691,0.2049743737940022,0,0,8.030303030303031,16.876380218002918,FCN1
GO_Biological_Process_2023,Receptor-Mediated Endocytosis (GO:0006898),2/122,0.1244762469056777,0.2077388569562258,0,0,3.3639455782312924,7.0092528065471456,GRK3;CD36
GO_Biological_Process_2023,Positive Regulation Of Epithelial Cell Proliferation (GO:0050679),2/123,0.1261397529272332,0.2077388569562258,0,0,3.335975712599089,6.906686810673667,NOTCH2;JAML
GO_Biological_Process_2023,Modulation Of Chemical Synaptic Transmission (GO:0050804),2/123,0.1261397529272332,0.2077388569562258,0,0,3.335975712599089,6.906686810673667,MCTP1;LRRK2
GO_Biological_Process_2023,DNA Synthesis Involved In DNA Repair (GO:0000731),1/27,0.1266566423028266,0.2077388569562258,0,0,7.721056721056721,15.953830010816358,TNFSF13B
GO_Biological_Process_2023,T Cell Activation Involved In Immune Response (GO:0002286),1/27,0.1266566423028266,0.2077388569562258,0,0,7.721056721056721,15.953830010816358,SLC11A1
GO_Biological_Process_2023,Activation Of Phospholipase C Activity (GO:0007202),1/27,0.1266566423028266,0.2077388569562258,0,0,7.721056721056721,15.953830010816358,GNAQ
GO_Biological_Process_2023,Regulation Of Mitochondrial Fission (GO:0090140),1/27,0.1266566423028266,0.2077388569562258,0,0,7.721056721056721,15.953830010816358,LRRK2
GO_Biological_Process_2023,Regulation Of Peptidase Activity (GO:0052547),1/27,0.1266566423028266,0.2077388569562258,0,0,7.721056721056721,15.953830010816358,CTSS
GO_Biological_Process_2023,Cardiac Muscle Cell Differentiation (GO:0055007),1/27,0.1266566423028266,0.2077388569562258,0,0,7.721056721056721,15.953830010816358,SLC8A1
GO_Biological_Process_2023,Positive Regulation Of Calcium Ion Transmembrane Transporter Activity (GO:1901021),1/27,0.1266566423028266,0.2077388569562258,0,0,7.721056721056721,15.953830010816358,VMP1
GO_Biological_Process_2023,Positive Regulation Of Immune System Process (GO:0002684),1/27,0.1266566423028266,0.2077388569562258,0,0,7.721056721056721,15.953830010816358,IL15
GO_Biological_Process_2023,Positive Regulation Of Response To Wounding (GO:1903036),1/27,0.1266566423028266,0.2077388569562258,0,0,7.721056721056721,15.953830010816358,CLEC7A
GO_Biological_Process_2023,Myeloid Cell Development (GO:0061515),1/27,0.1266566423028266,0.2077388569562258,0,0,7.721056721056721,15.953830010816358,TLR2
GO_Biological_Process_2023,Regulation Of SMAD Protein Signal Transduction (GO:0060390),1/27,0.1266566423028266,0.2077388569562258,0,0,7.721056721056721,15.953830010816358,JAK2
GO_Biological_Process_2023,Negative Regulation Of Cellular Response To Insulin Stimulus (GO:1900077),1/27,0.1266566423028266,0.2077388569562258,0,0,7.721056721056721,15.953830010816358,PTPRE
GO_Biological_Process_2023,Cellular Response To Lipopolysaccharide (GO:0071222),2/124,0.1278086254209237,0.2090241928713954,0,0,3.308464369354299,6.806243198091332,HCK;TNFRSF1B
GO_Biological_Process_2023,Enzyme-Linked Receptor Protein Signaling Pathway (GO:0007167),2/124,0.1278086254209237,0.2090241928713954,0,0,3.308464369354299,6.806243198091332,HCK;JAK2
GO_Biological_Process_2023,Antigen Processing And Presentation Of Peptide Antigen Via MHC Class II (GO:0002495),1/28,0.1310292553948657,0.2127585191318635,0,0,7.434717545828657,15.109834134055738,CTSS
GO_Biological_Process_2023,Apoptotic Cell Clearance (GO:0043277),1/28,0.1310292553948657,0.2127585191318635,0,0,7.434717545828657,15.109834134055738,FCN1
GO_Biological_Process_2023,Positive Regulation Of Defense Response To Virus By Host (GO:0002230),1/28,0.1310292553948657,0.2127585191318635,0,0,7.434717545828657,15.109834134055738,STAT1
GO_Biological_Process_2023,Establishment Of Endothelial Barrier (GO:0061028),1/28,0.1310292553948657,0.2127585191318635,0,0,7.434717545828657,15.109834134055738,PECAM1
GO_Biological_Process_2023,Membrane Fusion (GO:0061025),1/28,0.1310292553948657,0.2127585191318635,0,0,7.434717545828657,15.109834134055738,STX11
GO_Biological_Process_2023,Regulation Of Developmental Growth (GO:0048638),1/29,0.13538019382269,0.2167228772760976,0,0,7.1688311688311686,14.335283778329618,PLCB1
GO_Biological_Process_2023,JNK Cascade (GO:0007254),1/29,0.13538019382269,0.2167228772760976,0,0,7.1688311688311686,14.335283778329618,LRRK2
GO_Biological_Process_2023,Alpha-Amino Acid Catabolic Process (GO:1901606),1/29,0.13538019382269,0.2167228772760976,0,0,7.1688311688311686,14.335283778329618,KYNU
GO_Biological_Process_2023,Cardiac Muscle Cell Action Potential (GO:0086001),1/29,0.13538019382269,0.2167228772760976,0,0,7.1688311688311686,14.335283778329618,SLC8A1
GO_Biological_Process_2023,Positive Regulation Of B Cell Proliferation (GO:0030890),1/29,0.13538019382269,0.2167228772760976,0,0,7.1688311688311686,14.335283778329618,TNFSF13B
GO_Biological_Process_2023,Defense Response To Fungus (GO:0050832),1/29,0.13538019382269,0.2167228772760976,0,0,7.1688311688311686,14.335283778329618,CLEC7A
GO_Biological_Process_2023,Integrated Stress Response Signaling (GO:0140467),1/29,0.13538019382269,0.2167228772760976,0,0,7.1688311688311686,14.335283778329618,EIF2AK2
GO_Biological_Process_2023,Lipid Droplet Organization (GO:0034389),1/29,0.13538019382269,0.2167228772760976,0,0,7.1688311688311686,14.335283778329618,RNF213
GO_Biological_Process_2023,Maintenance Of Blood-Brain Barrier (GO:0035633),1/29,0.13538019382269,0.2167228772760976,0,0,7.1688311688311686,14.335283778329618,PECAM1
GO_Biological_Process_2023,Negative Regulation Of DNA Binding (GO:0043392),1/29,0.13538019382269,0.2167228772760976,0,0,7.1688311688311686,14.335283778329618,JAK2
GO_Biological_Process_2023,Golgi Organization (GO:0007030),2/130,0.1379293598318549,0.2204927090269793,0,0,3.152423469387755,6.244993797842871,VMP1;LRRK2
GO_Biological_Process_2023,Regulation Of Dendritic Spine Morphogenesis (GO:0061001),1/30,0.1397095639188418,0.2214669763238624,0,0,6.921281783350749,13.622394510819325,LRRK2
GO_Biological_Process_2023,Negative Regulation Of Peptidyl-Tyrosine Phosphorylation (GO:0050732),1/30,0.1397095639188418,0.2214669763238624,0,0,6.921281783350749,13.622394510819325,PARP14
GO_Biological_Process_2023,Regulation Of Macrophage Derived Foam Cell Differentiation (GO:0010743),1/30,0.1397095639188418,0.2214669763238624,0,0,6.921281783350749,13.622394510819325,CD36
GO_Biological_Process_2023,"Phagocytosis, Engulfment (GO:0006911)",1/30,0.1397095639188418,0.2214669763238624,0,0,6.921281783350749,13.622394510819325,CD36
GO_Biological_Process_2023,Prostaglandin Metabolic Process (GO:0006693),1/30,0.1397095639188418,0.2214669763238624,0,0,6.921281783350749,13.622394510819325,TBXAS1
GO_Biological_Process_2023,Mitotic G2 DNA Damage Checkpoint Signaling (GO:0007095),1/30,0.1397095639188418,0.2214669763238624,0,0,6.921281783350749,13.622394510819325,TNFSF13B
GO_Biological_Process_2023,Regulation Of Apoptotic Process (GO:0042981),6/705,0.1416299768709821,0.2241980805419313,0,0,1.7533558579125197,3.426999633221168,NOTCH2;HCK;STAT1;MNDA;ATG7;STK3
GO_Biological_Process_2023,Negative Regulation Of Cell Motility (GO:2000146),2/133,0.1430547538373086,0.2257732460690445,0,0,3.07976320299112,5.988685251990531,BST2;MCTP1
GO_Biological_Process_2023,Antigen Processing And Presentation Of Exogenous Peptide Antigen (GO:0002478),1/31,0.1440174715013112,0.2257732460690445,0,0,6.69023569023569,12.964476920040203,CTSS
GO_Biological_Process_2023,Non-Motile Cilium Assembly (GO:1905515),1/31,0.1440174715013112,0.2257732460690445,0,0,6.69023569023569,12.964476920040203,DISC1
GO_Biological_Process_2023,Regulation Of Response To Biotic Stimulus (GO:0002831),1/31,0.1440174715013112,0.2257732460690445,0,0,6.69023569023569,12.964476920040203,CD36
GO_Biological_Process_2023,Positive Regulation Of G1/S Transition Of Mitotic Cell Cycle (GO:1900087),1/31,0.1440174715013112,0.2257732460690445,0,0,6.69023569023569,12.964476920040203,PLCB1
GO_Biological_Process_2023,Leukocyte Cell-Cell Adhesion (GO:0007159),1/31,0.1440174715013112,0.2257732460690445,0,0,6.69023569023569,12.964476920040203,PECAM1
GO_Biological_Process_2023,Modulation Of Excitatory Postsynaptic Potential (GO:0098815),1/31,0.1440174715013112,0.2257732460690445,0,0,6.69023569023569,12.964476920040203,LRRK2
GO_Biological_Process_2023,Cellular Response To Metal Ion (GO:0071248),2/135,0.146494146719129,0.2293391124499468,0,0,3.03314408470155,5.82597157350083,CPNE8;LRRK2
GO_Biological_Process_2023,Cellular Nitrogen Compound Biosynthetic Process (GO:0044271),1/32,0.1483040219339779,0.2305822806781711,0,0,6.474095796676441,12.355752978101908,SPTLC2
GO_Biological_Process_2023,Transition Metal Ion Transport (GO:0000041),1/32,0.1483040219339779,0.2305822806781711,0,0,6.474095796676441,12.355752978101908,SLC11A1
GO_Biological_Process_2023,Very Long-Chain Fatty Acid Metabolic Process (GO:0000038),1/32,0.1483040219339779,0.2305822806781711,0,0,6.474095796676441,12.355752978101908,ACSL1
GO_Biological_Process_2023,Purine Ribonucleoside Triphosphate Metabolic Process (GO:0009205),1/32,0.1483040219339779,0.2305822806781711,0,0,6.474095796676441,12.355752978101908,LRRK2
GO_Biological_Process_2023,Muscle Cell Development (GO:0055001),1/32,0.1483040219339779,0.2305822806781711,0,0,6.474095796676441,12.355752978101908,SLC8A1
GO_Biological_Process_2023,Protein Localization To Organelle (GO:0033365),2/137,0.1499507080843318,0.2328236028395576,0,0,2.9879062736205597,5.669398730173793,LRRK2;ISG15
GO_Biological_Process_2023,Carboxylic Acid Metabolic Process (GO:0019752),1/33,0.152569319997184,0.2349608930757176,0,0,6.271464646464646,11.79120788980768,TBXAS1
GO_Biological_Process_2023,Cardiac Muscle Contraction (GO:0060048),1/33,0.152569319997184,0.2349608930757176,0,0,6.271464646464646,11.79120788980768,SLC8A1
GO_Biological_Process_2023,Positive Regulation Of Cytokine Production Involved In Immune Response (GO:0002720),1/33,0.152569319997184,0.2349608930757176,0,0,6.271464646464646,11.79120788980768,CLEC7A
GO_Biological_Process_2023,Positive Regulation Of Ion Transmembrane Transporter Activity (GO:0032414),1/33,0.152569319997184,0.2349608930757176,0,0,6.271464646464646,11.79120788980768,CTSS
GO_Biological_Process_2023,Positive Regulation Of Reproductive Process (GO:2000243),1/33,0.152569319997184,0.2349608930757176,0,0,6.271464646464646,11.79120788980768,PLCB1
GO_Biological_Process_2023,Inositol Lipid-Mediated Signaling (GO:0048017),1/33,0.152569319997184,0.2349608930757176,0,0,6.271464646464646,11.79120788980768,PLCB1
GO_Biological_Process_2023,Negative Regulation Of Wnt Signaling Pathway (GO:0030178),2/140,0.1551662685109655,0.2386364698644253,0,0,2.922508133688258,5.445386768069675,RNF213;STK3
GO_Biological_Process_2023,Negative Regulation Of Interleukin-6 Production (GO:0032715),1/34,0.1568134700259566,0.2392248501068021,0,0,6.081114172023263,11.266469699963473,IRAK3
GO_Biological_Process_2023,Regulation Of Neuronal Synaptic Plasticity (GO:0048168),1/34,0.1568134700259566,0.2392248501068021,0,0,6.081114172023263,11.266469699963473,MCTP1
GO_Biological_Process_2023,Cellular Response To Amyloid-Beta (GO:1904646),1/34,0.1568134700259566,0.2392248501068021,0,0,6.081114172023263,11.266469699963473,CD36
GO_Biological_Process_2023,Response To Estrogen (GO:0043627),1/34,0.1568134700259566,0.2392248501068021,0,0,6.081114172023263,11.266469699963473,TRIM25
GO_Biological_Process_2023,Glial Cell Differentiation (GO:0010001),1/34,0.1568134700259566,0.2392248501068021,0,0,6.081114172023263,11.266469699963473,VCAN
GO_Biological_Process_2023,Regulation Of calcineurin-NFAT Signaling Cascade (GO:0070884),1/34,0.1568134700259566,0.2392248501068021,0,0,6.081114172023263,11.266469699963473,CLEC7A
GO_Biological_Process_2023,Plasma Membrane Bounded Cell Projection Assembly (GO:0120031),3/275,0.1590657162940255,0.2423350174412335,0,0,2.231807155852032,4.103038753963262,FGD4;SCLT1;DISC1
GO_Biological_Process_2023,Action Potential (GO:0001508),1/35,0.1610365757741949,0.2427310936304266,0,0,5.901960784313726,10.777710825180796,GNAQ
GO_Biological_Process_2023,Regulation Of mRNA Processing (GO:0050684),1/35,0.1610365757741949,0.2427310936304266,0,0,5.901960784313726,10.777710825180796,QKI
GO_Biological_Process_2023,Regulation Of Postsynaptic Membrane Potential (GO:0060078),1/35,0.1610365757741949,0.2427310936304266,0,0,5.901960784313726,10.777710825180796,LRRK2
GO_Biological_Process_2023,Regulation Of Regulated Secretory Pathway (GO:1903305),1/35,0.1610365757741949,0.2427310936304266,0,0,5.901960784313726,10.777710825180796,LRRK2
GO_Biological_Process_2023,Response To Exogenous dsRNA (GO:0043330),1/35,0.1610365757741949,0.2427310936304266,0,0,5.901960784313726,10.777710825180796,IRAK3
GO_Biological_Process_2023,Positive Regulation Of Substrate Adhesion-Dependent Cell Spreading (GO:1900026),1/35,0.1610365757741949,0.2427310936304266,0,0,5.901960784313726,10.777710825180796,DOCK5
GO_Biological_Process_2023,Regulation Of G2/M Transition Of Mitotic Cell Cycle (GO:0010389),1/35,0.1610365757741949,0.2427310936304266,0,0,5.901960784313726,10.777710825180796,TNFSF13B
GO_Biological_Process_2023,Regulation Of Cardiac Muscle Contraction (GO:0055117),1/35,0.1610365757741949,0.2427310936304266,0,0,5.901960784313726,10.777710825180796,SLC8A1
GO_Biological_Process_2023,Positive Regulation Of Protein Kinase Activity (GO:0045860),2/145,0.1639353180302545,0.2461640806943696,0,0,2.819608962466105,5.0986518873563975,SLC11A1;LRRK2
GO_Biological_Process_2023,Regulation Of Erythrocyte Differentiation (GO:0045646),1/36,0.165238740567014,0.2461640806943696,0,0,5.733044733044733,10.321566994169176,STAT1
GO_Biological_Process_2023,Negative Regulation Of Organelle Assembly (GO:1902116),1/36,0.165238740567014,0.2461640806943696,0,0,5.733044733044733,10.321566994169176,LRRK2
GO_Biological_Process_2023,Negative Regulation Of Sequestering Of Calcium Ion (GO:0051283),1/36,0.165238740567014,0.2461640806943696,0,0,5.733044733044733,10.321566994169176,PLCB1
GO_Biological_Process_2023,Positive Regulation Of Myeloid Cell Differentiation (GO:0045639),1/36,0.165238740567014,0.2461640806943696,0,0,5.733044733044733,10.321566994169176,STAT1
GO_Biological_Process_2023,Positive Regulation Of Phospholipase C Activity (GO:0010863),1/36,0.165238740567014,0.2461640806943696,0,0,5.733044733044733,10.321566994169176,GNAQ
GO_Biological_Process_2023,Positive Regulation Of Signaling Receptor Activity (GO:2000273),1/36,0.165238740567014,0.2461640806943696,0,0,5.733044733044733,10.321566994169176,JAK2
GO_Biological_Process_2023,Lytic Vacuole Organization (GO:0080171),1/36,0.165238740567014,0.2461640806943696,0,0,5.733044733044733,10.321566994169176,LRRK2
GO_Biological_Process_2023,Negative Regulation Of Response To External Stimulus (GO:0032102),2/146,0.1656998745819369,0.2461640806943696,0,0,2.799886621315193,5.033012105126492,IRAK3;AOAH
GO_Biological_Process_2023,Neuron Projection Morphogenesis (GO:0048812),2/146,0.1656998745819369,0.2461640806943696,0,0,2.799886621315193,5.033012105126492,LRRK2;GAS7
GO_Biological_Process_2023,Positive Regulation Of Cellular Catabolic Process (GO:0031331),2/146,0.1656998745819369,0.2461640806943696,0,0,2.799886621315193,5.033012105126492,LRRK2;TNFRSF1B
GO_Biological_Process_2023,Negative Regulation Of Protein Metabolic Process (GO:0051248),2/147,0.1674678305136682,0.247479763512796,0,0,2.780436312456017,4.968539602428729,EIF2AK2;IRAK3
GO_Biological_Process_2023,Positive Regulation Of Cell Differentiation (GO:0045597),3/283,0.1687481770198696,0.247479763512796,0,0,2.1671575846833577,3.8561269768244575,CD36;PLCB1;RIN2
GO_Biological_Process_2023,Negative Regulation Of Endothelial Cell Proliferation (GO:0001937),1/37,0.1694200671801256,0.247479763512796,0,0,5.57351290684624,9.895070145641316,STAT1
GO_Biological_Process_2023,Regulation Of Defense Response To Virus By Host (GO:0050691),1/37,0.1694200671801256,0.247479763512796,0,0,5.57351290684624,9.895070145641316,STAT1
GO_Biological_Process_2023,RNA Stabilization (GO:0043489),1/37,0.1694200671801256,0.247479763512796,0,0,5.57351290684624,9.895070145641316,SLC11A1
GO_Biological_Process_2023,Calcium Ion Import Across Plasma Membrane (GO:0098703),1/37,0.1694200671801256,0.247479763512796,0,0,5.57351290684624,9.895070145641316,SLC8A1
GO_Biological_Process_2023,Positive Regulation Of Immune Effector Process (GO:0002699),1/37,0.1694200671801256,0.247479763512796,0,0,5.57351290684624,9.895070145641316,FCN1
GO_Biological_Process_2023,Type I Interferon-Mediated Signaling Pathway (GO:0060337),1/37,0.1694200671801256,0.247479763512796,0,0,5.57351290684624,9.895070145641316,STAT1
GO_Biological_Process_2023,Positive Regulation Of Receptor Signaling Pathway Via JAK-STAT (GO:0046427),1/37,0.1694200671801256,0.247479763512796,0,0,5.57351290684624,9.895070145641316,JAK2
GO_Biological_Process_2023,Positive Regulation Of Receptor Signaling Pathway Via STAT (GO:1904894),1/37,0.1694200671801256,0.247479763512796,0,0,5.57351290684624,9.895070145641316,JAK2
GO_Biological_Process_2023,Melanosome Organization (GO:0032438),1/37,0.1694200671801256,0.247479763512796,0,0,5.57351290684624,9.895070145641316,LYST
GO_Biological_Process_2023,Mitochondrion Disassembly (GO:0061726),1/37,0.1694200671801256,0.247479763512796,0,0,5.57351290684624,9.895070145641316,ATG7
GO_Biological_Process_2023,Regulation Of Cellular Component Biogenesis (GO:0044087),1/37,0.1694200671801256,0.247479763512796,0,0,5.57351290684624,9.895070145641316,CD36
GO_Biological_Process_2023,Negative Regulation Of Protein Phosphorylation (GO:0001933),2/149,0.1710136332671059,0.249166205081085,0,0,2.7423295848951827,4.842986951998436,GNAQ;LRRK2
GO_Biological_Process_2023,Negative Regulation Of DNA-binding Transcription Factor Activity (GO:0043433),2/149,0.1710136332671059,0.249166205081085,0,0,2.7423295848951827,4.842986951998436,LRRK2;IRAK3
GO_Biological_Process_2023,Protein Ubiquitination (GO:0016567),4/434,0.1725739347940974,0.2500178258279126,0,0,1.886627906976744,3.3146722759177285,RNF213;TRIM25;ISG15;TNFSF13B
GO_Biological_Process_2023,G2/M Transition Of Mitotic Cell Cycle (GO:0000086),1/38,0.1735806579316256,0.2500178258279126,0,0,5.422604422604422,9.495592558231127,PLCB1
GO_Biological_Process_2023,Amino Acid Catabolic Process (GO:0009063),1/38,0.1735806579316256,0.2500178258279126,0,0,5.422604422604422,9.495592558231127,KYNU
GO_Biological_Process_2023,Negative Regulation Of Type I Interferon Production (GO:0032480),1/38,0.1735806579316256,0.2500178258279126,0,0,5.422604422604422,9.495592558231127,XAF1
GO_Biological_Process_2023,Cellular Response To Type I Interferon (GO:0071357),1/38,0.1735806579316256,0.2500178258279126,0,0,5.422604422604422,9.495592558231127,STAT1
GO_Biological_Process_2023,Response To cAMP (GO:0051591),1/38,0.1735806579316256,0.2500178258279126,0,0,5.422604422604422,9.495592558231127,STAT1
GO_Biological_Process_2023,Positive Regulation Of Cation Channel Activity (GO:2001259),1/38,0.1735806579316256,0.2500178258279126,0,0,5.422604422604422,9.495592558231127,CTSS
GO_Biological_Process_2023,Response To Peptide (GO:1901652),1/38,0.1735806579316256,0.2500178258279126,0,0,5.422604422604422,9.495592558231127,STAT1
GO_Biological_Process_2023,Positive Regulation Of Myoblast Differentiation (GO:0045663),1/38,0.1735806579316256,0.2500178258279126,0,0,5.422604422604422,9.495592558231127,PLCB1
GO_Biological_Process_2023,Negative Regulation Of Lymphocyte Proliferation (GO:0050672),1/39,0.1777206145684703,0.2537269151386337,0,0,5.279638490164806,9.12080010262218,MNDA
GO_Biological_Process_2023,Negative Regulation Of Transport (GO:0051051),1/39,0.1777206145684703,0.2537269151386337,0,0,5.279638490164806,9.12080010262218,MCTP1
GO_Biological_Process_2023,Regulation Of Mitochondrial Membrane Potential (GO:0051881),1/39,0.1777206145684703,0.2537269151386337,0,0,5.279638490164806,9.12080010262218,LRRK2
GO_Biological_Process_2023,Regulation Of Protein Targeting To Mitochondrion (GO:1903214),1/39,0.1777206145684703,0.2537269151386337,0,0,5.279638490164806,9.12080010262218,LRRK2
GO_Biological_Process_2023,Release Of Sequestered Calcium Ion Into Cytosol (GO:0051209),1/39,0.1777206145684703,0.2537269151386337,0,0,5.279638490164806,9.12080010262218,PLCB1
GO_Biological_Process_2023,Positive Regulation Of Pattern Recognition Receptor Signaling Pathway (GO:0062208),1/39,0.1777206145684703,0.2537269151386337,0,0,5.279638490164806,9.12080010262218,TLR2
GO_Biological_Process_2023,Vesicle Cytoskeletal Trafficking (GO:0099518),1/39,0.1777206145684703,0.2537269151386337,0,0,5.279638490164806,9.12080010262218,MYO1F
GO_Biological_Process_2023,Regulation Of Cellular Component Organization (GO:0051128),2/153,0.1781426883872586,0.2540099890948977,0,0,2.6691444789836463,4.604729127640162,IRAK3;CD36
GO_Biological_Process_2023,Epithelium Development (GO:0060429),2/154,0.1799323214637967,0.2560650665456602,0,0,2.651450053705693,4.547699495381422,STAT1;JAK2
GO_Biological_Process_2023,Regulation Of Cytokine-Mediated Signaling Pathway (GO:0001959),1/40,0.1818400384456406,0.2560650665456602,0,0,5.144004144004144,8.768612919919887,IRAK3
GO_Biological_Process_2023,Negative Regulation Of Secretion By Cell (GO:1903531),1/40,0.1818400384456406,0.2560650665456602,0,0,5.144004144004144,8.768612919919887,TNFRSF1B
GO_Biological_Process_2023,Aortic Valve Development (GO:0003176),1/40,0.1818400384456406,0.2560650665456602,0,0,5.144004144004144,8.768612919919887,TNFRSF1B
GO_Biological_Process_2023,Cell Cycle G2/M Phase Transition (GO:0044839),1/40,0.1818400384456406,0.2560650665456602,0,0,5.144004144004144,8.768612919919887,PLCB1
GO_Biological_Process_2023,Cyclic-Nucleotide-Mediated Signaling (GO:0019935),1/40,0.1818400384456406,0.2560650665456602,0,0,5.144004144004144,8.768612919919887,CD36
GO_Biological_Process_2023,Positive Regulation Of Cell Cycle G1/S Phase Transition (GO:1902808),1/40,0.1818400384456406,0.2560650665456602,0,0,5.144004144004144,8.768612919919887,PLCB1
GO_Biological_Process_2023,Endothelial Cell Migration (GO:0043542),1/40,0.1818400384456406,0.2560650665456602,0,0,5.144004144004144,8.768612919919887,STAT1
GO_Biological_Process_2023,Positive Regulation Of Wound Healing (GO:0090303),1/40,0.1818400384456406,0.2560650665456602,0,0,5.144004144004144,8.768612919919887,CLEC7A
GO_Biological_Process_2023,Regulation Of Autophagosome Assembly (GO:2000785),1/40,0.1818400384456406,0.2560650665456602,0,0,5.144004144004144,8.768612919919887,LRRK2
GO_Biological_Process_2023,Negative Regulation Of mRNA Catabolic Process (GO:1902373),1/41,0.1859390303366049,0.2595827791292085,0,0,5.015151515151516,8.43717221072756,SLC11A1
GO_Biological_Process_2023,Negative Regulation Of Proteolysis (GO:0045861),1/41,0.1859390303366049,0.2595827791292085,0,0,5.015151515151516,8.43717221072756,LRRK2
GO_Biological_Process_2023,Positive Regulation Of Actin Filament Polymerization (GO:0030838),1/41,0.1859390303366049,0.2595827791292085,0,0,5.015151515151516,8.43717221072756,HCK
GO_Biological_Process_2023,Response To Amino Acid Starvation (GO:1990928),1/41,0.1859390303366049,0.2595827791292085,0,0,5.015151515151516,8.43717221072756,EIF2AK2
GO_Biological_Process_2023,Synaptic Vesicle Exocytosis (GO:0016079),1/41,0.1859390303366049,0.2595827791292085,0,0,5.015151515151516,8.43717221072756,STX11
GO_Biological_Process_2023,Heart Contraction (GO:0060047),1/41,0.1859390303366049,0.2595827791292085,0,0,5.015151515151516,8.43717221072756,SLC8A1
GO_Biological_Process_2023,Positive Regulation Of Response To Biotic Stimulus (GO:0002833),1/41,0.1859390303366049,0.2595827791292085,0,0,5.015151515151516,8.43717221072756,PLSCR1
GO_Biological_Process_2023,Cellular Response To Amino Acid Starvation (GO:0034198),1/42,0.1900176905858975,0.2636553530745644,0,0,4.892584380389258,8.124812043283224,EIF2AK2
GO_Biological_Process_2023,Ceramide Biosynthetic Process (GO:0046513),1/42,0.1900176905858975,0.2636553530745644,0,0,4.892584380389258,8.124812043283224,SPTLC2
GO_Biological_Process_2023,Stress-Activated MAPK Cascade (GO:0051403),1/42,0.1900176905858975,0.2636553530745644,0,0,4.892584380389258,8.124812043283224,LRRK2
GO_Biological_Process_2023,Monoatomic Cation Transport (GO:0006812),1/42,0.1900176905858975,0.2636553530745644,0,0,4.892584380389258,8.124812043283224,SLC11A1
GO_Biological_Process_2023,Negative Regulation Of I-kappaB kinase/NF-kappaB Signaling (GO:0043124),1/42,0.1900176905858975,0.2636553530745644,0,0,4.892584380389258,8.124812043283224,STAT1
GO_Biological_Process_2023,Response To Amyloid-Beta (GO:1904645),1/43,0.1940761190078197,0.2679761497249093,0,0,4.775853775853776,7.830035336967146,CD36
GO_Biological_Process_2023,Learning (GO:0007612),1/43,0.1940761190078197,0.2679761497249093,0,0,4.775853775853776,7.830035336967146,TLR2
GO_Biological_Process_2023,Lysosome Organization (GO:0007040),1/43,0.1940761190078197,0.2679761497249093,0,0,4.775853775853776,7.830035336967146,LRRK2
GO_Biological_Process_2023,Regulation Of Cellular Component Size (GO:0032535),1/43,0.1940761190078197,0.2679761497249093,0,0,4.775853775853776,7.830035336967146,RAP1GAP2
GO_Biological_Process_2023,Mitochondrion Organization (GO:0007005),2/162,0.1943443078276657,0.2680204002240591,0,0,2.517857142857143,4.124561988604351,LRRK2;TYMP
GO_Biological_Process_2023,Adenylate Cyclase-Modulating G Protein-Coupled Receptor Signaling Pathway (GO:0007188),2/163,0.1961566278092089,0.2698639667435782,0,0,2.502091519837749,4.075511298482724,GNAQ;PSAP
GO_Biological_Process_2023,Negative Regulation Of Cell Migration (GO:0030336),2/163,0.1961566278092089,0.2698639667435782,0,0,2.502091519837749,4.075511298482724,BST2;MCTP1
GO_Biological_Process_2023,Negative Regulation Of Immune System Process (GO:0002683),1/44,0.1981144149654997,0.2702642559925988,0,0,4.664552501761804,7.551493311263548,IRAK3
GO_Biological_Process_2023,Regulation Of Insulin Receptor Signaling Pathway (GO:0046626),1/44,0.1981144149654997,0.2702642559925988,0,0,4.664552501761804,7.551493311263548,PTPRE
GO_Biological_Process_2023,Autophagosome Maturation (GO:0097352),1/44,0.1981144149654997,0.2702642559925988,0,0,4.664552501761804,7.551493311263548,VMP1
GO_Biological_Process_2023,Regulation Of Transport (GO:0051049),1/44,0.1981144149654997,0.2702642559925988,0,0,4.664552501761804,7.551493311263548,LRRK2
GO_Biological_Process_2023,Positive Regulation Of Biosynthetic Process (GO:0009891),1/44,0.1981144149654997,0.2702642559925988,0,0,4.664552501761804,7.551493311263548,CD36
GO_Biological_Process_2023,Extracellular Matrix Disassembly (GO:0022617),1/44,0.1981144149654997,0.2702642559925988,0,0,4.664552501761804,7.551493311263548,CTSS
GO_Biological_Process_2023,Regulation Of Cell-Substrate Adhesion (GO:0010810),1/44,0.1981144149654997,0.2702642559925988,0,0,4.664552501761804,7.551493311263548,JAK2
GO_Biological_Process_2023,Regulation Of Gene Expression (GO:0010468),8/1127,0.2018577400571027,0.2737715855750154,0,0,1.4594552589656915,2.3354087564786616,NOTCH2;PLSCR1;CLEC7A;SLC11A1;CD36;PARP14;SLC8A1;TLR2
GO_Biological_Process_2023,I-kappaB kinase/NF-kappaB Signaling (GO:0007249),1/45,0.2021326772791743,0.2737715855750154,0,0,4.558310376492194,7.287967841732019,TLR2
GO_Biological_Process_2023,Negative Regulation Of Response To Biotic Stimulus (GO:0002832),1/45,0.2021326772791743,0.2737715855750154,0,0,4.558310376492194,7.287967841732019,IRAK3
GO_Biological_Process_2023,Regulation Of Protein Modification Process (GO:0031399),1/45,0.2021326772791743,0.2737715855750154,0,0,4.558310376492194,7.287967841732019,ATG7
GO_Biological_Process_2023,Regulation Of Stem Cell Differentiation (GO:2000736),1/45,0.2021326772791743,0.2737715855750154,0,0,4.558310376492194,7.287967841732019,EIF2AK2
GO_Biological_Process_2023,Regulation Of Apoptotic Signaling Pathway (GO:2001233),1/45,0.2021326772791743,0.2737715855750154,0,0,4.558310376492194,7.287967841732019,CTSS
GO_Biological_Process_2023,B Cell Receptor Signaling Pathway (GO:0050853),1/46,0.2061310043831236,0.2775310675858189,0,0,4.45679012345679,7.038356248208516,MNDA
GO_Biological_Process_2023,Cellular Component Disassembly (GO:0022411),1/46,0.2061310043831236,0.2775310675858189,0,0,4.45679012345679,7.038356248208516,CTSS
GO_Biological_Process_2023,Vacuolar Transport (GO:0007034),1/46,0.2061310043831236,0.2775310675858189,0,0,4.45679012345679,7.038356248208516,PSAP
GO_Biological_Process_2023,Mitotic G2/M Transition Checkpoint (GO:0044818),1/46,0.2061310043831236,0.2775310675858189,0,0,4.45679012345679,7.038356248208516,TNFSF13B
GO_Biological_Process_2023,Negative Regulation Of Cold-Induced Thermogenesis (GO:0120163),1/46,0.2061310043831236,0.2775310675858189,0,0,4.45679012345679,7.038356248208516,IL15
GO_Biological_Process_2023,Protein Transport (GO:0015031),3/313,0.2064565647387193,0.2776400485526616,0,0,1.954439640838045,3.083451463439517,VMP1;CD36;STX11
GO_Biological_Process_2023,Negative Regulation Of Hydrolase Activity (GO:0051346),1/47,0.2101094941683413,0.2798993848369335,0,0,4.359683794466403,6.801658146757973,LRRK2
GO_Biological_Process_2023,Regulation Of Interleukin-2 Production (GO:0032663),1/47,0.2101094941683413,0.2798993848369335,0,0,4.359683794466403,6.801658146757973,CLEC7A
GO_Biological_Process_2023,Negative Regulation Of Tumor Necrosis Factor Production (GO:0032720),1/47,0.2101094941683413,0.2798993848369335,0,0,4.359683794466403,6.801658146757973,IRAK3
GO_Biological_Process_2023,Bicellular Tight Junction Assembly (GO:0070830),1/47,0.2101094941683413,0.2798993848369335,0,0,4.359683794466403,6.801658146757973,PECAM1
GO_Biological_Process_2023,Regulation Of Wound Healing (GO:0061041),1/47,0.2101094941683413,0.2798993848369335,0,0,4.359683794466403,6.801658146757973,CLEC7A
GO_Biological_Process_2023,Positive Regulation Of Lymphocyte Activation (GO:0051251),1/47,0.2101094941683413,0.2798993848369335,0,0,4.359683794466403,6.801658146757973,CLEC7A
GO_Biological_Process_2023,Insulin Receptor Signaling Pathway (GO:0008286),1/47,0.2101094941683413,0.2798993848369335,0,0,4.359683794466403,6.801658146757973,NAMPT
GO_Biological_Process_2023,Positive Regulation Of Smooth Muscle Cell Proliferation (GO:0048661),1/47,0.2101094941683413,0.2798993848369335,0,0,4.359683794466403,6.801658146757973,STAT1
GO_Biological_Process_2023,Cell-Cell Adhesion Via Plasma-Membrane Adhesion Molecules (GO:0098742),2/172,0.2125577216442807,0.2828288558807252,0,0,2.3685474189675872,3.667794437782415,JAML;PECAM1
GO_Biological_Process_2023,Post-Translational Protein Modification (GO:0043687),1/48,0.2140682440880332,0.2838404871961655,0,0,4.266709649688373,6.576964036635908,JAK2
GO_Biological_Process_2023,Regulation Of DNA Binding (GO:0051101),1/48,0.2140682440880332,0.2838404871961655,0,0,4.266709649688373,6.576964036635908,JAK2
GO_Biological_Process_2023,Myelination (GO:0042552),1/48,0.2140682440880332,0.2838404871961655,0,0,4.266709649688373,6.576964036635908,SBF2
GO_Biological_Process_2023,Negative Regulation Of Tumor Necrosis Factor Superfamily Cytokine Production (GO:1903556),1/49,0.21800735103248,0.287051442484762,0,0,4.177609427609427,6.363445371866637,IRAK3
GO_Biological_Process_2023,Autophagy Of Mitochondrion (GO:0000422),1/49,0.21800735103248,0.287051442484762,0,0,4.177609427609427,6.363445371866637,ATG7
GO_Biological_Process_2023,Erythrocyte Differentiation (GO:0030218),1/49,0.21800735103248,0.287051442484762,0,0,4.177609427609427,6.363445371866637,JAK2
GO_Biological_Process_2023,Positive Regulation Of Nervous System Development (GO:0051962),1/49,0.21800735103248,0.287051442484762,0,0,4.177609427609427,6.363445371866637,NUMB
GO_Biological_Process_2023,Heterophilic Cell-Cell Adhesion Via Plasma Membrane Cell Adhesion Molecules (GO:0007157),1/49,0.21800735103248,0.287051442484762,0,0,4.177609427609427,6.363445371866637,JAML
GO_Biological_Process_2023,Intrinsic Apoptotic Signaling Pathway In Response To DNA Damage (GO:0008630),1/49,0.21800735103248,0.287051442484762,0,0,4.177609427609427,6.363445371866637,TNFRSF1B
GO_Biological_Process_2023,Regulation Of Epithelial Cell Migration (GO:0010632),1/50,0.2219269115603851,0.2901924477200888,0,0,4.092145949288806,6.1603458876211565,DOCK5
GO_Biological_Process_2023,Regulation Of Mitochondrion Organization (GO:0010821),1/50,0.2219269115603851,0.2901924477200888,0,0,4.092145949288806,6.1603458876211565,LRRK2
GO_Biological_Process_2023,Blood Circulation (GO:0008015),1/50,0.2219269115603851,0.2901924477200888,0,0,4.092145949288806,6.1603458876211565,STAT1
GO_Biological_Process_2023,Positive Regulation Of Cell Death (GO:0010942),1/50,0.2219269115603851,0.2901924477200888,0,0,4.092145949288806,6.1603458876211565,LRRK2
GO_Biological_Process_2023,Positive Regulation Of Developmental Growth (GO:0048639),1/50,0.2219269115603851,0.2901924477200888,0,0,4.092145949288806,6.1603458876211565,PLCB1
GO_Biological_Process_2023,Intracellular Iron Ion Homeostasis (GO:0006879),1/50,0.2219269115603851,0.2901924477200888,0,0,4.092145949288806,6.1603458876211565,SLC11A1
GO_Biological_Process_2023,Positive Regulation Of ERK1 And ERK2 Cascade (GO:0070374),2/179,0.2254063988806415,0.2925955132192789,0,0,2.274068949613744,3.388022281285932,NOTCH2;CD36
GO_Biological_Process_2023,Amide Biosynthetic Process (GO:0043604),1/51,0.2258270216564654,0.2925955132192789,0,0,4.01010101010101,5.966974015935645,SPTLC2
GO_Biological_Process_2023,Regulation Of Stress-Activated MAPK Cascade (GO:0032872),1/51,0.2258270216564654,0.2925955132192789,0,0,4.01010101010101,5.966974015935645,EIF2AK2
GO_Biological_Process_2023,Regulation Of Substrate Adhesion-Dependent Cell Spreading (GO:1900024),1/51,0.2258270216564654,0.2925955132192789,0,0,4.01010101010101,5.966974015935645,DOCK5
GO_Biological_Process_2023,Regulation Of Synapse Assembly (GO:0051963),1/51,0.2258270216564654,0.2925955132192789,0,0,4.01010101010101,5.966974015935645,TLR2
GO_Biological_Process_2023,Positive Regulation Of Ras Protein Signal Transduction (GO:0046579),1/51,0.2258270216564654,0.2925955132192789,0,0,4.01010101010101,5.966974015935645,NOTCH2
GO_Biological_Process_2023,Cholesterol Transport (GO:0030301),1/51,0.2258270216564654,0.2925955132192789,0,0,4.01010101010101,5.966974015935645,CD36
GO_Biological_Process_2023,Negative Regulation Of MAP Kinase Activity (GO:0043407),1/51,0.2258270216564654,0.2925955132192789,0,0,4.01010101010101,5.966974015935645,IRAK3
GO_Biological_Process_2023,Endosomal Transport (GO:0016197),2/180,0.2272471444291937,0.2940997821290022,0,0,2.2611786287548727,3.350427066998389,DENND1A;EVI5
GO_Biological_Process_2023,Proteolysis (GO:0006508),3/330,0.2286249316783157,0.2945969793076636,0,0,1.8512248179324693,2.731801501655754,FCN1;SRGN;CTSS
GO_Biological_Process_2023,Negative Regulation Of Response To Stimulus (GO:0048585),1/52,0.2297077768169888,0.2945969793076636,0,0,3.9312735195088138,5.782696221966044,MCTP1
GO_Biological_Process_2023,Adenylate Cyclase-Inhibiting G Protein-Coupled Receptor Signaling Pathway (GO:0007193),1/52,0.2297077768169888,0.2945969793076636,0,0,3.9312735195088138,5.782696221966044,PSAP
GO_Biological_Process_2023,Arachidonic Acid Metabolic Process (GO:0019369),1/52,0.2297077768169888,0.2945969793076636,0,0,3.9312735195088138,5.782696221966044,TBXAS1
GO_Biological_Process_2023,Cardiac Muscle Tissue Development (GO:0048738),1/52,0.2297077768169888,0.2945969793076636,0,0,3.9312735195088138,5.782696221966044,NOTCH2
GO_Biological_Process_2023,Positive Regulation Of B Cell Activation (GO:0050871),1/52,0.2297077768169888,0.2945969793076636,0,0,3.9312735195088138,5.782696221966044,TNFSF13B
GO_Biological_Process_2023,Sprouting Angiogenesis (GO:0002040),1/52,0.2297077768169888,0.2945969793076636,0,0,3.9312735195088138,5.782696221966044,RNF213
GO_Biological_Process_2023,Icosanoid Metabolic Process (GO:0006690),1/52,0.2297077768169888,0.2945969793076636,0,0,3.9312735195088138,5.782696221966044,TBXAS1
GO_Biological_Process_2023,Negative Regulation Of Metabolic Process (GO:0009892),1/53,0.233569272224541,0.2975321256732369,0,0,3.8554778554778553,5.606931137649977,IL15
GO_Biological_Process_2023,Regulation Of Macromolecule Biosynthetic Process (GO:0010556),1/53,0.233569272224541,0.2975321256732369,0,0,3.8554778554778553,5.606931137649977,TNFRSF1B
GO_Biological_Process_2023,Carboxylic Acid Transport (GO:0046942),1/53,0.233569272224541,0.2975321256732369,0,0,3.8554778554778553,5.606931137649977,PSAP
GO_Biological_Process_2023,Regulation Of Receptor Signaling Pathway Via JAK-STAT (GO:0046425),1/53,0.233569272224541,0.2975321256732369,0,0,3.8554778554778553,5.606931137649977,JAK2
GO_Biological_Process_2023,Tight Junction Assembly (GO:0120192),1/53,0.233569272224541,0.2975321256732369,0,0,3.8554778554778553,5.606931137649977,PECAM1
GO_Biological_Process_2023,"Regulation Of Alternative mRNA Splicing, Via Spliceosome (GO:0000381)",1/53,0.233569272224541,0.2975321256732369,0,0,3.8554778554778553,5.606931137649977,RBM47
GO_Biological_Process_2023,Negative Regulation Of Protein Catabolic Process (GO:0042177),1/54,0.2374116024468537,0.2997354491403549,0,0,3.7825424051839143,5.43914439332398,IRAK3
GO_Biological_Process_2023,Negative Regulation Of Protein Modification By Small Protein Conjugation Or Removal (GO:1903321),1/54,0.2374116024468537,0.2997354491403549,0,0,3.7825424051839143,5.43914439332398,ISG15
GO_Biological_Process_2023,Negative Regulation Of Protein Ubiquitination (GO:0031397),1/54,0.2374116024468537,0.2997354491403549,0,0,3.7825424051839143,5.43914439332398,ISG15
GO_Biological_Process_2023,Apical Junction Assembly (GO:0043297),1/54,0.2374116024468537,0.2997354491403549,0,0,3.7825424051839143,5.43914439332398,PECAM1
GO_Biological_Process_2023,Regulation Of Myoblast Differentiation (GO:0045661),1/54,0.2374116024468537,0.2997354491403549,0,0,3.7825424051839143,5.43914439332398,PLCB1
GO_Biological_Process_2023,Regulation Of Smooth Muscle Cell Proliferation (GO:0048660),1/54,0.2374116024468537,0.2997354491403549,0,0,3.7825424051839143,5.43914439332398,STAT1
GO_Biological_Process_2023,Endoplasmic Reticulum Organization (GO:0007029),1/54,0.2374116024468537,0.2997354491403549,0,0,3.7825424051839143,5.43914439332398,LRRK2
GO_Biological_Process_2023,Protein K63-linked Ubiquitination (GO:0070534),1/54,0.2374116024468537,0.2997354491403549,0,0,3.7825424051839143,5.43914439332398,RNF213
GO_Biological_Process_2023,Negative Regulation Of Macromolecule Metabolic Process (GO:0010605),2/186,0.2383134061741662,0.3005396844529763,0,0,2.186779059449867,3.136209947287738,NOTCH2;PARP14
GO_Biological_Process_2023,Neuron Migration (GO:0001764),1/55,0.2412348616553018,0.3028778406844774,0,0,3.7123082678638233,5.278844037828421,DISC1
GO_Biological_Process_2023,"Regulation Of Synaptic Transmission, Glutamatergic (GO:0051966)",1/55,0.2412348616553018,0.3028778406844774,0,0,3.7123082678638233,5.278844037828421,LRRK2
GO_Biological_Process_2023,Ceramide Metabolic Process (GO:0006672),1/55,0.2412348616553018,0.3028778406844774,0,0,3.7123082678638233,5.278844037828421,SPTLC2
GO_Biological_Process_2023,Response To Peptide Hormone (GO:0043434),1/55,0.2412348616553018,0.3028778406844774,0,0,3.7123082678638233,5.278844037828421,STAT1
GO_Biological_Process_2023,Cellular Response To Peptide (GO:1901653),1/56,0.2450391435680432,0.306636635005214,0,0,3.644628099173554,5.125576482532065,CD36
GO_Biological_Process_2023,Mitotic DNA Damage Checkpoint Signaling (GO:0044773),1/56,0.2450391435680432,0.306636635005214,0,0,3.644628099173554,5.125576482532065,TNFSF13B
GO_Biological_Process_2023,Regulation Of Cation Channel Activity (GO:2001257),1/56,0.2450391435680432,0.306636635005214,0,0,3.644628099173554,5.125576482532065,CTSS
GO_Biological_Process_2023,Intracellular Monoatomic Cation Homeostasis (GO:0030003),2/190,0.2457076347065951,0.3071345433832438,0,0,2.139817629179331,3.00347568499149,SLC11A1;SLC8A1
GO_Biological_Process_2023,Endosome To Lysosome Transport (GO:0008333),1/57,0.2488245414130006,0.3096665071313111,0,0,3.5793650793650795,4.978922896997587,LYST
GO_Biological_Process_2023,Striated Muscle Contraction (GO:0006941),1/57,0.2488245414130006,0.3096665071313111,0,0,3.5793650793650795,4.978922896997587,SLC8A1
GO_Biological_Process_2023,Membrane Lipid Biosynthetic Process (GO:0046467),1/57,0.2488245414130006,0.3096665071313111,0,0,3.5793650793650795,4.978922896997587,SPTLC2
GO_Biological_Process_2023,Myeloid Cell Differentiation (GO:0030099),1/57,0.2488245414130006,0.3096665071313111,0,0,3.5793650793650795,4.978922896997587,JAK2
GO_Biological_Process_2023,Neuron Projection Development (GO:0031175),2/192,0.2494084860677239,0.3100532658125594,0,0,2.117078410311493,2.939908923064224,LRRK2;GAS7
GO_Biological_Process_2023,Peptidyl-Threonine Phosphorylation (GO:0018107),1/58,0.2525911479606718,0.3122995130014842,0,0,3.5163919900762006,4.8384959983786695,LRRK2
GO_Biological_Process_2023,Renal System Development (GO:0072001),1/58,0.2525911479606718,0.3122995130014842,0,0,3.5163919900762006,4.8384959983786695,STAT1
GO_Biological_Process_2023,Response To Organic Cyclic Compound (GO:0014070),1/58,0.2525911479606718,0.3122995130014842,0,0,3.5163919900762006,4.8384959983786695,KYNU
GO_Biological_Process_2023,Inorganic Anion Transport (GO:0015698),1/58,0.2525911479606718,0.3122995130014842,0,0,3.5163919900762006,4.8384959983786695,SLC11A1
GO_Biological_Process_2023,Memory (GO:0007613),1/58,0.2525911479606718,0.3122995130014842,0,0,3.5163919900762006,4.8384959983786695,PLCB1
GO_Biological_Process_2023,Regulation Of Programmed Cell Death (GO:0043067),2/195,0.2549632773500623,0.3148893577718398,0,0,2.0838532304113357,2.8478683319899094,STAT1;LRRK2
GO_Biological_Process_2023,Phospholipid Transport (GO:0015914),1/59,0.256339055642632,0.3155583819461902,0,0,3.4555903866248694,4.703937185372145,ATP11A
GO_Biological_Process_2023,Regulation Of Type I Interferon Production (GO:0032479),1/59,0.256339055642632,0.3155583819461902,0,0,3.4555903866248694,4.703937185372145,XAF1
GO_Biological_Process_2023,Regulation Of Cell Death (GO:0010941),1/59,0.256339055642632,0.3155583819461902,0,0,3.4555903866248694,4.703937185372145,LRRK2
GO_Biological_Process_2023,Positive Regulation Of Protein Metabolic Process (GO:0051247),2/196,0.2568156107552619,0.3158025116004574,0,0,2.0730065221965077,2.818038680312099,ATG7;TNFSF13B
GO_Biological_Process_2023,Response To Light Stimulus (GO:0009416),1/60,0.2600683562676618,0.3191109020149147,0,0,3.396849854476973,4.574913980988086,TNFSF13B
GO_Biological_Process_2023,Homophilic Cell Adhesion Via Plasma Membrane Adhesion Molecules (GO:0007156),1/60,0.2600683562676618,0.3191109020149147,0,0,3.396849854476973,4.574913980988086,PECAM1
GO_Biological_Process_2023,Negative Regulation Of Intrinsic Apoptotic Signaling Pathway (GO:2001243),1/61,0.2637791413086752,0.3229658310521536,0,0,3.34006734006734,4.451117734093463,LRRK2
GO_Biological_Process_2023,Negative Regulation Of Autophagy (GO:0010507),1/61,0.2637791413086752,0.3229658310521536,0,0,3.34006734006734,4.451117734093463,LRRK2
GO_Biological_Process_2023,Regulation Of Embryonic Development (GO:0045995),1/62,0.2674715018007107,0.3243377719485114,0,0,3.285146547441629,4.332261561529935,PLCB1
GO_Biological_Process_2023,Negative Regulation Of Kinase Activity (GO:0033673),1/62,0.2674715018007107,0.3243377719485114,0,0,3.285146547441629,4.332261561529935,GNAQ
GO_Biological_Process_2023,Cell Junction Organization (GO:0034330),1/62,0.2674715018007107,0.3243377719485114,0,0,3.285146547441629,4.332261561529935,VMP1
GO_Biological_Process_2023,Phosphatidylinositol-Mediated Signaling (GO:0048015),1/62,0.2674715018007107,0.3243377719485114,0,0,3.285146547441629,4.332261561529935,PLCB1
GO_Biological_Process_2023,Positive Regulation Of Apoptotic Signaling Pathway (GO:2001235),1/62,0.2674715018007107,0.3243377719485114,0,0,3.285146547441629,4.332261561529935,CTSS
GO_Biological_Process_2023,Fat Cell Differentiation (GO:0045444),1/62,0.2674715018007107,0.3243377719485114,0,0,3.285146547441629,4.332261561529935,CTBP2
GO_Biological_Process_2023,Glycerophospholipid Metabolic Process (GO:0006650),1/62,0.2674715018007107,0.3243377719485114,0,0,3.285146547441629,4.332261561529935,PLCB1
GO_Biological_Process_2023,Protein Lipidation (GO:0006497),1/62,0.2674715018007107,0.3243377719485114,0,0,3.285146547441629,4.332261561529935,ATG7
GO_Biological_Process_2023,Regulation Of T Cell Activation (GO:0050863),1/62,0.2674715018007107,0.3243377719485114,0,0,3.285146547441629,4.332261561529935,TNFRSF1B
GO_Biological_Process_2023,Phosphatidylinositol Metabolic Process (GO:0046488),1/63,0.2711455282609312,0.3284420219596125,0,0,3.231997393287716,4.218078497375417,PLCB1
GO_Biological_Process_2023,Regulation Of MAPK Cascade (GO:0043408),2/204,0.2716405416203822,0.3286908472698654,0,0,1.99009900990099,2.5936475306384104,EIF2AK2;STK3
GO_Biological_Process_2023,Protein Modification By Small Protein Conjugation (GO:0032446),3/364,0.2741504141328689,0.3297034754826188,0,0,1.6739583630807893,2.166233304128739,RNF213;ISG15;ATG7
GO_Biological_Process_2023,Regulation Of Secretion By Cell (GO:1903530),1/64,0.2748013108427819,0.3297034754826188,0,0,3.180535513868848,4.108319823136149,MCTP1
GO_Biological_Process_2023,Cellular Response To Virus (GO:0098586),1/64,0.2748013108427819,0.3297034754826188,0,0,3.180535513868848,4.108319823136149,JAK2
GO_Biological_Process_2023,Response To Metal Ion (GO:0010038),1/64,0.2748013108427819,0.3297034754826188,0,0,3.180535513868848,4.108319823136149,PLSCR1
GO_Biological_Process_2023,Positive Regulation Of Cysteine-Type Endopeptidase Activity (GO:2001056),1/64,0.2748013108427819,0.3297034754826188,0,0,3.180535513868848,4.108319823136149,CLEC7A
GO_Biological_Process_2023,Endocytic Recycling (GO:0032456),1/64,0.2748013108427819,0.3297034754826188,0,0,3.180535513868848,4.108319823136149,DENND1A
GO_Biological_Process_2023,Positive Regulation Of Macroautophagy (GO:0016239),1/64,0.2748013108427819,0.3297034754826188,0,0,3.180535513868848,4.108319823136149,SPTLC2
GO_Biological_Process_2023,Negative Regulation Of Cell Death (GO:0060548),1/64,0.2748013108427819,0.3297034754826188,0,0,3.180535513868848,4.108319823136149,TNFRSF1B
GO_Biological_Process_2023,Canonical Wnt Signaling Pathway (GO:0060070),1/65,0.2784389392137884,0.3333630759574365,0,0,3.1306818181818183,4.00275356439037,LRRK2
GO_Biological_Process_2023,Regulation Of Cell-Matrix Adhesion (GO:0001952),1/65,0.2784389392137884,0.3333630759574365,0,0,3.1306818181818183,4.00275356439037,CD36
GO_Biological_Process_2023,Protein Stabilization (GO:0050821),2/208,0.2790523269897138,0.3337454068844311,0,0,1.9510600356647516,2.4902471103248573,GNAQ;STK3
GO_Biological_Process_2023,Negative Regulation Of Cellular Process (GO:0048523),4/537,0.2814461309687184,0.3362540617363109,0,0,1.5139931207004378,1.9194619982416417,BST2;CTBP2;EIF2AK2;JAK2
GO_Biological_Process_2023,Peptidyl-Threonine Modification (GO:0018210),1/66,0.2820585025763683,0.3366313358824164,0,0,3.0823620823620823,3.9011631304837175,LRRK2
GO_Biological_Process_2023,Activation Of Cysteine-Type Endopeptidase Activity Involved In Apoptotic Process (GO:0006919),1/67,0.2856600898087258,0.34021427275226,0,0,3.0355065809611266,3.8033460819667058,JAK2
GO_Biological_Process_2023,Regulation Of Neurogenesis (GO:0050767),1/67,0.2856600898087258,0.34021427275226,0,0,3.0355065809611266,3.8033460819667058,NUMB
GO_Biological_Process_2023,Regulation Of Heart Contraction (GO:0008016),1/69,0.2928096888806698,0.3476349339744354,0,0,2.9459298871063577,3.6182865561027495,SLC8A1
GO_Biological_Process_2023,Cellular Response To Calcium Ion (GO:0071277),1/69,0.2928096888806698,0.3476349339744354,0,0,2.9459298871063577,3.6182865561027495,CPNE8
GO_Biological_Process_2023,Positive Regulation Of Phosphatidylinositol 3-Kinase Signaling (GO:0014068),1/69,0.2928096888806698,0.3476349339744354,0,0,2.9459298871063577,3.6182865561027495,JAK2
GO_Biological_Process_2023,Negative Regulation Of Cell Population Proliferation (GO:0008285),3/379,0.2945627564285953,0.3493508135281669,0,0,1.6059442860276376,1.9628866080970504,CTBP2;EIF2AK2;JAK2
GO_Biological_Process_2023,Negative Regulation Of Epithelial Cell Proliferation (GO:0050680),1/70,0.2963578762035246,0.3496530036288987,0,0,2.9030888596105986,3.530700422312052,STAT1
GO_Biological_Process_2023,Neutrophil Chemotaxis (GO:0030593),1/70,0.2963578762035246,0.3496530036288987,0,0,2.9030888596105986,3.530700422312052,JAML
GO_Biological_Process_2023,Positive Regulation Of Protein Polymerization (GO:0032273),1/70,0.2963578762035246,0.3496530036288987,0,0,2.9030888596105986,3.530700422312052,HCK
GO_Biological_Process_2023,Protein K48-linked Ubiquitination (GO:0070936),1/70,0.2963578762035246,0.3496530036288987,0,0,2.9030888596105986,3.530700422312052,TRIM25
GO_Biological_Process_2023,Regulation Of G Protein-Coupled Receptor Signaling Pathway (GO:0008277),1/70,0.2963578762035246,0.3496530036288987,0,0,2.9030888596105986,3.530700422312052,PLCB1
GO_Biological_Process_2023,Regulation Of Cilium Assembly (GO:1902017),1/71,0.2998884383134025,0.3519890149800536,0,0,2.8614718614718613,3.446198601550195,EVI5
GO_Biological_Process_2023,Regulation Of Hydrolase Activity (GO:0051336),1/71,0.2998884383134025,0.3519890149800536,0,0,2.8614718614718613,3.446198601550195,FGD4
GO_Biological_Process_2023,Lipid Biosynthetic Process (GO:0008610),1/71,0.2998884383134025,0.3519890149800536,0,0,2.8614718614718613,3.446198601550195,ACSL1
GO_Biological_Process_2023,Protein Autoubiquitination (GO:0051865),1/71,0.2998884383134025,0.3519890149800536,0,0,2.8614718614718613,3.446198601550195,RNF213
GO_Biological_Process_2023,Myeloid Leukocyte Differentiation (GO:0002573),1/71,0.2998884383134025,0.3519890149800536,0,0,2.8614718614718613,3.446198601550195,IL15
GO_Biological_Process_2023,DNA Damage Response (GO:0006974),3/384,0.3013930144747601,0.3533895366000544,0,0,1.5844630245961522,1.900310153251688,MNDA;TNFRSF1B;TNFSF13B
GO_Biological_Process_2023,Regulation Of Cellular Localization (GO:0060341),1/72,0.3034014618596549,0.3546453750882681,0,0,2.821027173139849,3.3646345783285243,TRIM25
GO_Biological_Process_2023,Plasma Membrane Organization (GO:0007009),1/72,0.3034014618596549,0.3546453750882681,0,0,2.821027173139849,3.3646345783285243,PLSCR1
GO_Biological_Process_2023,Negative Regulation Of Catabolic Process (GO:0009895),1/72,0.3034014618596549,0.3546453750882681,0,0,2.821027173139849,3.3646345783285243,IRAK3
GO_Biological_Process_2023,Ubiquitin-Dependent ERAD Pathway (GO:0030433),1/73,0.3068970331118836,0.357626419488694,0,0,2.781705948372615,3.2858706369655613,TRIM25
GO_Biological_Process_2023,Granulocyte Chemotaxis (GO:0071621),1/73,0.3068970331118836,0.357626419488694,0,0,2.781705948372615,3.2858706369655613,JAML
GO_Biological_Process_2023,Monocarboxylic Acid Transport (GO:0015718),1/73,0.3068970331118836,0.357626419488694,0,0,2.781705948372615,3.2858706369655613,ACSL1
GO_Biological_Process_2023,Regulation Of mRNA Stability (GO:0043488),1/74,0.3103752378928968,0.3609384170168421,0,0,2.74346201743462,3.209777224050686,SLC11A1
GO_Biological_Process_2023,Import Into Nucleus (GO:0051170),1/74,0.3103752378928968,0.3609384170168421,0,0,2.74346201743462,3.209777224050686,STK3
GO_Biological_Process_2023,Negative Regulation Of Phosphorylation (GO:0042326),1/75,0.3138361616484454,0.363844783933591,0,0,2.7062517062517064,3.1362323637249645,LRRK2
GO_Biological_Process_2023,Regulation Of Plasma Membrane Bounded Cell Projection Assembly (GO:0120032),1/75,0.3138361616484454,0.363844783933591,0,0,2.7062517062517064,3.1362323637249645,EVI5
GO_Biological_Process_2023,Defense Response To Gram-negative Bacterium (GO:0050829),1/75,0.3138361616484454,0.363844783933591,0,0,2.7062517062517064,3.1362323637249645,SLC11A1
GO_Biological_Process_2023,Cilium Organization (GO:0044782),2/228,0.3159942077050888,0.3659728834135467,0,0,1.776593823370056,2.046691861769839,SCLT1;DISC1
GO_Biological_Process_2023,Wnt Signaling Pathway (GO:0016055),1/76,0.3172798893506643,0.3667135177321833,0,0,2.67003367003367,3.065121123308704,LRRK2
GO_Biological_Process_2023,Positive Regulation Of Protein Secretion (GO:0050714),1/76,0.3172798893506643,0.3667135177321833,0,0,2.67003367003367,3.065121123308704,TLR2
GO_Biological_Process_2023,Positive Regulation Of JNK Cascade (GO:0046330),1/77,0.3207065055587057,0.3691702675548996,0,0,2.6347687400318978,2.996335121708695,PLCB1
GO_Biological_Process_2023,Sphingolipid Biosynthetic Process (GO:0030148),1/77,0.3207065055587057,0.3691702675548996,0,0,2.6347687400318978,2.996335121708695,SPTLC2
GO_Biological_Process_2023,Positive Regulation Of Response To Stimulus (GO:0048584),1/77,0.3207065055587057,0.3691702675548996,0,0,2.6347687400318978,2.996335121708695,IL15
GO_Biological_Process_2023,Negative Regulation Of Blood Vessel Morphogenesis (GO:2000181),1/77,0.3207065055587057,0.3691702675548996,0,0,2.6347687400318978,2.996335121708695,STAT1
GO_Biological_Process_2023,Positive Regulation Of Phosphorylation (GO:0042327),2/231,0.3215064257532412,0.369716102563251,0,0,1.753052312628108,1.9892546346084377,LRRK2;PECAM1
GO_Biological_Process_2023,Negative Regulation Of Protein Modification Process (GO:0031400),1/78,0.3241160944299128,0.3719633641839748,0,0,2.600419782237964,2.929772078325152,LRRK2
GO_Biological_Process_2023,Long-Chain Fatty Acid Metabolic Process (GO:0001676),1/78,0.3241160944299128,0.3719633641839748,0,0,2.600419782237964,2.929772078325152,ACSL1
GO_Biological_Process_2023,Positive Regulation Of GTPase Activity (GO:0043547),2/234,0.3270082179814846,0.373966216976596,0,0,1.7301196340605207,1.933875783499837,RAP1GAP2;EVI5
GO_Biological_Process_2023,Regulation Of Neuron Differentiation (GO:0045664),1/79,0.3275087398015298,0.373966216976596,0,0,2.566951566951567,2.865335397718705,LRRK2
GO_Biological_Process_2023,Positive Regulation Of Cytoskeleton Organization (GO:0051495),1/79,0.3275087398015298,0.373966216976596,0,0,2.566951566951567,2.865335397718705,HCK
GO_Biological_Process_2023,Positive Regulation Of Protein Modification By Small Protein Conjugation Or Removal (GO:1903322),1/79,0.3275087398015298,0.373966216976596,0,0,2.566951566951567,2.865335397718705,LRRK2
GO_Biological_Process_2023,Protein Import Into Nucleus (GO:0006606),1/79,0.3275087398015298,0.373966216976596,0,0,2.566951566951567,2.865335397718705,STK3
GO_Biological_Process_2023,Calcium Ion Transmembrane Transport (GO:0070588),1/80,0.3308845249727721,0.377062184582426,0,0,2.534330648254699,2.8029337896230078,SLC8A1
GO_Biological_Process_2023,Regulation Of Protein Localization To Plasma Membrane (GO:1903076),1/80,0.3308845249727721,0.377062184582426,0,0,2.534330648254699,2.8029337896230078,NUMB
GO_Biological_Process_2023,Cellular Response To Oxygen-Containing Compound (GO:1901701),3/406,0.3315226591199365,0.3774104494494764,0,0,1.4962779156327544,1.6519792763987649,CPNE8;TNFRSF1B;TLR2
GO_Biological_Process_2023,Positive Regulation Of Growth (GO:0045927),1/81,0.3342435328543524,0.3801266631159218,0,0,2.5025252525252526,2.742480915944007,PLCB1
GO_Biological_Process_2023,Sodium Ion Transmembrane Transport (GO:0035725),1/82,0.3375858460637784,0.3835434787611496,0,0,2.471505175208879,2.6838950656014107,SLC8A1
GO_Biological_Process_2023,Vesicle-Mediated Transport (GO:0016192),3/411,0.3383747506405992,0.3840553419770801,0,0,1.4775621588841723,1.6010882288862256,DENND1A;LRRK2;STX11
GO_Biological_Process_2023,Regulation Of Autophagy (GO:0010506),2/241,0.3398001251547534,0.3850095577400531,0,0,1.678848945435915,1.81214569274415,LRRK2;PSAP
GO_Biological_Process_2023,Phospholipase C-activating G Protein-Coupled Receptor Signaling Pathway (GO:0007200),1/83,0.3409115467213686,0.3850095577400531,0,0,2.4412416851441243,2.627098856469418,GNAQ
GO_Biological_Process_2023,Vesicle-Mediated Transport To The Plasma Membrane (GO:0098876),1/83,0.3409115467213686,0.3850095577400531,0,0,2.4412416851441243,2.627098856469418,DENND1A
GO_Biological_Process_2023,Positive Regulation Of Proteasomal Ubiquitin-Dependent Protein Catabolic Process (GO:0032436),1/83,0.3409115467213686,0.3850095577400531,0,0,2.4412416851441243,2.627098856469418,LRRK2
GO_Biological_Process_2023,Positive Regulation Of Ubiquitin-Dependent Protein Catabolic Process (GO:2000060),1/83,0.3409115467213686,0.3850095577400531,0,0,2.4412416851441243,2.627098856469418,LRRK2
GO_Biological_Process_2023,Cilium Assembly (GO:0060271),2/243,0.3434420739446057,0.3872056622972659,0,0,1.6647472266915064,1.779176651073152,SCLT1;DISC1
GO_Biological_Process_2023,Regulation Of Cysteine-Type Endopeptidase Activity Involved In Apoptotic Process (GO:0043281),1/84,0.3442207165268205,0.3872056622972659,0,0,2.4117074358038213,2.572018957842433,CLEC7A
GO_Biological_Process_2023,Positive Regulation Of Protein Ubiquitination (GO:0031398),1/84,0.3442207165268205,0.3872056622972659,0,0,2.4117074358038213,2.572018957842433,LRRK2
GO_Biological_Process_2023,Purine Ribonucleotide Metabolic Process (GO:0009150),1/84,0.3442207165268205,0.3872056622972659,0,0,2.4117074358038213,2.572018957842433,LRRK2
GO_Biological_Process_2023,Regulation Of ERK1 And ERK2 Cascade (GO:0070372),2/244,0.3452607466801542,0.3879910371108664,0,0,1.6577837746668915,1.7629790407837798,NOTCH2;CD36
GO_Biological_Process_2023,Response To Interleukin-1 (GO:0070555),1/85,0.3475134368660721,0.3882162901997952,0,0,2.382876382876383,2.5185858334956643,IRAK3
GO_Biological_Process_2023,Defense Response To Gram-positive Bacterium (GO:0050830),1/85,0.3475134368660721,0.3882162901997952,0,0,2.382876382876383,2.5185858334956643,TLR2
GO_Biological_Process_2023,Positive Regulation Of Endothelial Cell Migration (GO:0010595),1/85,0.3475134368660721,0.3882162901997952,0,0,2.382876382876383,2.5185858334956643,RIN2
GO_Biological_Process_2023,Establishment Of Protein Localization To Organelle (GO:0072594),1/85,0.3475134368660721,0.3882162901997952,0,0,2.382876382876383,2.5185858334956643,STK3
GO_Biological_Process_2023,Transport Across Blood-Brain Barrier (GO:0150104),1/85,0.3475134368660721,0.3882162901997952,0,0,2.382876382876383,2.5185858334956643,CD36
GO_Biological_Process_2023,Positive Regulation Of Protein Localization (GO:1903829),1/85,0.3475134368660721,0.3882162901997952,0,0,2.382876382876383,2.5185858334956643,PECAM1
GO_Biological_Process_2023,Organelle Organization (GO:0006996),3/418,0.3479622749448867,0.3883354789207929,0,0,1.4521177493479072,1.532944380941326,VMP1;FGD4;LRRK2
GO_Biological_Process_2023,Exocytosis (GO:0006887),1/86,0.3507897886854045,0.3907226792521434,0,0,2.354723707664884,2.46673350535558,STX11
GO_Biological_Process_2023,Negative Regulation Of Angiogenesis (GO:0016525),1/86,0.3507897886854045,0.3907226792521434,0,0,2.354723707664884,2.46673350535558,STAT1
GO_Biological_Process_2023,Regulation Of Endothelial Cell Migration (GO:0010594),1/88,0.3572937084833981,0.3967987858401731,0,0,2.3003599210495764,2.367523811703655,RIN2
GO_Biological_Process_2023,Negative Regulation Of Neuron Death (GO:1901215),1/88,0.3572937084833981,0.3967987858401731,0,0,2.3003599210495764,2.367523811703655,TNFRSF1B
GO_Biological_Process_2023,Positive Regulation Of Cell Adhesion (GO:0045785),1/88,0.3572937084833981,0.3967987858401731,0,0,2.3003599210495764,2.367523811703655,JAK2
GO_Biological_Process_2023,ERAD Pathway (GO:0036503),1/89,0.3605214364245345,0.3992115417969236,0,0,2.2741046831955924,2.32005037808893,TRIM25
GO_Biological_Process_2023,Regulation Of Vesicle-Mediated Transport (GO:0060627),1/89,0.3605214364245345,0.3992115417969236,0,0,2.2741046831955924,2.32005037808893,LRRK2
GO_Biological_Process_2023,Sodium Ion Transport (GO:0006814),1/89,0.3605214364245345,0.3992115417969236,0,0,2.2741046831955924,2.32005037808893,SLC8A1
GO_Biological_Process_2023,Regulation Of Phosphatidylinositol 3-Kinase Signaling (GO:0014066),1/90,0.3637331156781473,0.4019835309588093,0,0,2.2484394506866416,2.273925239694265,JAK2
GO_Biological_Process_2023,Positive Regulation Of Proteasomal Protein Catabolic Process (GO:1901800),1/90,0.3637331156781473,0.4019835309588093,0,0,2.2484394506866416,2.273925239694265,LRRK2
GO_Biological_Process_2023,Positive Regulation Of MAP Kinase Activity (GO:0043406),1/91,0.3669288252624231,0.4047271299055882,0,0,2.22334455667789,2.2290972080359737,LRRK2
GO_Biological_Process_2023,Regulation Of RNA Metabolic Process (GO:0051252),1/91,0.3669288252624231,0.4047271299055882,0,0,2.22334455667789,2.2290972080359737,TNFRSF1B
GO_Biological_Process_2023,Nervous System Development (GO:0007399),3/433,0.3684617753765362,0.4060234126722025,0,0,1.400383601054903,1.3981686185907023,NOTCH2;ZEB2;ARHGAP26
GO_Biological_Process_2023,Regulation Of Endothelial Cell Proliferation (GO:0001936),1/93,0.3732726494349856,0.4097335175132578,0,0,2.1747913921826965,2.143139832163484,STAT1
GO_Biological_Process_2023,Positive Regulation Of Cellular Component Biogenesis (GO:0044089),1/93,0.3732726494349856,0.4097335175132578,0,0,2.1747913921826965,2.143139832163484,CLEC7A
GO_Biological_Process_2023,Protein O-linked Glycosylation (GO:0006493),1/93,0.3732726494349856,0.4097335175132578,0,0,2.1747913921826965,2.143139832163484,TMTC2
GO_Biological_Process_2023,Negative Regulation Of Amide Metabolic Process (GO:0034249),1/93,0.3732726494349856,0.4097335175132578,0,0,2.1747913921826965,2.143139832163484,EIF2AK2
GO_Biological_Process_2023,Cellular Response To Hormone Stimulus (GO:0032870),1/94,0.3764209201158763,0.4112009088850045,0,0,2.1512979254914737,2.101919815261755,CTSS
GO_Biological_Process_2023,"Retrograde Transport, Endosome To Golgi (GO:0042147)",1/94,0.3764209201158763,0.4112009088850045,0,0,2.1512979254914737,2.101919815261755,EVI5
GO_Biological_Process_2023,Sphingolipid Metabolic Process (GO:0006665),1/94,0.3764209201158763,0.4112009088850045,0,0,2.1512979254914737,2.101919815261755,SPTLC2
GO_Biological_Process_2023,Vesicle Organization (GO:0016050),1/94,0.3764209201158763,0.4112009088850045,0,0,2.1512979254914737,2.101919815261755,SRGN
GO_Biological_Process_2023,Muscle Contraction (GO:0006936),1/94,0.3764209201158763,0.4112009088850045,0,0,2.1512979254914737,2.101919815261755,SLC8A1
GO_Biological_Process_2023,Cell Junction Assembly (GO:0034329),1/95,0.3795535332169826,0.4142242886550724,0,0,2.1283043197936813,2.061815304518316,VMP1
GO_Biological_Process_2023,Regulation Of Macroautophagy (GO:0016241),1/96,0.3826705658807354,0.4168244647549277,0,0,2.105794790005316,2.022786046627892,LRRK2
GO_Biological_Process_2023,Positive Regulation Of Supramolecular Fiber Organization (GO:1902905),1/96,0.3826705658807354,0.4168244647549277,0,0,2.105794790005316,2.022786046627892,HCK
GO_Biological_Process_2023,Regulation Of Protein Phosphorylation (GO:0001932),2/265,0.3830459538380301,0.4168333246463703,0,0,1.523783657949872,1.462223275246586,LRRK2;PECAM1
GO_Biological_Process_2023,Regulation Of Protein Localization (GO:0032880),1/97,0.3857720948428521,0.4193978234163191,0,0,2.083754208754209,1.9847936202473104,TRIM25
GO_Biological_Process_2023,Negative Regulation Of Signal Transduction (GO:0009968),2/267,0.3865991781404375,0.4198948011381785,0,0,1.5121293800539084,1.4370776176829945,PTPRE;IRAK3
GO_Biological_Process_2023,Negative Regulation Of Macromolecule Biosynthetic Process (GO:0010558),1/98,0.3888581963975129,0.4215415978139228,0,0,2.062168072477351,1.947801335478516,EIF2AK2
GO_Biological_Process_2023,MAPK Cascade (GO:0000165),1/98,0.3888581963975129,0.4215415978139228,0,0,2.062168072477351,1.947801335478516,LRRK2
GO_Biological_Process_2023,Cellular Response To Insulin Stimulus (GO:0032869),1/99,0.3919289465238684,0.4244650327333881,0,0,2.0410224695938983,1.9117741389719491,NAMPT
GO_Biological_Process_2023,Antimicrobial Humoral Response (GO:0019730),1/100,0.394984420817951,0.426553109066008,0,0,2.020304050607081,1.8766785261005492,SLC11A1
GO_Biological_Process_2023,Regulation Of Organelle Organization (GO:0033043),1/100,0.394984420817951,0.426553109066008,0,0,2.020304050607081,1.8766785261005492,ZEB2
GO_Biological_Process_2023,Response To UV (GO:0009411),1/100,0.394984420817951,0.426553109066008,0,0,2.020304050607081,1.8766785261005492,TNFSF13B
GO_Biological_Process_2023,Hemopoiesis (GO:0030097),1/101,0.3980246944821334,0.4294277834954576,0,0,2.0,1.8424824583699575,NOTCH2
GO_Biological_Process_2023,Protein Catabolic Process (GO:0030163),1/102,0.4010498423953424,0.4318705608336942,0,0,1.98009800980098,1.8091552855878603,CTSS
GO_Biological_Process_2023,Regulation Of RNA Splicing (GO:0043484),1/102,0.4010498423953424,0.4318705608336942,0,0,1.98009800980098,1.8091552855878603,QKI
GO_Biological_Process_2023,Inorganic Cation Import Across Plasma Membrane (GO:0098659),1/103,0.4040599390731852,0.4346995553062229,0,0,1.9605862547039017,1.776667673398047,SLC8A1
GO_Biological_Process_2023,Positive Regulation Of Kinase Activity (GO:0033674),1/104,0.4070550586365517,0.4375070942731877,0,0,1.9414533686378344,1.7449915352070269,LRRK2
GO_Biological_Process_2023,Intrinsic Apoptotic Signaling Pathway (GO:0097193),1/105,0.4100352748474052,0.4394617912670491,0,0,1.9226884226884229,1.7140999679223647,TNFRSF1B
GO_Biological_Process_2023,Lysosomal Transport (GO:0007041),1/105,0.4100352748474052,0.4394617912670491,0,0,1.9226884226884229,1.7140999679223647,PSAP
GO_Biological_Process_2023,Negative Regulation Of MAPK Cascade (GO:0043409),1/105,0.4100352748474052,0.4394617912670491,0,0,1.9226884226884229,1.7140999679223647,IRAK3
GO_Biological_Process_2023,Monoatomic Cation Transmembrane Transport (GO:0098655),2/281,0.4112182664137235,0.4403138984712982,0,0,1.4352278545826933,1.2753881697665768,SLC11A1;SLC8A1
GO_Biological_Process_2023,Response To Calcium Ion (GO:0051592),1/106,0.4130006611337857,0.4413895954678407,0,0,1.9042809042809044,1.6839671916127796,CPNE8
GO_Biological_Process_2023,Regulation Of G1/S Transition Of Mitotic Cell Cycle (GO:2000045),1/106,0.4130006611337857,0.4413895954678407,0,0,1.9042809042809044,1.6839671916127796,PLCB1
GO_Biological_Process_2023,Negative Regulation Of Translation (GO:0017148),1/107,0.4159512905205901,0.4432908119632581,0,0,1.886220697541452,1.654568493195685,EIF2AK2
GO_Biological_Process_2023,Positive Regulation Of Autophagy (GO:0010508),1/107,0.4159512905205901,0.4432908119632581,0,0,1.886220697541452,1.654568493195685,LRRK2
GO_Biological_Process_2023,Monoatomic Ion Transport (GO:0006811),1/107,0.4159512905205901,0.4432908119632581,0,0,1.886220697541452,1.654568493195685,SLC8A1
GO_Biological_Process_2023,Inorganic Cation Transmembrane Transport (GO:0098662),2/284,0.416432710241842,0.4433875479591844,0,0,1.4197423650311187,1.2437374584065255,SLC11A1;SLC8A1
GO_Biological_Process_2023,Glycerophospholipid Biosynthetic Process (GO:0046474),1/108,0.4188872357630098,0.4455829546307555,0,0,1.8684980647597471,1.6258801725332537,PLSCR1
GO_Biological_Process_2023,Regulation Of Proteasomal Ubiquitin-Dependent Protein Catabolic Process (GO:0032434),1/109,0.4218085691393649,0.4478510065230863,0,0,1.851103628881407,1.5978794932003777,LRRK2
GO_Biological_Process_2023,Cellular Response To Salt (GO:1902075),1/109,0.4218085691393649,0.4478510065230863,0,0,1.851103628881407,1.5978794932003777,CPNE8
GO_Biological_Process_2023,Adenylate Cyclase-Activating G Protein-Coupled Receptor Signaling Pathway (GO:0007189),1/110,0.4247153626139249,0.4496753139615715,0,0,1.834028356964137,1.570544634474372,GNAQ
GO_Biological_Process_2023,Sensory Perception Of Chemical Stimulus (GO:0007606),1/110,0.4247153626139249,0.4496753139615715,0,0,1.834028356964137,1.570544634474372,CD36
GO_Biological_Process_2023,Regulation Of JNK Cascade (GO:0046328),1/110,0.4247153626139249,0.4496753139615715,0,0,1.834028356964137,1.570544634474372,PLCB1
GO_Biological_Process_2023,Regulation Of Transforming Growth Factor Beta Receptor Signaling Pathway (GO:0017015),1/111,0.4276076879640406,0.4514741635713359,0,0,1.817263544536272,1.5438546462627225,ZEB2
GO_Biological_Process_2023,Cytoskeleton Organization (GO:0007010),1/111,0.4276076879640406,0.4514741635713359,0,0,1.817263544536272,1.5438546462627225,FGD4
GO_Biological_Process_2023,Mitotic Cell Cycle Phase Transition (GO:0044772),1/111,0.4276076879640406,0.4514741635713359,0,0,1.817263544536272,1.5438546462627225,PLCB1
GO_Biological_Process_2023,Calcium Ion Transport (GO:0006816),1/112,0.4304856163806702,0.4532478428497781,0,0,1.8008008008008007,1.517789408820894,SLC8A1
GO_Biological_Process_2023,Regulation Of Protein Serine/Threonine Kinase Activity (GO:0071900),1/112,0.4304856163806702,0.4532478428497781,0,0,1.8008008008008007,1.517789408820894,SLC8A1
GO_Biological_Process_2023,Small GTPase Mediated Signal Transduction (GO:0007264),1/112,0.4304856163806702,0.4532478428497781,0,0,1.8008008008008007,1.517789408820894,RIN2
GO_Biological_Process_2023,Positive Regulation Of Cellular Component Organization (GO:0051130),1/113,0.4333492188372186,0.4558400031327554,0,0,1.7846320346320346,1.492329591518098,CLEC7A
GO_Biological_Process_2023,Negative Regulation Of Canonical Wnt Signaling Pathway (GO:0090090),1/114,0.4361985658337181,0.4584123816863611,0,0,1.768749441315813,1.4674566165007243,STK3
GO_Biological_Process_2023,Regulation Of Cell Cycle (GO:0051726),2/298,0.4404587277029924,0.4624612913440299,0,0,1.351627137341423,1.1082511710731566,MX2;TNFSF13B
GO_Biological_Process_2023,Cellular Response To Oxidative Stress (GO:0034599),1/117,0.4446617754820939,0.4660121100389442,0,0,1.7227446882619295,1.396183515184437,LRRK2
GO_Biological_Process_2023,Positive Regulation Of Protein Serine/Threonine Kinase Activity (GO:0071902),1/117,0.4446617754820939,0.4660121100389442,0,0,1.7227446882619295,1.396183515184437,LRRK2
GO_Biological_Process_2023,Positive Regulation Of Cell Cycle Process (GO:0090068),1/118,0.4474548000683968,0.468506640293017,0,0,1.7079340412673747,1.3734859734012153,PLSCR1
GO_Biological_Process_2023,Protein Localization To Nucleus (GO:0034504),1/122,0.4584885070164566,0.4796170096439431,0,0,1.6511394941147006,1.2875916896026691,STK3
GO_Biological_Process_2023,Organonitrogen Compound Biosynthetic Process (GO:1901566),1/123,0.4612126761903752,0.4820224562394805,0,0,1.6375227686703095,1.2672723299658175,SPTLC2
GO_Biological_Process_2023,Negative Regulation Of Growth (GO:0045926),1/124,0.4639232772068564,0.4835196690815261,0,0,1.6241274533957462,1.2473885010387038,BST2
GO_Biological_Process_2023,Neuron Projection Guidance (GO:0097485),1/124,0.4639232772068564,0.4835196690815261,0,0,1.6241274533957462,1.2473885010387038,NOTCH2
GO_Biological_Process_2023,Protein Dephosphorylation (GO:0006470),1/124,0.4639232772068564,0.4835196690815261,0,0,1.6241274533957462,1.2473885010387038,PTPRE
GO_Biological_Process_2023,Negative Regulation Of Cell Growth (GO:0030308),1/125,0.4666203770761902,0.4858845210839229,0,0,1.6109481915933528,1.2279279396515803,BST2
GO_Biological_Process_2023,Supramolecular Fiber Organization (GO:0097435),2/316,0.4705504402478154,0.489527726563951,0,0,1.272975432211101,0.959635228375922,CD36;MYO1F
GO_Biological_Process_2023,Cytosolic Transport (GO:0016482),1/127,0.4719743392071369,0.4901105901190306,0,0,1.5852172518839185,1.1902297169988545,EVI5
GO_Biological_Process_2023,Regulation Of Anatomical Structure Morphogenesis (GO:0022603),1/127,0.4719743392071369,0.4901105901190306,0,0,1.5852172518839185,1.1902297169988545,LRRK2
GO_Biological_Process_2023,Proteasome-Mediated Ubiquitin-Dependent Protein Catabolic Process (GO:0043161),2/319,0.4754732633474702,0.4932926452462328,0,0,1.2607352089100623,0.9372868172337756,TRIM25;TNFSF13B
GO_Biological_Process_2023,Synapse Organization (GO:0050808),1/131,0.4825231566060633,0.5001495732857368,0,0,1.5361305361305362,1.119418823893266,LRRK2
GO_Biological_Process_2023,Intracellular Protein Transport (GO:0006886),2/325,0.4852367917561353,0.5025034294189905,0,0,1.236936880015164,0.8944516651440462,STX11;STK3
GO_Biological_Process_2023,Antigen Receptor-Mediated Signaling Pathway (GO:0050851),1/134,0.4902976000706425,0.5072814731815672,0,0,1.5012531328320802,1.0700072490423935,MNDA
GO_Biological_Process_2023,Non-Membrane-Bounded Organelle Assembly (GO:0140694),1/135,0.4928632963661163,0.5094716223820965,0,0,1.4899743705713857,1.0541917813157848,RNF213
GO_Biological_Process_2023,Negative Regulation Of Cellular Biosynthetic Process (GO:0031327),1/137,0.4979563925252978,0.5142679759019227,0,0,1.467914438502674,1.0234927306951356,EIF2AK2
GO_Biological_Process_2023,Intracellular Calcium Ion Homeostasis (GO:0006874),1/139,0.502998845735877,0.5190033544638367,0,0,1.4464939247547943,0.993983474661611,SLC8A1
GO_Biological_Process_2023,Actin Filament Organization (GO:0007015),1/144,0.515386675547343,0.5313023403689685,0,0,1.3955640319276683,0.9250326397711036,MYO1F
GO_Biological_Process_2023,Dephosphorylation (GO:0016311),1/147,0.5226721271590139,0.5383238333262077,0,0,1.366680503666805,0.8867035673377484,PTPRE
GO_Biological_Process_2023,Axon Guidance (GO:0007411),1/149,0.5274687471502818,0.5427715575843789,0,0,1.348075348075348,0.8623175106205572,NOTCH2
GO_Biological_Process_2023,Positive Regulation Of Nucleic Acid-Templated Transcription (GO:1903508),3/557,0.5300784738669395,0.5449629237671887,0,0,1.0800178644534597,0.6855199761646434,STAT1;PLCB1;CREB5
GO_Biological_Process_2023,Peptidyl-Serine Phosphorylation (GO:0018105),1/158,0.5484697017864213,0.5633602819254191,0,0,1.270218104613009,0.7629225123606185,LRRK2
GO_Biological_Process_2023,Regulation Of Macromolecule Metabolic Process (GO:0060255),1/162,0.557504289374834,0.5721223946116063,0,0,1.238408934061108,0.7235838652550021,SLC8A1
GO_Biological_Process_2023,Nitrogen Compound Transport (GO:0071705),1/163,0.559734829149778,0.5738925303387516,0,0,1.2307020825539343,0.7141667289104645,SLC11A1
GO_Biological_Process_2023,Peptidyl-Serine Modification (GO:0018209),1/166,0.566359876814798,0.5801610651487326,0,0,1.2081420263238445,0.6868596439049133,LRRK2
GO_Biological_Process_2023,Regulation Of Transcription By RNA Polymerase II (GO:0006357),10/2028,0.5673728063558625,0.5806746034390478,0,0,0.9845831956832948,0.5580013851189123,ZEB2;PLSCR1;CTBP2;STAT1;SLC11A1;NAMPT;MAML3;BAZ2B;TLR2;CREB5
GO_Biological_Process_2023,Membrane Organization (GO:0061024),1/167,0.5685462179076766,0.5813513129055972,0,0,1.2008032128514057,0.6780607576727649,STX11
GO_Biological_Process_2023,Negative Regulation Of Programmed Cell Death (GO:0043069),2/381,0.5707728050928444,0.5831027306754082,0,0,1.0511550266544614,0.5894499373210654,NOTCH2;HCK
GO_Biological_Process_2023,Metal Ion Transport (GO:0030001),1/171,0.5771829849119133,0.5891211221897676,0,0,1.172311348781937,0.6442975473743275,SLC11A1
GO_Biological_Process_2023,Generation Of Neurons (GO:0048699),1/172,0.5793152949258957,0.5907662711059224,0,0,1.1653966566247267,0.6361998227862873,DISC1
GO_Biological_Process_2023,Regulation Of Neuron Projection Development (GO:0010975),1/174,0.58354802824362,0.5945484847904027,0,0,1.1518070882232732,0.6203961472877585,LRRK2
GO_Biological_Process_2023,Extracellular Matrix Organization (GO:0030198),1/176,0.5877385951928842,0.598280991519214,0,0,1.1385281385281385,0.6050969607350297,CTSS
GO_Biological_Process_2023,Macromolecule Biosynthetic Process (GO:0009059),1/183,0.6020794872594002,0.6123299444797663,0,0,1.0943500943500943,0.5552358152068577,SLC11A1
GO_Biological_Process_2023,Phosphate-Containing Compound Metabolic Process (GO:0006796),1/184,0.6040874563472056,0.6138220796365965,0,0,1.088314842413203,0.5485501823263738,LRRK2
GO_Biological_Process_2023,Axonogenesis (GO:0007409),1/188,0.6120195102918862,0.6213257103589364,0,0,1.0648193161562145,0.5228168258857318,NOTCH2
GO_Biological_Process_2023,Regulation Of Cell Differentiation (GO:0045595),1/193,0.6217136526856437,0.6306032134032221,0,0,1.0368265993265993,0.4927784439166676,EIF2AK2
GO_Biological_Process_2023,Regulation Of Translation (GO:0006417),1/202,0.6385626197623779,0.6471147977056241,0,0,0.989949243680587,0.4440274137168498,EIF2AK2
GO_Biological_Process_2023,Regulation Of Angiogenesis (GO:0045765),1/205,0.6440121337651465,0.6520551042135962,0,0,0.975242622301446,0.4291435319722849,STAT1
GO_Biological_Process_2023,Negative Regulation Of Nucleic Acid-Templated Transcription (GO:1903507),2/456,0.6686881063909298,0.6764358295487569,0,0,0.8741346758967904,0.3517846053152569,CTBP2;PLCB1
GO_Biological_Process_2023,Proteasomal Protein Catabolic Process (GO:0010498),1/220,0.6700631622295644,0.6772232316389631,0,0,0.9077533324108666,0.3634492739597634,TNFSF13B
GO_Biological_Process_2023,Regulation Of Cell Growth (GO:0001558),1/227,0.6815654540395655,0.6882355785897747,0,0,0.8793242156074015,0.3371003590491747,BST2
GO_Biological_Process_2023,Cellular Response To Lipid (GO:0071396),1/228,0.6831758984309778,0.6886364517932148,0,0,0.8754060428069239,0.3335322537698721,TNFRSF1B
GO_Biological_Process_2023,Chromatin Remodeling (GO:0006338),1/228,0.6831758984309778,0.6886364517932148,0,0,0.8754060428069239,0.3335322537698721,BAZ2B
GO_Biological_Process_2023,Negative Regulation Of Intracellular Signal Transduction (GO:1902532),1/231,0.6879590095762926,0.6928424808066478,0,0,0.8638559508124726,0.323104604801154,STAT1
GO_Biological_Process_2023,Positive Regulation Of Developmental Process (GO:0051094),1/233,0.6911079624436063,0.6953967529906854,0,0,0.8563218390804598,0.3163760043404945,PLCB1
GO_Biological_Process_2023,Negative Regulation Of Apoptotic Process (GO:0043066),2/482,0.6982049496543749,0.7019155162601554,0,0,0.8256802721088435,0.2966195237348932,NOTCH2;HCK
GO_Biological_Process_2023,Cellular Component Assembly (GO:0022607),1/260,0.7306627893732508,0.7338958105651677,0,0,0.765999765999766,0.2403731977710985,VMP1
GO_Biological_Process_2023,Negative Regulation Of Transcription By RNA Polymerase II (GO:0000122),3/763,0.7398871391748167,0.7425038929826853,0,0,0.778893109061313,0.2346474835256569,ZEB2;CTBP2;STAT1
GO_Biological_Process_2023,Chromatin Organization (GO:0006325),1/268,0.7413884013095853,0.7433532115604058,0,0,0.7427458101615405,0.2222522987073151,BAZ2B
GO_Biological_Process_2023,Negative Regulation Of DNA-templated Transcription (GO:0045892),4/1025,0.7602214715268273,0.7615634335242268,0,0,0.7704456415279138,0.2112141888620354,ZEB2;CTBP2;STAT1;PLCB1
GO_Biological_Process_2023,Protein-Containing Complex Assembly (GO:0065003),1/328,0.809429181545872,0.8101429638929142,0,0,0.6046087789207055,0.1278300119944724,LRRK2
GO_Biological_Process_2023,Regulation Of DNA-templated Transcription (GO:0006355),6/1922,0.9274109486029488,0.9274109486029488,0,0,0.5991205081508462,0.0451488236510245,ZEB2;CTBP2;STAT1;BAZ2B;PLCB1;CREB5
