gene,highly_variable,means,dispersions,dispersions_norm,highly_variable_nbatches
PRDM16,True,0.004335514486916877,1.3326606497440932,0.70219105,3
AL365255.1,True,0.025126726586396492,1.5313078395422908,1.1828264,7
CA6,True,0.08760139430813971,1.548953427971211,1.2711242,5
KAZN,True,0.14398703651253913,2.1600900688160243,2.9344995,10
AL357873.1,True,0.004629569797787108,1.3292805844142417,0.693029,3
FHAD1,True,0.032669672187739716,1.358273205472719,0.7451457,4
PADI4,True,0.2083718776388414,1.6599682424257007,1.4218038,8
ALPL,True,0.005413793500930374,1.6856945420067255,1.5044215,3
C1QA,True,0.033313262811447655,1.4568750042945862,0.98917615,6
C1QB,True,0.01103515917601755,1.252614810078893,0.7022523,4
CNR2,True,0.1689394304510552,1.5809376836978608,1.2179984,4
IFNLR1,True,0.055618010166553065,1.4364348383234473,0.9498073,3
RCAN3,True,0.8076361387831412,1.827539608786458,1.0877589,4
CLIC4,True,0.4518448427705374,1.7515329244250328,1.367767,7
RUNX3,True,1.2289669424928906,1.9525202616301407,0.9652704,4
MAN1C1,True,0.47112939303933415,1.6965002890819805,1.1639559,4
ZNF683,True,0.036687005768783955,1.4394381342410276,0.94809216,4
AL139286.3,True,0.01527993922147405,1.3427848599653593,0.6125981,3
CSF3R,True,0.9511530431619521,2.0858769644346733,1.7679112,9
AL139260.1,True,0.1368615707005549,1.5424677838618694,1.2159998,4
SCMH1,True,0.8571831892076563,1.9071138448310556,1.3377664,7
HIVEP3,True,1.1775424454992063,2.112099853574271,1.6019921,9
CCDC30,True,0.1368025152118562,1.5468558782613557,1.169591,6
ST3GAL3,True,0.5013128371357353,1.723006957970624,1.2191205,6
ZSWIM5,True,0.3107375107136914,1.947707071110082,2.1715846,9
TESK2,True,0.26304078878689324,1.555483179421205,1.1314085,5
MAST2,True,0.2803793611970328,1.4954681653325508,0.88774383,3
PIK3R3,True,0.06633039771879663,1.5401335626432047,1.2311214,7
AGBL4,True,0.07763368404236562,2.3437969545853434,3.4072149,10
AC099788.1,True,0.0029644246606541705,1.4003869433575455,0.8081663,4
LINC01562,True,0.00799915468744862,1.3065511564932697,0.5440874,3
AC104170.1,True,0.05903898737555109,1.5677700716167369,1.3129089,7
ZFYVE9,True,0.17729294970980009,1.5948657671940785,1.3724512,7
SHISAL2A,True,0.47329186395505085,1.636939237840755,0.8828695,3
NDC1,True,0.22536538566839254,1.5103384449288035,1.0931115,6
AC096536.3,True,0.012680290547799084,1.4441488848512984,0.9575197,4
MIR4422HG,True,0.025822564652695952,1.5978999138401533,1.3856304,8
AC119674.1,True,0.011526845551003567,1.3053488273946043,0.56719637,3
PLPP3,True,0.039400663037360444,1.5523772690789215,1.2862802,4
DAB1,True,0.2765371701793375,1.907330476419982,2.1702785,10
AL136985.3,True,0.013129581373744823,1.3324712121082327,0.55359834,3
LINC01135,True,0.11205526250250053,1.4891435568877687,1.0711228,3
FGGY,True,0.3895605185298079,1.7217033021557995,1.3549788,6
AC099792.1,True,0.0032064276983045778,1.4073113504431325,0.78219277,3
NFIA,True,0.6264159958174942,2.0062085764172677,1.9666938,10
PATJ,True,1.0596093266919904,2.0265487885337405,1.4046,6
ATG4C,True,0.23414202265979375,1.426347558707852,0.6982833,3
BX004807.1,True,0.012586230091920309,1.3904878549204844,0.80230284,5
ROR1,True,0.34132569176596844,2.521777861132469,3.6308572,10
ROR1-AS1,True,0.03924818996859937,1.3168492443073567,0.5746791,3
CACHD1,True,0.05437984744530128,1.6244320723568433,1.4355551,7
DNAJC6,True,0.0676108488581875,1.7469801281233313,1.8047252,9
AL139294.1,True,0.012763334334901483,1.4148518726555934,0.8882674,3
LEPR,True,0.17693635530993976,1.6746362696522645,1.5594547,8
PDE4B,True,1.3749298882639835,2.3508698127943437,1.8077836,7
SLC35D1,True,0.4742750783494632,1.6253317796806375,0.9398738,3
C1orf141,True,0.008739180111156779,1.3419214930198535,0.70183694,3
IL23R,True,0.015086402023472908,1.4783454342307831,1.0329757,3
IL12RB2,True,0.28865891810310884,2.216811733247662,3.223887,10
LRRC7,True,0.197260539825719,1.9677242906425598,2.2870753,8
PTGER3,True,0.007788211123450277,1.3530958876648433,0.71770436,3
ZRANB2-AS2,True,0.04776938658179646,1.7365487517073128,1.7767432,8
NEGR1,True,0.2594877356139311,2.3642564043517305,3.7192733,10
AL513166.1,True,0.07001832071763633,1.7700157052659555,1.9144915,7
LRRIQ3,True,0.008844846913259773,1.4205435765090928,0.9257552,5
TNNI3K,True,0.06175179913066212,1.6056184623297547,1.3956592,6
SLC44A5,True,0.0345657765848765,1.4625563556415933,0.99049455,4
ST6GALNAC3,True,0.7996410078224431,2.1950315544691676,2.2694118,10
ST6GALNAC5,True,0.0062819272277844385,1.541901489935587,1.1657952,4
AL035409.1,True,0.003973966884257329,1.2962674670146517,0.56704295,3
PIGK,True,0.317592188188476,1.6241247496104272,1.13965,4
AK5,True,0.360981159925433,2.0446519157886796,2.478296,9
GIPC2,True,0.029206948151606245,1.4614581306002155,1.0077996,3
IFI44L,True,0.4008537040333369,1.6648286342331278,1.2690198,6
ADGRL4,True,0.0071282410826633575,1.307823069180643,0.952498,5
LINC01362,True,0.11713801978926389,2.084268410809481,2.6666703,9
LINC01725,True,0.22708335660958423,2.25976561589412,3.1261795,10
TTLL7,True,0.015906855812781596,1.4150852572141133,0.8420773,3
SSX2IP,True,0.16187085778232446,1.4367289120218496,0.94400364,3
MCOLN2,True,0.4628567815875697,1.6768466328187066,1.120454,3
WDR63,True,0.06327487014067955,1.6228706041341279,1.4291556,6
SYDE2,True,0.07600394420184439,1.4351522485465638,0.9511684,3
AL078459.1,True,0.11114576172051882,1.9589585673008443,2.3849664,10
DDAH1,True,0.015537294123132383,1.489082871893559,1.1096926,5
COL24A1,True,0.06425877554884965,2.0003295894508577,2.468716,9
LINC02795,True,0.022931681084388568,1.5461655650977195,1.2359496,6
CLCA4-AS1,True,0.03464314945716026,1.6890979146817329,1.6262076,9
HS2ST1,True,0.8851572068078181,1.8886443848557406,1.1154226,6
AL596214.1,True,0.03303885199433394,1.4269882227060848,0.911146,3
HFM1,True,0.008763462002005316,1.3157947120153641,0.6170748,3
TGFBR3,True,1.1597202733945102,2.4682557789415935,2.6164355,9
EPHX4,True,0.017677717518310487,1.4302183338587444,0.9175135,3
BTBD8,True,0.10207932611409273,1.520872425856132,1.1782024,6
EVI5,True,1.1306555847502529,1.9192007799963473,1.058384,5
DIPK1A,True,0.8452014103926606,1.8703127921202767,1.1811846,5
FNBP1L,True,0.04752446418226815,1.5500907818797294,1.2419839,6
BCAR3,True,0.1655585839404154,1.6447690925384646,1.5040319,7
CNN3,True,0.011829011664072107,1.372326030863036,0.7174138,3
ALG14,True,0.13895281698912523,1.5654739505802724,1.2371264,7
DPYD,True,3.113056404577193,2.873212234716615,0.7132826,3
PLPPR5,True,0.002519126502557125,1.3345368439272354,0.68180114,3
AL445928.2,True,0.04317153377999316,1.3563151326905303,0.7280896,3
CDC14A,True,1.858542960149269,2.415576120720825,1.1760287,4
AC093157.1,True,0.2895848652237126,1.566230249724198,1.0882943,5
COL11A1,True,0.005219295242720983,1.4577855820917178,0.94857335,3
NTNG1,True,0.024238347738569,2.1134549672073195,2.762091,10
VAV3,True,1.6526070720970671,2.172186594213304,1.0781087,4
VAV3-AS1,True,0.04571988842679855,1.548113433387416,1.2318716,5
KIAA1324,True,0.07878212856627118,1.49692060440084,1.0856744,3
SLC16A1,True,0.27234405380125665,1.519505003349005,0.99078375,4
SLC16A1-AS1,True,0.33436084054021925,1.726429856825585,1.5156412,6
LRIG2-DT,True,0.05787479721570203,1.4661963091161996,1.0197283,3
MAGI3,True,0.24177292480737433,1.990227039726344,2.4476323,10
DENND2C,True,0.04724574576952813,1.4704279357437708,1.013798,4
LINC01762,True,0.10291285340668481,1.7053500444622904,1.6769205,9
TBX15,True,0.01892060709310463,1.3483363813744929,0.6882742,3
WARS2-AS1,True,0.32801419293991385,1.7013575217616754,1.3441767,6
LINC02798,True,0.0976315117230376,1.4754067833698246,1.0334554,4
CD160,True,0.0921713998897433,1.4184418749612628,0.82363456,3
HJV,True,0.010673718482182095,1.5576156408060942,1.2179601,4
AC242426.2,True,0.14557896811689108,1.460747238665371,1.0149395,3
OTUD7B,True,0.1660409581956301,1.5422509428382087,1.2232628,6
ADAMTSL4-AS1,True,1.1414781287412983,2.181261995610499,1.7200488,9
FLG-AS1,True,0.016490730044711202,1.5996701373728304,1.3411734,6
S100A9,True,1.1160103995631774,2.068535320196763,1.309289,6
S100A8,True,0.745321241268277,1.6804114751014805,0.8374973,3
NUP210L,True,0.08254502437017582,1.4058729936047576,0.86812437,4
KCNN3,True,0.021356184387518913,1.3958763259015692,0.77686137,3
FCRL5,True,0.12592295067886058,1.890541175855989,2.015101,8
FCRL3,True,0.16599688641147878,1.5702006385226634,1.2483492,8
FCRL2,True,0.14303403004116946,1.6408900255159704,1.3453001,7
FCRL1,True,0.3406229481768084,2.358030305516223,3.2268054,8
PYHIN1,True,0.9463964371274315,1.927591645608953,1.2822194,5
FCER1A,True,0.032170540888104615,1.3787416553579794,0.74040025,3
FCGR3A,True,0.41805674484773725,1.777439417816454,1.5168552,6
FCGR3B,True,0.006834420033315811,1.435399181753117,0.8864798,4
NOS1AP,True,0.033940197629860044,1.5708669565305464,1.2952973,5
SH2D1B,True,0.09632610024004298,1.51673654245378,1.1417352,5
DDR2,True,0.062291199581640325,1.6392358254568342,1.5192666,7
RGS5,True,0.03569349115130165,1.5150093842582688,1.1046493,5
AL499616.1,True,0.005091500793253179,1.2942683610932837,0.55147964,3
PBX1,True,0.030568836703443618,2.0288987997772594,2.575896,10
FAM78B,True,0.0164124578850039,1.4417469060728438,0.9200269,4
CD247,True,2.2666217512937243,2.9247502419812808,1.6415054,7
NME7,True,0.36271466070149294,1.7857304954292037,1.6286979,7
F5,True,0.18474074809667343,1.441704480261533,0.8397842,3
C1orf112,True,0.313996548842549,1.608497941071373,1.159529,4
BX284613.2,True,0.38857048789262755,2.865743757939199,4.209616,9
MROH9,True,0.1053015246423793,1.808258896720289,1.8222195,6
DNM3,True,0.24025654312400505,1.9854246667299589,2.4655938,10
AL031599.1,True,0.020454890014725727,1.602171008070409,1.3511561,7
TNR,True,0.009516614085024456,1.4998704267064116,1.0461829,5
RASAL2,True,0.12555062906800177,1.8351067744981227,2.0787396,9
RALGPS2,True,0.9873182677244097,2.781232226717534,3.990148,9
ANGPTL1,True,0.1131931515601838,1.5364672378877946,1.2104965,5
RGSL1,True,0.008503062330924125,1.4175606065748876,0.81586677,3
LAMC1,True,0.04835078443007266,1.4730655779234727,1.0382779,3
RGL1,True,0.21050378415580862,1.8025799853127284,1.9708999,10
COLGALT2,True,0.06019131259884729,1.487294555353281,1.0437611,5
C1orf21,True,0.661458587845501,2.21212548901524,2.5610425,10
NIBAN1,True,1.2315656447536938,2.0844107554559814,1.3863437,6
HMCN1,True,0.018418961381128716,1.7176874885206703,1.7055839,9
AL096803.2,True,0.12757004266160463,1.589054824873492,1.3817226,6
PTGS2,True,0.13718716270658532,1.857371897202389,2.195494,8
PLA2G4A,True,0.3163409852970601,1.5797695738930266,1.0193301,4
ERVMER61-1,True,0.25410371846706575,2.3494966162679867,3.5673485,10
AL390957.1,True,0.23325204667877192,1.4995293646428418,1.0525218,5
RGS1,True,0.1867195239760686,1.4822630938541779,0.9323145,5
RGS2,True,0.8028591667337277,1.81010542415978,1.0646169,4
LINC01031,True,0.10272930758136296,1.5685944048229192,1.304357,6
AL136456.1,True,0.8384853889256974,3.9495655625411876,7.5097575,10
KCNT2,True,0.005797442049156688,1.3705900339464192,0.67698675,3
CFH,True,0.07136860417936307,1.461512718726953,0.9741751,4
ASPM,True,0.033546477330404396,1.8651931368348627,2.1013746,8
CRB1,True,0.04217846902932235,1.6223710839770458,1.4594244,8
AL450352.1,True,0.07688133269165226,1.7633605444762306,1.8392419,8
MIR181A1HG,True,1.1425460834029424,2.1833714693160515,1.7138318,8
CAMSAP2,True,0.11687685218865443,1.4750502160512267,1.0475771,4
LGR6,True,0.1215592637582901,1.6646253044422192,1.5553377,9
RHEX,True,0.15174836641595285,2.105683879648215,2.6657577,10
AL596218.1,True,0.009572136748427662,1.305377801983815,0.59492624,3
CR1,True,0.4379286897483752,1.696440721057055,1.2402323,6
G0S2,True,0.1492894912691526,1.510983775453837,1.1673381,6
SYT14,True,0.005106562617146554,1.4208556618241093,0.8878317,3
HHAT,True,0.21771213365914682,1.6490471469072923,1.4108181,6
DTL,True,0.03627404245937506,1.7530846620799967,1.8329426,8
PROX1-AS1,True,0.0037527350006686345,1.2123282445096932,0.6572012,4
CENPF,True,0.04024825361367164,1.6226295419943184,1.4175172,8
ESRRG,True,0.01473373614703503,1.3941045040335056,0.73424643,3
LYPLAL1-DT,True,0.03003348600094008,1.7665420830621947,1.8760024,9
MARK1,True,0.03592833248893979,1.5298727410724333,1.1343391,4
DISP1,True,0.19986501895643252,1.8671179513650487,2.0651822,9
SUSD4,True,0.0982872138070628,1.7485425112127158,1.7956046,10
CNIH3,True,0.09231089682684937,1.5402269877713566,1.2132994,3
ENAH,True,0.014048608325010481,1.437266851331592,0.87519586,4
LIN9,True,0.07050035255672517,1.4956940325693502,1.1202266,4
STUM,True,0.008179191364242926,1.3985783359461144,0.85601294,3
CDC42BPA,True,0.1179947800106463,1.5035752121903223,1.1105069,5
ZNF678,True,0.25762488239120124,1.4347011252976873,0.73024225,3
SIPA1L2,True,0.21089502965474077,1.4486432781900773,0.93835646,3
SLC35F3,True,0.065502242748905,1.7332633678982767,1.7785451,8
EDARADD,True,0.09898930330396963,1.474496186212867,1.0325211,3
CHRM3,True,0.05714057584051839,1.5960849299163917,1.3701963,7
GREM2,True,0.24081339910114904,2.4123794209113316,3.7872517,10
RGS7,True,0.10371152865135294,2.4746766949275276,3.7810678,9
WDR64,True,0.054348790427303104,1.656474004619638,1.5492928,8
PLD5,True,0.024847854942340916,1.7820975429049084,1.8717233,9
CATSPERE,True,0.1648673780759628,1.6874893875530845,1.6309936,9
SMYD3,True,1.9498346534327424,2.419231621556386,1.1888947,5
NLRP3,True,0.5276413991964606,1.686747162735219,1.0555377,5
TRIM58,True,0.027457794275218512,1.3434300586621069,0.6496207,3
SNTG2,True,0.16039712345939058,2.2059831511558046,3.0843363,10
LINC01250,True,0.026032859277454724,1.6847578492051851,1.6080264,8
ALLC,True,0.0015268631219887995,1.2721821865676666,0.6778695,3
RSAD2,True,0.199233438646169,1.5492871687907712,1.0981191,4
LINC00298,True,0.054154888788848866,1.5651191827468938,1.266604,6
LINC00299,True,0.4176233860702803,2.083327389369615,2.5922651,10
MBOAT2,True,0.14697069777676422,1.5862891676729332,1.2985421,7
RRM2,True,0.055282462280133324,1.8978054332687975,2.160427,8
GREB1,True,0.016285170596494005,1.474529767960629,0.9860405,6
MIR3681HG,True,0.15013133715370514,1.7815120821839305,1.6792483,8
AC064875.1,True,0.004894627231302717,1.3804730043856688,0.7118681,3
AC093912.1,True,0.003782716235917144,1.3541911625017422,0.6223418,3
LINC00276,True,0.01422963262598104,1.4905133249754141,1.132518,4
AC068286.2,True,0.024541563918700722,1.813594058545286,1.9753723,10
FAM49A,True,1.3653750015326491,2.2073246958383432,1.4975857,7
GEN1,True,0.26944369905682297,1.6007029344577162,1.2389399,4
LINC01376,True,0.17831444709433011,1.780722954240233,1.8906479,9
WDR35,True,0.13573740181300534,1.5088680451899505,1.1406026,7
LDAH,True,0.29161201134534154,1.615070553948632,1.2221876,7
TDRD15,True,0.00777714358643646,1.2433381501295486,0.7842688,3
AC018742.1,True,0.04034542477281025,2.1488494900401593,2.8894286,9
KLHL29,True,0.11696606817152319,1.7007244582272119,1.6936256,9
DTNB,True,0.8463088284487668,1.7990259802906823,1.0287004,6
GALNT14,True,0.03054982823799072,1.7771852442469331,1.8997351,9
LTBP1,True,0.03304979023270622,1.581742341706189,1.3160981,4
RASGRP3,True,0.22614852830063806,1.7386490054533437,1.5889658,8
AC017050.1,True,0.017962430331306553,1.4715173015174596,1.0025904,4
LINC01320,True,0.10756105451793094,1.8981411969284498,2.1584334,8
CRIM1,True,0.21509431328300402,1.6206576681880704,1.3691216,8
AC006369.1,True,0.23092335554722113,1.4987215226699884,0.9177463,3
RMDN2,True,0.20483385450046782,1.5425898931458946,1.1188493,3
CYP1B1,True,0.213827829372886,1.6313666688677535,1.3248926,5
MAP4K3,True,0.9413134529450119,1.7278010504829233,0.71788156,3
MAP4K3-DT,True,0.23793075674836003,1.6349598152398823,1.4370964,8
SLC8A1,True,1.8856444039913307,3.1357480656181034,2.9605272,10
PLEKHH2,True,0.03552281373050588,1.5102361461681961,1.1521199,4
CAMKMT,True,1.3959799423830028,2.1859669526092853,1.4217554,7
LINC01121,True,0.00273236447929505,1.341643743274503,0.6863513,3
SRBD1,True,0.6664657163445706,1.7184815375092939,0.9980608,4
PRKCE,True,1.648944989357472,2.2770029280166546,1.2490362,5
EPAS1,True,0.04981400210781995,1.5436991003931273,1.259833,6
LINC01118,True,0.05945435447650921,1.504642708840808,1.1208198,4
MSH2,True,0.22383122213204829,1.4827339139402338,1.023899,3
AC092650.1,True,0.21451177343386502,1.8853481661379774,2.1272256,10
NRXN1,True,0.031683592020653774,1.435719560440654,0.90107375,5
AC007402.1,True,0.01812674239652757,1.3367068444291208,0.6072265,3
AC010967.1,True,0.04782870290421961,2.19866037661145,2.9611228,8
ACYP2,True,0.8726673934894544,1.8479450788667697,1.1272948,5
EML6,True,0.07071356447184915,1.7175202484968515,1.6812127,8
AC132153.1,True,0.05993883606279728,1.748215932617138,1.829542,9
LINC01122,True,0.012343344658991697,1.4326596620613832,0.9005604,4
AC007100.1,True,0.020132005944790383,1.9639904827845656,2.3879817,8
AC007381.1,True,0.036751919539321255,1.767660551199835,1.8433402,9
BCL11A,True,0.5320663485297555,2.1736010862850597,2.6341007,9
EHBP1,True,0.7689661612404558,1.881642948714676,1.4120699,6
AC007098.1,True,0.10083554165335831,1.4363271599632106,0.9240091,3
AC009501.3,True,0.062222753692711616,1.53872627084422,1.2256497,6
WDPCP,True,1.1200010958397226,1.9553652929087761,1.1557136,5
PELI1,True,1.8340082310039219,2.439498282959123,1.4065871,7
LINC02245,True,0.3351073060215718,1.644645680925801,1.225458,6
MEIS1,True,0.034858336978619855,1.8820161249868879,2.155573,9
LINC01828,True,0.00503101254939981,1.2990182991750339,0.8979223,4
LINC01829,True,0.04872158071850018,1.8225267986794313,2.022463,9
PLEK,True,0.9929517167106037,1.9331783896143808,1.2367624,4
APLF,True,0.1854290330282202,1.5886509090337795,1.2429384,7
ADD2,True,0.04032321565881301,1.4303519320543638,0.93258375,4
AC005234.2,True,0.003082337276560159,1.3634626371427354,0.73120195,4
DYSF,True,0.48436952471858874,2.0006320845391405,2.1513758,9
SLC4A5,True,0.17287437414225987,1.4821235434077646,1.0546609,4
TACR1,True,0.05846382420458331,1.475080404671163,1.0463201,6
AC007681.1,True,0.05897706227008247,1.6970771412427113,1.6872053,9
AC012494.1,True,0.00719943439136964,1.4239396310557138,0.856052,4
DNAH6,True,0.064872802270618,1.5084374942432324,1.1140393,5
TRABD2A,True,0.5248360717828685,1.7219900843914275,1.128237,5
AC022210.2,True,0.1316876571199549,1.4672838051666595,1.0307399,5
GNLY,True,1.520012260191417,3.395515933058681,4.0957327,10
CD8A,True,0.3482023282470565,1.7037690220862263,1.3715768,7
CD8B,True,0.233632826032265,1.6142018459224416,1.3484915,7
IGKC,True,0.7939059851556691,5.391415130473996,11.505115,10
IGKV4-1,True,0.005011218941280068,1.5184600587954382,1.2253579,5
IGKV1-5,True,0.0012782893701262206,1.043604279781198,0.8798775,3
MAL,True,0.3728687326741037,1.6597097040808522,1.2226774,6
AC092835.1,True,0.028678873363303704,1.4220839381257564,0.9222561,3
DUSP2,True,0.509058058139388,1.6901746143741403,1.1683315,6
TSGA10,True,0.13988604105312075,1.4984338297020519,1.1092823,5
AC079447.1,True,0.24745478213107336,1.8061107484430121,1.9275148,9
AFF3,True,1.6191381479498717,3.711412895053209,5.0565367,9
LONRF2,True,0.009272863057045139,1.3545716025485433,0.7005975,3
NPAS2,True,0.031705790473294804,1.5229057005752284,1.1861283,4
TBC1D8,True,0.5920242207919955,1.7827622555946465,1.2857217,7
IL1R2,True,0.05830607486549953,1.6755622328388793,1.572835,5
IL1R1,True,0.04607216966937565,1.534176957482831,1.2289705,5
IL18R1,True,0.26822782315354676,1.5689893000748096,1.1181031,4
IL18RAP,True,0.21978621337381155,1.7357264552890357,1.596699,9
TMEM182,True,0.09742144978779095,1.9459698844598072,2.3655763,10
AC009505.1,True,0.1940154489724964,1.3917108828078562,0.7442532,3
CCDC138,True,0.25021268707837857,1.810554055735372,1.8912714,9
EDAR,True,0.08598202513337971,1.6018856038435967,1.401903,8
SH3RF3,True,0.39261369063090534,1.9466492330624525,2.0766127,10
AC017002.6,True,0.00592484794708077,1.2712904364767847,0.53517765,3
IL1B,True,0.27712603672713,2.4617454902629436,4.009949,10
IL1RN,True,0.0417401349194744,1.3893217969002465,0.849975,3
DPP10,True,0.02813571012012859,1.4493968191508837,0.98682207,4
EPB41L5,True,0.2595674547013777,1.6664266209273073,1.4596306,7
AC011246.1,True,0.11851128165073424,2.1704207530710242,2.955744,10
NCKAP5,True,0.02220682567481694,1.6027494760538978,1.348151,6
MGAT5,True,1.6978047422223033,2.385380344863959,1.5129435,7
TMEM163,True,0.12231164710805235,1.807698118852104,1.9932883,8
CCNT2-AS1,True,0.1861294966872654,1.6864488055344915,1.5833671,9
ACMSD,True,0.03423779996740775,1.42331465409379,0.91208214,3
ZRANB3,True,0.43893223975095985,1.7235575016242464,1.2946147,6
AC114763.1,True,0.13300712192399464,1.604779010591334,1.3455828,6
LRP1B,True,0.10240662851474538,1.5929515959854907,1.3650663,3
KYNU,True,1.1864580813942067,2.3378203599882372,2.1276968,9
GTDC1,True,0.9693928017149259,1.9438432027557924,1.3106366,7
ZEB2,True,2.9350416717619434,3.3992591732285375,1.2293079,5
TEX41,True,0.09479237577544355,1.4713363190224424,1.0079045,4
ACVR2A,True,0.7527348532933691,1.8904979544073637,1.4607027,8
MBD5,True,1.674591085729304,2.0649473895645336,0.7993388,3
AC105402.3,True,0.8760317774499278,2.385264649806071,2.7213984,8
KIF5C,True,0.1940483743620594,1.5173476688706133,1.0203618,5
LYPD6B,True,0.009920271918416311,1.666369484894206,1.5231978,4
AC007364.1,True,0.07896388889145492,1.765896451710974,1.8982868,4
TNFAIP6,True,0.042502301356976045,1.5462885709116965,1.2852118,4
NEB,True,0.09967293221416748,1.476048311500647,1.0316496,4
CACNB4,True,0.09799693641410467,1.6924096596330238,1.6189972,9
FMNL2,True,0.2939406847016075,2.2465960502607594,3.2132354,10
GALNT13,True,0.016637757998811814,1.8501548871024673,2.0449746,5
LINC01876,True,0.1931871468573705,2.317048709990591,3.4929917,10
ACVR1C,True,0.1359250541868585,1.86040180562055,2.0967872,10
UPP2,True,0.05302923255598563,1.675954224699672,1.5957133,8
PKP4,True,0.4491436542268981,1.7207903976199588,1.3130295,6
TANC1,True,0.032504697390843475,1.500755735671061,1.0828749,5
AC009961.1,True,0.0862445402974697,1.4714701218777713,1.0385079,3
SLC4A10,True,0.1615498971968518,2.59412531854748,4.076988,10
DPP4,True,0.2851181249555065,1.649095679790182,1.3170216,5
FAP,True,0.004099754036132921,1.3828057537725549,0.8587901,3
GRB14,True,0.007934432095329241,1.431841200544425,0.8656697,4
COBLL1,True,0.6469350709244058,2.926845350436132,4.9579325,10
AC019197.1,True,0.10098041013123851,1.933306036170699,2.3011622,9
SLC38A11,True,0.061357479200731646,2.1267585949417813,2.7520134,8
SCN3A,True,0.04953049507302226,1.8701017605704546,2.1163843,8
SCN2A,True,0.01146350185775279,1.583950142801203,1.3348078,5
AC009495.1,True,0.08972327372063307,1.503412131416387,1.1285647,5
SCN9A,True,0.04181862782864112,1.69622123287821,1.633004,8
AC073050.1,True,0.0073366498987239796,1.489570155650339,1.0512369,4
AC016723.1,True,0.05587645621664231,1.5373009677687615,1.2317654,5
CERS6,True,1.4075640524263209,1.9985368089588085,1.0039401,3
SPC25,True,0.012037270565513425,1.3294749261905143,0.5895368,3
MYO3B,True,0.10204422252205125,2.2611699018822216,3.2193165,10
METTL8,True,0.3117216783289206,1.5355120325764142,0.9103484,4
DCAF17,True,0.23736391044030092,1.4727535596393517,0.9824129,3
METAP1D,True,0.10734414383176136,1.5135858556240778,1.1451912,5
ITGA6,True,0.6487526219541314,1.8993012704511156,1.5952107,6
RAPGEF4,True,0.02787516933444544,1.584004313870412,1.3308556,5
MAP3K20,True,0.629164738801754,1.6409351289245895,0.8544443,3
CHN1,True,0.10953029570350895,1.8786803445937774,2.1818745,10
MTX2,True,0.20646499488638556,1.479832964785797,0.9341948,3
OSBPL6,True,0.013430412523159383,1.450027270395486,0.95552826,6
TTN,True,0.8521923398498329,2.0819101121728947,1.9167006,7
AC092640.1,True,0.08988278546555388,1.4523797178501867,0.9915878,4
CCDC141,True,0.35556987237802334,1.7404399934344377,1.4257294,5
LINC01934,True,1.190581986478303,2.9230954898831336,3.8645313,10
PPP1R1C,True,0.003760214998923479,1.2830698434236227,0.42898875,4
PDE1A,True,0.010669318784200753,1.64015450070562,1.4938606,6
NCKAP1,True,0.1036885754816601,1.5842385312203169,1.3355702,8
AC021851.2,True,0.10438564593717614,2.040913504334166,2.6190188,10
ZNF804A,True,0.8628924961195773,2.4003625466691605,2.8906252,10
AC009315.1,True,0.03673834890495169,1.6944990741234385,1.6975449,7
FSIP2-AS1,True,0.06944360276563152,1.6929682487722026,1.6733594,8
LINC01473,True,0.9083770051825619,2.2627988914758332,2.33729,10
AC007319.1,True,0.05474044393575793,1.6218415798132337,1.4351035,4
CALCRL,True,0.13490114230775568,1.7280892733419013,1.6993642,9
TFPI,True,0.017542575845265158,1.4081783472460379,0.87767285,3
COL5A2,True,0.032145250185119024,1.872452071156251,2.153208,9
AC013468.1,True,0.010863990543159004,1.3033304531647834,0.5548426,3
C2orf88,True,0.08555161656434561,1.459401290956961,1.0330734,3
AC108047.1,True,0.02979681246373623,1.395623629852192,0.8413725,3
STAT4,True,1.7671131866524459,2.3782565209384083,1.3387487,4
MYO1B,True,0.017130412423449454,1.4693740171511132,1.033248,4
NABP1,True,0.831392030969256,1.6283364206471584,0.5443791,3
CAVIN2,True,0.04587498491964247,2.0511526982370016,2.6407804,10
AC098617.1,True,0.003352485305233721,1.6067602152337948,1.3153019,4
LINC01821,True,0.014954926870347093,1.4665688800752736,1.0413235,5
LINC01790,True,0.0062249774206897986,1.3945784640511216,0.80297023,3
AC010983.1,True,0.05660348331653371,1.712815455618145,1.7083448,8
AC104823.1,True,0.018903170715381088,1.392076682367203,0.8365618,4
AC064834.1,True,0.14360770672433262,2.6916269036752487,4.449256,10
DNAH7,True,0.05238652167878751,1.3421645136459959,0.6915404,3
PGAP1,True,0.361763697363438,1.7453930745104784,1.5592731,8
AC011997.1,True,0.14224632449602936,1.6839600762757452,1.6299981,8
PLCL1,True,1.3684203899319214,2.778419909746773,3.1013045,10
SATB2,True,0.03130413629460466,1.4549414446938085,0.959936,3
FTCDNL1,True,0.1132840603380623,1.4665350585012604,1.0099847,5
SPATS2L,True,0.23198506003282898,1.6628219939360984,1.486609,7
FLACC1,True,0.10727626424491905,1.4823394948514876,1.0560583,4
RAPH1,True,0.1962047955663833,1.4349064027052738,0.9199794,3
CD28,True,0.8168161670416044,1.8955079717929846,1.4362764,7
CTLA4,True,0.14185681906342623,1.4524886527467884,0.8794851,4
ICOS,True,0.4420666176414897,1.7393020849534409,1.4147003,7
PARD3B,True,0.11808446412760268,2.090317553425156,2.7637877,10
ZDBF2,True,0.1812731863536395,1.4768470301821703,0.95851475,5
ADAM23,True,0.14882788289173274,2.4829980051236236,3.8703494,10
AC008269.1,True,0.07996236942588715,1.6204563550073678,1.4469985,8
AC007879.3,True,0.03428358036772441,1.5091274678854285,1.1568246,3
AC009226.1,True,0.3330765811885382,1.7309295140321823,1.4688418,8
PTH2R,True,0.022928969757117976,1.5654679660782977,1.2854416,4
MAP2,True,0.03362492500533299,1.7894578884748082,1.8846432,9
CPS1,True,0.013680686766139507,1.3436644287266544,0.6682338,3
ERBB4,True,0.02967114151402771,1.6754077919779782,1.6125395,6
AC093865.1,True,0.4231990442074404,2.5453558495782467,4.0595675,10
IKZF2,True,0.769302792222238,2.754097848422786,4.209945,10
SPAG16,True,0.15169809351038632,1.5746409953998382,1.3067359,4
AC068051.1,True,0.12700790267572692,2.2273706014581185,3.1464448,10
BARD1,True,0.22114496301668113,1.493377135803521,1.0390153,4
SNHG31,True,0.03134042683584169,1.4096104933180897,0.8771535,3
ABCA12,True,0.011291054873050382,1.390776950684889,0.7736988,3
FN1,True,0.026260431519939047,1.4427033271576306,0.9445863,3
MREG,True,0.09702801572949817,1.3811395876563977,0.7669977,3
DIRC3,True,0.36959061079618777,2.1480487614133317,2.8639915,10
SLC11A1,True,0.8393391551657492,1.9966042555194368,1.6768048,8
CYP27A1,True,0.23321693552434558,1.5961241686725143,1.1884172,5
EPHA4,True,0.579701075742523,2.040661898547845,2.205204,10
SGPP2,True,0.1458781112720638,1.5954724320683444,1.371215,7
AP1S3,True,0.31013767181799146,1.6948588485615381,1.4601115,8
SERPINE2,True,0.019448615930962185,1.4470502888986743,0.928064,3
CCDC195,True,0.006427696756084425,1.5642679427149069,1.24813,6
NYAP2,True,0.014821226159186785,1.5172822715559964,1.1503007,5
COL4A4,True,0.07782015531115945,1.5981696822354625,1.3495991,7
COL4A3,True,0.07213776793335475,1.6030467967318025,1.3099089,8
AC097662.1,True,0.03883429676995778,1.5271182632563334,1.14474,5
CCL20,True,0.005843489329385619,1.3172990471263453,0.64144784,4
PID1,True,1.34208432013186,3.0626709243611296,3.7883685,10
PDE6D,True,0.21801485091596146,1.5294627059468051,1.1396338,4
AC019130.1,True,0.09789153407008622,1.4821785458361438,1.0891534,6
UGT1A8,True,0.0006027906114807315,0.7349411094105589,0.738627,3
LINC01891,True,0.1832559138031723,1.5591847350713626,1.2341903,6
AGAP1,True,0.4808540094903749,2.091071713115142,2.5527282,10
AC012063.1,True,0.049063458189126774,1.5787071719306929,1.325647,7
RAMP1,True,0.04268753237820015,1.3486681412516544,0.696478,3
LINC01937,True,0.01325169569710551,1.3398031154320347,0.60308284,4
SNED1,True,0.778691427302998,2.142485875501439,2.0733674,9
AC005237.1,True,0.20318075685893655,1.4979559727128884,1.0061805,5
CHL1,True,0.019334352923104543,1.5387336253320183,1.2035831,5
LINC01266,True,0.0099767694438082,1.7561381025336313,1.8276945,6
AC034195.1,True,0.2229196307731225,2.0226486392073495,2.561852,10
AC023480.1,True,0.11083293551381816,1.4113264381390722,0.8863908,3
AC018816.1,True,0.19082037097061127,1.5260599965434305,1.1735729,5
AC087857.1,True,0.0026387142743823705,1.3695487239803228,1.0964341,5
AC069277.1,True,0.03385745906833931,1.9687721049861828,2.407471,9
GRM7,True,0.038263348819363704,1.663972180342921,1.5478667,4
AC077690.1,True,0.03055779082772158,1.652372046238225,1.5195491,6
LMCD1-AS1,True,0.027752966514736865,1.7279516585863834,1.7431862,9
SRGAP3,True,0.10647394249552974,1.495415913189806,1.1301888,3
IRAK2,True,0.2264436686913578,1.4863386561439866,0.9921682,3
PPARG,True,0.25969461686011985,2.3094667444534633,3.409248,9
TSEN2,True,0.22938136009415583,1.494047792197532,1.0027889,4
AC090952.2,True,0.0023952831783960065,1.2868996178475827,0.54214126,3
COLQ,True,0.21782663794712534,1.7351572102537056,1.6600903,9
ANKRD28,True,1.080680151770558,1.8277889853428975,0.8853915,3
AC090945.1,True,0.07811437178735213,1.5627180792138429,1.3002541,7
SATB1-AS1,True,0.6193632494332586,2.058416837386772,2.0294697,10
KCNH8,True,0.08945433249958358,2.202188207389592,3.0464382,10
AC061958.1,True,0.02620846282323718,1.5464911456241448,1.2360388,5
SGO1-AS1,True,0.7053413887102739,2.535913134396807,3.4699197,10
ZNF385D,True,0.10075710206509429,2.712631993243339,4.4882245,9
UBE2E2,True,1.634393756774435,2.350451221416133,1.5937966,7
THRB,True,0.0393252661343822,1.6892789700023676,1.6062862,6
NEK10,True,0.07336737611298652,1.6886460051007361,1.6336751,8
LINC01967,True,0.012892513007981138,1.551464221958994,1.2611595,4
RBMS3,True,0.191134784685053,2.6743055380498584,4.430761,10
RBMS3-AS2,True,0.006757415114798597,1.364815639674088,0.7105513,4
OSBPL10,True,0.4579543344914557,2.5498724964354826,3.9694855,9
CMTM8,True,0.5479280091724367,2.148999414805152,2.5688803,10
LINC01811,True,0.050282731725004595,2.013768642077039,2.521389,9
CTDSPL,True,0.043383779250567585,1.6190720723974212,1.3907229,7
CCR8,True,0.004973117580503552,1.3145904898150946,0.5888198,3
EIF1B-AS1,True,0.2484154263078068,1.8713316446655424,2.0356164,10
ENTPD3-AS1,True,0.09419833950663814,1.4591165108262942,0.9992246,4
AC099560.1,True,0.008699693617153373,1.325833657960086,1.0187224,4
ANO10,True,0.5197735885444932,1.699462930544503,1.1560389,6
CDCP1,True,0.02988896177679156,1.3107571680564571,0.56245804,3
LZTFL1,True,0.25919825138055896,1.5747167670746265,1.2418057,7
LTF,True,0.00248384360116333,1.824431901355713,1.8853717,5
KIF9-AS1,True,0.28467610020181056,1.5828046295997857,1.2331642,7
DOCK3,True,0.25448634429984685,1.993443029661906,2.5067215,10
SFMBT1,True,1.054534447780108,1.8388449838016718,0.91538316,3
CACNA1D,True,0.17162874695480154,1.4094056490601274,0.78422517,3
HESX1,True,0.023404437033355333,1.4182549895803112,0.88961816,4
C3orf67,True,0.014072680946038082,1.6516141733155176,1.4840372,6
AC126121.3,True,0.07813878955076725,1.4344852359435094,0.8823048,3
FHIT,True,1.879014981086828,3.1107630207593333,2.818212,10
PTPRG,True,0.22462928629199305,2.2599095102631326,2.980514,10
CADPS,True,0.010503724027827302,1.703671612069299,1.6755068,6
PRICKLE2,True,0.013017374185114708,1.4551501545968297,0.9779051,4
MAGI1,True,0.016684227148612278,1.6613664898803648,1.531037,7
LRIG1,True,0.7816988894026304,1.986230834584644,1.6730838,9
SUCLG2-AS1,True,0.15425986825590288,2.0174608148527113,2.5536478,10
TAFA1,True,0.8456032371324961,2.583160122845342,3.3954153,10
FRMD4B,True,0.595871404434044,1.7277920534942397,1.2308393,7
MITF,True,0.26006900108878594,1.775044661610827,1.7735258,7
PROK2,True,0.10388285378439002,1.583505093708667,1.329142,6
ROBO1,True,0.055848087228818975,1.950018743947751,2.3685052,10
CADM2,True,0.045563417328716924,1.8851531071910537,2.1809776,8
PROS1,True,0.014232845420348857,1.389101132398991,0.78707314,3
ARL13B,True,0.16540869895813817,1.5196778217705877,1.1617017,4
ARL6,True,0.06344221293904825,1.5061320515543397,1.1316028,6
DCBLD2,True,0.04059732005891043,1.5134326899494386,1.139533,4
AC091212.1,True,0.00325260877614263,1.3509206277752934,0.6370857,3
CMSS1,True,1.0574844928167622,2.1699893471976734,1.9285847,10
FILIP1L,True,0.4773881227886079,1.6491197789550214,1.1008795,4
AC129803.1,True,0.030640294686194884,1.4674708102530907,1.0399228,3
AC020651.2,True,0.10220946593896932,1.8295912096008817,2.0429115,8
ZPLD1,True,0.022372695854914852,1.4889854942507694,1.0383382,4
ALCAM,True,0.7365602508784679,2.2225931322141044,2.5946543,10
CBLB,True,2.281913019570381,2.504004247369378,0.8052584,3
AC063944.1,True,0.008517128985930988,1.5455789300054528,1.1756754,7
HHLA2,True,0.028494668884099607,1.5128740519430366,1.149663,4
DZIP3,True,0.29382866399607693,1.564928882233192,1.0445644,4
TRAT1,True,0.5684975896343369,1.7297190796611481,1.1922959,5
AC078980.1,True,0.01107774259908156,1.5496614247170737,1.2152772,6
NECTIN3-AS1,True,0.018705996626870863,1.5892713916779397,1.395288,7
NECTIN3,True,0.10843487702768277,1.7137354756772267,1.7245437,9
CD96,True,1.3908277662249247,2.143708412951568,1.3378234,7
PLCXD2,True,0.25562462223513716,1.5646003942348279,1.1275008,6
PHLDB2,True,0.1841704696611433,1.554733791685731,1.2118448,6
SLC9C1,True,0.015362268495216592,1.4337268586210137,0.9348378,3
CD200,True,0.09998194586890277,1.526124700579142,1.090483,5
BTLA,True,0.19855616665069542,1.5540194117805675,1.0199633,3
AC078785.1,True,0.11998893937418971,1.7410502957559344,1.7767552,10
SIDT1,True,0.943347783855771,1.787667481872767,0.86364365,3
CCDC191,True,0.14337336183162025,1.4281946295000432,0.9191543,3
AC128687.3,True,0.015762264053759568,1.4945940458929057,1.0651873,4
DRD3,True,0.015249881515226351,1.4526497087316435,0.9782237,4
ZBTB20-AS1,True,0.09029904870222374,1.4847663023664126,1.0307682,4
ZBTB20-AS5,True,0.17910794166421407,1.4174901736509895,0.8406118,3
AC026341.1,True,0.24492110020355665,2.0039867777048075,2.4342787,10
AC092691.1,True,0.004825831704770732,1.3276514024303485,0.7050569,3
AC068633.1,True,0.08057825330383835,2.2340112731800095,3.1562948,10
IGSF11,True,0.05181173561387287,1.8136633302896492,2.0077794,9
GPR156,True,0.05709844566518104,1.7984807999068706,1.9452684,9
POLQ,True,0.033525286424480945,1.598825536927809,1.3682295,8
CD86,True,0.7791571767468914,2.072530972543672,2.0884984,8
CASR,True,0.008672144610974488,1.461072567549836,1.0214435,3
SEC22A,True,0.5637438914333123,1.6701422020247114,0.95798296,3
MYLK,True,0.021086787409886145,1.3738498905558927,0.73857963,3
KALRN,True,0.04410944972726078,1.4210528017515043,0.8567039,3
MUC13,True,0.010499213374657134,1.4682322066076425,1.0395267,5
SLC12A8,True,0.01912203497837258,1.4377271039457369,0.88297594,4
AC092902.4,True,0.028631576200491615,1.4620853808215661,1.001909,5
CHCHD6,True,0.16422697418099408,1.4543502734550189,0.9680311,3
MGLL,True,0.1898006289929731,1.584010353699641,1.3419231,5
GATA2,True,0.005233156553649111,1.5319651950075017,1.1322532,5
GP9,True,0.013346107428418455,1.7443730543123148,1.7884539,7
AC055733.2,True,0.06605387018708343,1.344319816270995,0.6340925,3
NEK11,True,0.09781440572506497,1.5640409653371956,1.2912557,4
CPNE4,True,0.02825817264834309,1.3886335471425493,0.78439665,3
NPHP3-AS1,True,0.01712527310685977,1.4876700354885755,1.0665051,5
TMEM108,True,0.010512496171925779,1.3713858837645234,0.6890999,4
EPHB1,True,0.09187977785607968,2.075642902064922,2.6879976,10
PPP2R3A,True,0.1378325197595744,1.524007137743841,1.1724843,4
CEP70,True,0.18083203258520936,1.4697417495765683,1.0257548,4
AC046134.2,True,0.18948000559739556,1.5383592813502875,1.2176287,6
NMNAT3,True,0.07923051023732416,1.5044654367533554,1.1306714,6
TFDP2,True,1.0816651057191549,2.0908718623323055,1.6185453,10
PLS1,True,0.024297862062273634,1.6574482392999055,1.5365235,7
TRPC1,True,0.19012718212547358,1.6226502985565507,1.3874625,7
PLSCR4,True,0.004606113341502464,1.4186708323806043,0.91689575,3
PLSCR2,True,0.01661984695820948,1.5451306013788733,1.2408035,4
LINC02046,True,0.0026523606437971344,1.3101097059024844,0.634347,3
WWTR1,True,0.10928429014336069,1.474056694874071,1.0493381,5
MED12L,True,0.15738995443707843,1.8692203112819794,2.0549889,8
P2RY14,True,0.10140542224246399,1.881366073159126,2.1721675,9
P2RY12,True,0.028008760959972883,1.3182271841562319,0.605983,3
AADACL2-AS1,True,0.011086995645354683,1.6558805861225196,1.5398304,7
AC108718.1,True,0.03585226420668033,1.4813917423560796,1.0648804,3
LINC02006,True,0.018348923342826385,1.464414918776315,0.9551593,4
MME,True,0.036246476967408195,1.9216375506490437,2.2708786,7
LINC00886,True,0.1058220661656106,1.511812888380192,1.1310918,5
LEKR1,True,0.07221337980000596,1.7520306944331232,1.8244882,9
AC092944.1,True,0.18795113161142757,1.566842894096763,1.2247816,6
VEPH1,True,0.03075438431826582,1.4215444567284798,0.8817143,4
PTX3,True,0.04900693611826107,1.6547225953115692,1.6158948,4
MLF1,True,0.02809191805789954,1.5857489951918626,1.3227375,6
RARRES1,True,0.02703743000761329,1.3018900742843273,0.5776647,3
IFT80,True,0.29918395376446405,1.6321705028992401,1.1664063,5
PPM1L,True,0.9543445575750692,2.1858326077135852,1.984439,10
SERPINI2,True,0.0494551985038682,1.2804622049598802,0.92219275,4
WDR49,True,0.18854524842999604,1.6987836029908425,1.5457907,6
MECOM,True,0.018249030278759126,1.65929915052889,1.5492823,5
SLC7A14-AS1,True,0.0180123685223999,1.3186886083176395,0.56526965,3
TNIK,True,1.5659933605250242,2.233889628361264,1.3977045,5
PLD1,True,0.3225509397443286,1.671456892141998,1.3461306,6
FNDC3B,True,1.957079080601964,2.3052077256144825,1.0262794,3
NCEH1,True,0.21000406382312503,1.5518482164557779,1.1433135,4
NLGN1,True,0.016567779441454444,1.4826521990899983,0.98816687,5
NAALADL2,True,0.17175628270629498,2.0839012178406024,2.734406,10
LINC01208,True,0.013819294281804584,1.6009982436969323,1.3806914,7
KCNMB2-AS1,True,0.04342348579505495,1.9101678740161432,2.28195,9
AC108734.4,True,0.007387778666263667,1.4796606117041775,1.0604074,5
SOX2-OT,True,0.1700140882117164,2.4444661811515513,3.7776597,10
AC125613.1,True,0.008180723741963306,1.3377819384948668,0.6696948,4
MCF2L2,True,0.40114151827715744,1.7722599879441259,1.5401385,5
B3GNT5,True,0.26786436207016906,1.5465613433586842,1.110739,3
MAP3K13,True,0.15038966570406911,1.5611333795677613,1.277431,6
IGF2BP2,True,0.36624044797100014,1.5842885294876106,0.9441542,3
DGKG,True,0.34653004930147246,1.4986664160625702,0.90814894,3
ST6GAL1,True,1.1659243165789983,1.9231231677037062,1.0385637,3
TPRG1,True,0.29944337196660176,1.8269503685129713,1.8902489,9
TP63,True,0.043970113488240356,2.251397036949354,3.1886742,10
P3H2,True,0.019915873390516425,1.531468644095748,1.1728224,6
IL1RAP,True,0.561487580881262,1.8684874884924039,1.5789803,7
CCDC50,True,0.48707957709405153,1.9439207587563403,2.0600052,7
AC073365.1,True,0.014488496062665049,1.4851398772083022,1.0227478,5
FGF12,True,0.022526025716914106,1.6573248279425976,1.546544,6
MB21D2,True,0.2793658578160288,1.81539857847793,1.8442823,10
ATP13A4,True,0.05474389936481814,1.4646663606112473,1.0049458,3
ATP13A3,True,1.1711429355507437,1.825331716944661,0.664328,3
SPON2,True,0.4932144947040973,1.9345377975781433,1.919545,7
ZFYVE28,True,0.5131802796722177,1.7023248679193177,1.0874847,3
STX18-AS1,True,0.2849652731080935,1.7759442716698586,1.7473795,10
STK32B,True,0.06711813019305299,1.4631965099665665,0.9970796,3
ABLIM2,True,0.050209427263902,1.5348721864137338,1.1883212,5
AC073648.7,True,0.005351136610622221,1.361310314880369,0.73216045,3
CLNK,True,0.1419000168236442,2.0658693316324985,2.6691046,8
AC006230.1,True,0.03111708732437794,1.5454774674647687,1.261806,7
AC005699.1,True,0.015639276050329894,1.8604083869883852,2.1840193,8
LINC01182,True,0.008606564843766998,1.4210012982404647,0.86506486,4
AC092546.1,True,0.08296099708325247,1.4348359982315704,0.898405,3
LINC00504,True,0.0631947733276253,1.900145706939594,2.191601,8
AC098829.1,True,0.37051553602822823,1.641735681841005,1.1092904,4
C1QTNF7,True,0.05183359230391903,1.3520455685269392,0.75085735,4
CD38,True,0.22690661800227918,1.6495704919709433,1.4299469,6
FGFBP2,True,0.38294068985433605,1.8781817939260528,1.8935645,8
TAPT1-AS1,True,0.2169935750995541,1.5722133140398302,1.0848695,6
AC097515.1,True,0.0043898924701705234,1.5037233798106724,1.0908111,5
LDB2,True,0.07696603457722388,2.1758604821572725,2.957618,9
AC093898.1,True,0.009850510075947729,1.5999692928006586,1.3560939,7
SLIT2,True,0.020513095833861912,1.8112758868655887,1.9609809,7
KCNIP4,True,0.07253283176497373,2.3278654324727333,3.445363,7
AC096719.1,True,0.016654478830118436,1.5221751499941016,1.1656334,6
ADGRA3,True,0.07713979694286359,1.5852158497647866,1.3323091,5
AC093607.1,True,0.004043268104309642,1.53506802209331,1.6280318,6
SEL1L3,True,0.8125751083679432,2.0094252169108926,1.6499358,7
TBC1D19,True,0.38206249568127026,1.62742003360439,1.1161548,6
PCDH7,True,0.006016685166954425,1.4494929280507391,0.9069873,3
LINC02506,True,0.08144600425932584,1.7324067974854451,1.7140945,7
DTHD1,True,0.3021017235492115,2.012340363108918,2.401143,10
TMEM156,True,0.4708264931520706,1.8127248479152989,1.581412,7
WDR19,True,0.2033075328745239,1.5161839863577566,1.0812652,3
RHOH,True,1.56574027956599,2.135270894109012,1.1158639,3
RBM47,True,1.235975580047097,2.3874243261544565,2.174931,8
NSUN7,True,0.059147632440779585,1.4596436693670856,1.0319302,4
APBB2,True,0.10903271545094488,1.4578795999546341,0.9274018,3
AC111006.1,True,0.019538685308107644,1.4724965658521734,1.0151016,7
AC024022.1,True,0.005555919351834685,1.4924926626227302,1.1542959,4
ATP8A1,True,1.7107723809612558,2.1909556838663944,0.9537368,3
CORIN,True,0.012156799113117895,1.430498045829227,0.92962646,3
AC107068.2,True,0.14195045884444482,1.4322611776578544,0.94861233,5
NIPAL1,True,0.040361245737693556,1.6235491066650671,1.4540274,7
TXK,True,1.230895530615226,2.3296734396216445,2.0508273,10
LINC01618,True,0.027872351496929453,1.504822176748851,1.1646413,4
SCFD2,True,1.1499824584629867,1.8634036849108935,0.8767453,4
KIT,True,0.008191357805004164,1.4987754763403742,1.1516184,4
KIAA1211,True,0.01692958037510835,1.7814662656498723,1.8721051,8
IGFBP7,True,0.24627327816019898,1.7183629351179313,1.5389626,6
LINC02232,True,0.002144689576871435,1.310872623554246,0.6194392,5
STAP1,True,0.2174116960782749,1.6517001186563398,1.3442837,6
UBA6-AS1,True,0.21415662118328554,1.8705913136571088,2.1301224,10
AC111000.4,True,0.0016480914863576481,1.475447588142424,1.0558918,3
JCHAIN,True,0.10343098338478196,3.459552804211124,6.5576706,9
SLC4A4,True,0.23907680407873197,1.870674956564662,2.0773308,10
AC053527.2,True,0.16571527604045816,1.559442484021374,1.2925948,6
RASSF6,True,0.11394461038613779,2.058168142043462,2.499659,10
CXCL8,True,0.5343476722921636,2.8016680123037743,4.597179,10
PF4,True,0.07718450698038888,2.3762067191618277,3.6216304,10
PPBP,True,0.13266262744080537,2.8394097349610776,4.8669834,10
CXCL3,True,0.02195485260892357,1.5536299894598327,1.2467437,4
CXCL2,True,0.05953856695019486,1.7166044299739618,1.747647,6
EREG,True,0.42340063520150883,2.9410750435006294,5.070228,10
AREG,True,0.30895770182472765,1.903289547759499,2.0904956,6
PARM1,True,0.02633769807006687,1.755624837152466,1.8011436,8
CXCL9,True,0.0016841459756001438,1.3733656173483924,1.2097576,5
SHROOM3,True,0.009570044519933874,1.6011669300581803,1.3808296,6
MRPL1,True,0.4813371203664672,1.6545207243355402,1.0054613,3
FRAS1,True,0.007328529089618006,1.490543516138899,1.0929316,5
ANXA3,True,0.002309260938265594,1.3708948111853747,0.7021385,4
BMP2K,True,0.9246085786782793,1.8780522315947081,1.0728122,4
LINC01088,True,0.05063415476299673,1.90248965695442,2.2673845,8
ANTXR2,True,1.1895414301765643,1.9333104633488958,0.94957256,3
CFAP299,True,0.039930417210333975,1.9803842490406698,2.4631076,9
BMP3,True,0.00199679162277243,1.2867980220023236,0.76756,3
PRKG2,True,0.045194322956685726,1.5083323858112219,1.1127845,4
RASGEF1B,True,0.6813931402481656,1.8231128131738246,1.2702723,6
TMEM150C,True,0.017342310715696925,1.460675410306608,0.9885226,3
SCD5,True,0.07172829063487571,1.5344336859161625,1.18719,5
GPAT3,True,0.3751287944765198,1.863202216803424,1.9370772,7
WDFY3,True,1.0161120253044829,2.0369709992333784,1.5381486,7
ARHGAP24,True,1.6314504957054035,3.036222378193412,3.2593517,9
PTPN13,True,0.16640468280851678,2.1518494843265064,2.9483407,10
PKD2,True,0.4123092891539131,1.5860675612883333,0.9443781,3
ABCG2,True,0.029123615988701584,1.5344226807357635,1.2272484,4
PPM1K-DT,True,0.037745198562327976,1.438632780363419,0.96575516,3
FAM13A,True,0.7231644031671073,2.1855937025484415,2.4694448,9
GPRIN3,True,1.4672613747375949,2.085831516449596,1.0927902,5
SNCA,True,0.08213503417512283,1.546437708027729,1.2665228,5
CCSER1,True,0.5810376483909125,3.135781278583956,5.8583117,10
BMPR1B,True,0.01477799685311457,1.4659988451028254,1.0008681,4
UNC5C,True,0.012245372292123238,1.6433325638453269,1.5424879,6
STPG2,True,0.09224947653191334,1.84391966649241,2.0759768,9
TSPAN5,True,0.6706237284121778,1.9921990462388053,1.882192,10
AP002026.1,True,0.05932840059154374,1.582811554260789,1.3566585,5
AC097460.1,True,0.02417445743608776,1.612720987830717,1.3850588,7
BANK1,True,1.1653643472942716,3.707282252558006,6.0016155,10
AP002075.1,True,0.20194472554462903,1.9064150468430678,2.1713068,7
SLC39A8,True,0.4792223230040588,1.7654892627134864,1.3776463,6
SLC9B1,True,0.14131842191691224,1.6950335308086149,1.6717744,9
CENPE,True,0.09419766614383321,1.5357394473751307,1.206536,6
LINC02428,True,0.007216638922307578,1.3918491448864603,0.7261443,3
CXXC4-AS1,True,0.0064559482677479536,1.6060489037912222,1.423551,6
AC004053.1,True,0.0181381942222272,2.0652070600097128,2.656414,8
GSTCD,True,0.2432581066975162,1.818455219335742,1.8784019,10
AC109361.1,True,0.01232740867100128,1.4347620500095837,0.9532039,3
DKK2,True,0.008971558017246719,1.5416444880136657,1.1957642,6
SGMS2,True,0.3957590792681115,1.5529402336029794,0.9365308,3
LEF1,True,1.5962925646113395,2.855547163667916,2.7661672,10
LEF1-AS1,True,0.3134224072197675,1.8894970397405064,2.0182154,10
RPL34-AS1,True,0.14639504447836024,1.653153364138761,1.5277911,7
COL25A1,True,0.047491986928587866,1.6271818247518344,1.4466107,6
ELOVL6,True,0.1857395847704681,1.8191656435436137,1.9648654,10
ANK2,True,0.033742130616713356,1.9441759850749918,2.3172305,10
CAMK2D,True,1.9801903882272505,2.3742687662069306,1.0721606,3
ARSJ,True,0.014045348935303856,1.564190550973146,1.3256801,6
UGT8,True,0.052513120301830675,1.4619236026903712,0.9946726,3
SYNPO2,True,0.051737412929560175,1.6096551905336909,1.386821,7
AC073475.1,True,0.15280528252847686,1.9920137630691996,2.4997902,10
PRDM5,True,0.019878430945669726,1.6361188175275827,1.4522781,8
TNIP3,True,0.08584168573430946,1.6043512540740281,1.391397,5
IL21-AS1,True,0.006735957744897074,1.296549892077176,0.56169415,3
SPATA5,True,0.9763061304396657,1.8922802614026886,1.1280568,4
FAT4,True,0.03818085111219449,1.7317560094634874,1.7495942,9
LINC02615,True,0.08953427361794405,1.6789138371805759,1.598353,8
AC093916.1,True,0.0253918281192951,1.8023453512450742,1.9514099,8
AC097511.1,True,0.0016637614707839849,1.3822986825071044,0.6712822,3
SLC7A11,True,0.07600197344151936,1.8220067871451935,2.0328906,10
AC093766.1,True,0.001673864661816147,1.2363864331344763,0.6994348,3
AC109927.1,True,0.10711754919996734,1.6053444015935945,1.3786794,7
NOCT,True,0.30222235093090666,1.4829100290475763,0.7304037,3
AC097376.3,True,0.5002492438518491,1.7426496766929145,1.3088144,7
MAML3,True,1.2569432880882334,2.361580161296117,2.0431144,8
SCOC-AS1,True,0.017729246375063058,1.5863387281172203,1.3452705,5
TBC1D9,True,0.56189541976447,1.704096525010468,1.1168015,5
RNF150,True,0.035714605989997136,1.4767774645567702,1.0541009,5
IL15,True,0.7767320810961634,1.8093824481438212,1.1922896,3
INPP4B,True,2.1215910653052013,3.1823484505383823,2.3039849,10
AC139720.1,True,0.676887497310465,2.494181023230144,3.2759154,9
GAB1,True,0.6210535972182101,1.830569861755024,1.4272506,6
AC107223.1,True,0.194410284530446,1.8734457672908575,2.1232834,10
AC098588.3,True,0.021718461435192647,1.6268509371090603,1.4424747,8
ZNF827,True,0.5723580020098333,1.679211575953396,0.9587543,4
ARHGAP10,True,0.5435414658458272,1.7079403239008866,1.0284162,3
NR3C2,True,1.32963303148034,2.4542969454969943,2.2809691,10
AC002460.2,True,0.28959391183660355,2.4364055428869023,3.6216614,10
DCLK2,True,0.10937067461419259,1.656450179699436,1.4106953,6
FAM160A1,True,0.152131696044415,2.729892225742837,4.525858,10
TRIM2,True,0.07271402451907796,1.533650289199606,1.201138,5
TLR2,True,1.121656952110715,2.1893078916168376,1.7782795,8
RNF175,True,0.10644875280878145,1.6682047882048843,1.58347,8
AC079298.3,True,0.008201330229939857,1.60867616600476,1.3835897,5
GUCY1A1,True,0.043152522044436,1.5085388421499737,1.1515278,5
PDGFC,True,0.31601788443749157,1.6483471138348602,1.2546647,7
MARCH1,True,1.5386693983516113,2.3582736186983464,1.5434538,6
CPE,True,0.00633997134615438,1.7012113656165873,1.7055583,4
SPOCK3,True,0.04916888645773331,1.6493603245558508,1.4978472,7
PALLD,True,0.1377192593619483,1.4889085797218178,1.0646452,4
SH3RF1,True,0.2595360942336661,1.663747669680416,1.5102563,6
MFAP3L,True,0.010812753812192488,1.4378369803618813,0.9258643,3
GALNTL6,True,0.06292925866138957,2.419167366830268,3.5992079,9
HPGD,True,0.15968111561871806,1.938927585566144,2.282843,10
GLRA3,True,0.06050049806032461,1.3970495038532458,0.7707062,3
ADAM29,True,0.015201988114193188,1.3241363052667396,0.5563502,3
AC022325.2,True,0.004321194414158115,1.4955840373052085,1.092164,4
GPM6A,True,0.4077900874133684,2.453940500955415,3.4503384,10
ASB5,True,0.00382034140618684,1.7040101333509796,1.6872057,6
AC078881.1,True,0.22061907056788482,1.88920500535664,2.1617186,9
LINC00290,True,0.0027343682302422186,1.3838258498233973,0.79790515,4
TENM3-AS1,True,0.005482790498941188,1.479836945770069,0.9677516,5
WWC2,True,0.280857833498521,1.5880641112520015,1.1019096,4
STOX2,True,0.011813965177061762,1.5823059756934925,1.297176,4
ACSL1,True,1.5684070619531147,2.9915816638278834,3.2601056,10
AC084871.1,True,0.2735657696998506,1.4923765573574246,0.92398643,3
SNX25,True,0.7311277514879699,1.7619788506894214,1.07481,3
SORBS2,True,0.044815394910891745,1.7370998510009692,1.7209303,7
F11,True,0.005939654593684325,1.4256735586567413,0.95322466,4
FRG1-DT,True,0.07368165042228994,1.5938218266038624,1.3543861,6
LINC02102,True,0.013478631426053725,1.3359308839650257,0.63931507,3
SEMA5A,True,0.11636365647055542,2.118427896592303,2.8153634,10
LINC02112,True,0.014887839587249397,1.397811235028151,0.8026394,3
ANKRD33B,True,0.15421921930351976,1.6998045128029904,1.6044408,7
CTNND2,True,0.02387114143189103,1.8542497647631606,2.1532402,6
TRIO,True,1.2416462184051738,2.0926333216757866,1.4010187,5
ANKH,True,0.8138565381110133,1.7418296429044635,0.9045991,3
LINC02149,True,0.004235814765668591,1.4136681741730608,0.77371985,4
RETREG1,True,0.5287551175711492,1.7778087360617445,1.308007,6
BASP1,True,0.42794374575183064,1.955140209671412,2.061863,9
LINC02100,True,0.3041775171426774,1.663564619339816,1.3810744,7
AC140168.1,True,0.0019505709080493473,1.3099812493268608,1.0415388,3
AC091946.1,True,0.03405509702481276,1.7312748151481827,1.7636502,9
C5orf17,True,0.10728116928271574,2.466198493228926,3.7923424,10
AC114930.1,True,0.012013067518850952,1.4705783224296258,1.0141717,4
LINC02211,True,0.010473791963112324,1.4220583144287342,0.92853075,4
CDH9,True,0.0033694445970855495,1.3265206043730322,0.54518986,3
AC008825.1,True,0.0225320517815427,1.5962642410885466,1.7770985,6
AC109472.1,True,0.0238486003346168,1.355639187176998,0.6908673,3
LINC02109,True,0.04499566910303031,1.8924509650841224,2.1645954,5
PDZD2,True,0.10106184761937484,1.514317514210573,1.1447737,6
AC010343.3,True,0.01261372904826758,1.7939159030911351,1.8928418,9
RAI14,True,0.014174089457362385,1.3219261036517391,0.60606796,3
TTC23L,True,0.021175246781370928,1.4171554805990478,0.8917637,3
PRLR,True,0.27015408314549416,1.7649539982191165,1.7647502,8
SPEF2,True,0.28176160908020276,1.651686805166277,1.299765,6
AC137810.1,True,0.21150949626746898,1.942479461523181,2.2414114,10
IL7R,True,1.4085513571942436,2.2299281621400597,1.6211449,7
SLC1A3,True,0.0638005503766447,1.3799050927455494,0.7967696,5
LIFR,True,0.0049458108834173386,1.3821577814620478,0.8370415,4
CCDC152,True,0.08239822879535486,1.4476844972470524,0.9779825,3
SELENOP,True,0.026919191029996632,1.5968876600148605,1.354556,9
AC008945.2,True,0.04047569168634939,1.5217281441882797,1.1804465,6
NIM1K,True,0.027684211635238987,1.430599268559831,0.9051701,3
NNT-AS1,True,0.12563609403798176,1.4941327676979872,1.0669756,3
AC022126.1,True,0.017529453448910777,1.629996238586297,1.5005578,6
ITGA1,True,0.062216404553934034,1.5861257517116898,1.2848859,7
LINC01033,True,0.03848145052240396,1.6650607408686777,1.5890065,6
GZMK,True,0.22244578941837254,1.7416025351049804,1.6805542,7
GZMA,True,0.5538546355391316,1.8115198059164843,1.4290028,6
PLPP1,True,0.5344773151516897,1.7502020250064754,1.1955192,5
AC008892.1,True,0.29109036823285334,1.5010860583759036,0.8661925,3
ANKRD55,True,0.12432016917813267,1.6005623699275713,1.3791826,5
AC025470.2,True,0.0018739181183586098,1.3763623464824357,0.66149175,4
PDE4D,True,1.6429085835544825,2.8489145743592243,2.5824623,10
NDUFAF2,True,0.7005773046438342,1.8547749833970895,1.3591025,7
ZSWIM6,True,1.9281797211662746,2.4114709732332846,1.3138996,5
ADAMTS6,True,0.24616733895771542,2.0489209410724554,2.5521998,10
CENPK,True,0.3503707587406035,1.5193470049665647,0.7955922,3
MAST4,True,0.4627224071093101,1.9840032534303809,2.1509383,10
AC112206.2,True,0.02780623744545619,1.9650367130732753,2.3869522,8
ARHGEF28,True,0.05817532516772954,1.6383199251530471,1.4906298,7
FAM169A,True,0.5120314748769323,1.7154274047501623,1.098934,6
AC116337.3,True,0.050687863384351106,1.8100385077102241,1.9669067,9
GCNT4,True,0.18557120283808873,1.635411236083204,1.4121392,6
ANKRD31,True,0.0382540936956233,1.537746608634227,1.20912,5
LHFPL2,True,0.19938137621354013,1.7535089845578569,1.743429,8
DMGDH,True,0.14104722124642105,1.6297443536369332,1.4851196,9
HOMER1,True,0.10714551174128936,1.560327646151781,1.2799474,5
SERINC5,True,1.5404321229783964,2.1340307106850975,1.0977652,5
RASGRF2,True,0.7676206848255157,2.089340550504145,2.082101,10
CKMT2-AS1,True,0.16698893824317948,1.4796396877772753,0.9796694,5
ACOT12,True,0.018950892039295966,1.4966305461911316,1.1154671,5
SSBP2,True,1.3728888403095219,2.1046874017685253,1.3427227,6
XRCC4,True,0.7100504042141447,1.8595236114254772,1.4269315,6
VCAN,True,2.5978838673979263,3.8982145454121437,2.7294657,7
VCAN-AS1,True,0.3755574383708199,1.5719750350833686,0.9983718,4
EDIL3,True,0.010803635609834914,1.398677769394102,0.78780824,3
AC109492.1,True,0.03254684925810104,1.875807668769781,2.1455786,9
TMEM161B-AS1,True,0.5199202921138066,1.6865157933716564,1.0836467,4
MEF2C,True,1.4057724068383666,2.4683141178515875,2.095409,9
MEF2C-AS1,True,0.22233175767335484,2.0662655770982505,2.4862986,10
LINC02161,True,0.026032102911041893,1.7744153876936342,1.7922382,5
LUCAT1,True,0.43253139458922407,2.40363216340529,3.4480395,10
ARRDC3-AS1,True,0.29036646108370284,1.5886461968518715,1.1083575,6
AC093298.2,True,0.010067281256012323,1.349313810295006,1.0923667,6
NR2F1-AS1,True,0.004730951462709578,1.257962687181277,0.4056417,5
AC106818.2,True,0.12789075384378262,1.4293655732988264,0.9148802,3
AC117528.1,True,0.012832309125506614,1.5475538234538277,1.1774976,5
KIAA0825,True,0.4715397024809792,2.0837305957662733,2.5238202,10
MCTP1,True,1.2184088293495265,2.2389870756322017,1.7953426,8
SPATA9,True,0.014777061332718871,1.5062174435020264,1.1451911,3
RHOBTB3,True,0.16006540044246795,1.5090516784553758,1.1395093,4
AC104123.1,True,0.18024692263693348,1.8352635133713666,2.0455663,10
LIX1-AS1,True,0.3311579745029588,2.505402662114942,3.7593544,10
LIX1,True,0.03745432016103677,1.5696349150044357,1.2651484,4
AC008883.1,True,0.023078514344897497,1.3900513295676395,0.7880238,4
LINC01340,True,0.02391843406958794,1.8717089917226546,2.1525152,8
AC122697.1,True,0.0056273027843687,1.5810647243648295,1.3044616,5
LINC02234,True,0.012340982295656847,1.8024828196311282,1.999278,7
AC021086.1,True,0.014918652390422416,1.5945152441504302,1.3816247,6
SLCO4C1,True,0.20620503699689835,1.708432634991614,1.6068927,10
PAM,True,1.2182034433428,2.101303774623378,1.5406047,8
EFNA5,True,0.14265560277884,2.27878557269151,3.398427,9
FER,True,1.014833537470941,1.9261725217127772,1.1913106,4
TMEM232,True,0.05274557379979892,1.8277848260801826,2.0230594,8
CAMK4,True,2.0165088581123976,2.8639183482751944,1.9156809,7
STARD4-AS1,True,0.19069079777317027,1.7616974045459552,1.737581,9
EPB41L4A,True,0.1626725719994377,1.869960518911921,2.0946167,10
MCC,True,0.15417688151074765,1.761146541700802,1.8449438,8
KCNN2,True,0.003968740203429898,1.4673255451259561,1.0208642,3
AC010230.1,True,0.0019316456688799988,1.3330556925852057,0.5518298,3
SEMA6A-AS1,True,0.2756207607155321,1.6512244464852028,1.3248984,6
DTWD2,True,0.2357958671468626,1.6439530192184661,1.3551337,7
AC008629.1,True,0.020349255720370597,1.550841410462894,1.2214895,5
PRR16,True,0.11592118798460997,1.983911306101567,2.5078225,10
SNX24,True,0.27240299755620695,1.5595910425463768,1.1474392,6
LINC01170,True,0.005086156421907221,1.4377378973086656,0.80433714,3
ZNF608,True,0.022048713421650934,1.3931375453686095,0.82019407,5
LINC02240,True,0.02022083027594178,1.5498770588461597,1.225319,5
AC116362.1,True,0.027439387226083294,1.589602480652125,1.3535534,5
GRAMD2B,True,0.2346713243253235,1.54781634613482,1.0930113,5
AC093535.1,True,0.09724315811946019,1.5614818839920015,1.2734863,6
MARCH3,True,0.5953282618677799,2.099569571225717,2.2446713,9
CCDC192,True,0.02535041221924313,1.509029097187035,1.110368,4
LINC01184,True,0.5955315674398085,1.818726688260308,1.3648866,7
FBN2,True,0.23236696426067147,1.6594962795848431,1.4420164,9
ADAMTS19,True,0.004990539246434386,1.3268086098906053,0.6064654,3
AC008591.1,True,0.00780021901460348,1.378412147513939,0.7573468,3
CHSY3,True,0.08852855364880019,2.452799897161179,3.7281446,9
AC006525.1,True,0.006812088470832275,1.3260249633380834,0.5843667,3
MEIKIN,True,0.05722019955560931,1.5984563440498016,1.3551612,9
AC034228.3,True,0.00679352060295039,1.346987190606305,0.6424827,3
FSTL4,True,0.021090401142784963,1.647659042270727,1.5530475,6
TCF7,True,1.0789979864762234,1.8929908203304913,0.9221523,4
SPOCK1,True,0.15395383688500308,1.7494546868794671,1.7280332,10
AC106791.1,True,0.22993316269337552,1.6186202827757463,1.3192338,8
EGR1,True,0.2719366894970291,1.6467762966182495,1.4230602,5
MZB1,True,0.038594527524384276,1.7110570167767662,1.6724308,7
DNAJC18,True,0.08652546211214952,1.4935192294611437,1.1016036,4
AC244517.11,True,0.005235862844660147,1.2901353614956577,0.5531805,3
ARHGAP26,True,2.409070053438162,2.823159642052839,1.3156452,3
AC008696.2,True,0.014883123207472693,1.4322452398254473,0.9045198,3
KCTD16,True,0.01057793144459927,1.6325562415695956,1.4674371,6
AC137770.1,True,0.00157786887932774,1.3841713581953092,0.7856453,4
PRELID2,True,0.06133777107761852,1.7250789294804858,1.7226378,8
SH3RF2,True,0.018822978713863764,1.53588944898893,1.1340411,6
AC011396.2,True,0.005466252360972932,1.5108170430656944,1.0577363,5
PPP2R2B,True,0.8956563475013969,2.43931396185897,2.814325,10
JAKMIP2,True,0.47333236462197004,1.9143511475183186,1.9820307,10
AC011346.1,True,0.06272007976555746,1.574650762615089,1.3078076,6
CD74,True,1.9495196193922701,2.690733792092592,1.8111858,9
IRGM,True,0.023212542557824744,1.469714849199718,1.03309,3
SPARC,True,0.019150918756692274,1.7159035106843934,1.6828246,5
LINC01933,True,0.032259395368950575,1.8132818390337129,2.0021114,10
SGCD,True,0.45153261784663057,3.072804551056392,5.651866,10
TIMD4,True,0.021098764101692015,1.3977299503074803,0.8121322,3
ITK,True,1.5558762237379415,2.1866042287982403,1.2002349,5
ADAM19,True,0.7406646024387002,1.925461661900465,1.4368035,8
LINC02227,True,0.008385294050225398,1.3681519475910733,0.6990831,3
EBF1,True,0.6481921922074753,3.3614867414498812,6.1828732,10
AC008691.1,True,0.0712125210841881,1.8224169248454967,1.9720831,9
CCNJL,True,0.03193484683622888,1.5401676396746884,1.2423042,4
GABRB2,True,0.11713293805620142,1.4582986188540727,0.8036992,3
GABRG2,True,0.002735151730498874,1.4001130507664774,0.75133604,3
AC113414.1,True,0.09788832883002932,1.6936949747591115,1.6534097,9
AC109466.1,True,0.016894350554349093,1.3741503418750218,0.7030217,4
TENM2,True,0.05597430506947069,1.4461733148741047,0.9389402,3
WWC1,True,0.02267140640463476,1.3806340385601614,0.71555895,4
RANBP17,True,0.0677652933636892,1.7232302109605613,1.7502676,9
CPEB4,True,1.0730570539387134,1.8233463709736486,0.7898144,3
RNF130,True,1.2767256490345793,1.987374803958455,0.9584087,4
GFPT2,True,0.023899180674383524,1.516082281042059,1.1568906,5
BTNL8,True,0.0031077156790269896,1.445148589035552,0.8225899,3
IRF4,True,0.18029105042425897,1.8592463014412322,2.1167085,10
GMDS,True,1.28906563249919,1.9654604498901516,0.97748244,4
GMDS-DT,True,0.9226727969188261,1.9997013606764724,1.4403949,7
SLC22A23,True,0.2088756522015905,1.7145276648361378,1.5982702,8
AL033523.1,True,0.006535544201878328,1.3898835768063655,0.7935842,3
F13A1,True,0.30628848452349944,1.6326595456502802,1.2551622,5
LY86-AS1,True,0.06598837531265804,1.6843891935004927,1.6471629,6
BMP6,True,0.04108793092055785,2.0280179995838292,2.591868,7
TXNDC5,True,0.1924332429784266,1.6667020725544184,1.4254729,5
HULC,True,0.1552206858655028,2.0945461024250505,2.7606945,10
GCNT2,True,0.3508150927807918,1.5427613922999412,0.9497895,5
MAK,True,0.10387825401044659,1.3898465356985754,0.80619276,3
SYCP2L,True,0.036683028034490014,1.4719244119881287,1.0617845,5
TMEM170B,True,0.7388957088750467,1.8821645853926163,1.4799576,7
ADTRP,True,0.15255153911980832,1.5808241171119863,1.1790273,4
PHACTR1,True,0.36413316761204834,1.577204424209541,0.92861414,3
GFOD1,True,0.4374761001359425,1.780836499016393,1.5102495,7
CD83,True,1.35394081936833,2.3312069024694857,1.8589362,10
AL009177.1,True,0.038048889219491615,1.5125274725796212,1.1404141,3
JARID2,True,2.164020254669318,2.8803725130354456,1.6714598,7
KIF13A,True,0.8913289657072486,1.9214422667075257,1.4116108,7
RNF144B,True,0.9382590959409798,2.16427763382553,1.9390411,8
AL158198.1,True,0.08636581541511038,1.6888287737770455,1.6463829,8
SOX4,True,0.2663192387230977,1.6325680313391238,1.191103,4
CASC15,True,0.05363811472122314,1.4456322351880455,0.91491735,3
DCDC2,True,0.0069595459400746545,1.345332719303117,0.65544516,3
LINC02828,True,0.012025844761222284,1.3592890839123648,0.65697104,3
CARMIL1,True,0.5989884029074541,1.9062886614354628,1.6039547,7
SLC17A3,True,0.0038001329848695664,1.305969780765548,0.53597087,3
HIST1H3B,True,0.014175665440131763,1.432597703631921,0.9798415,5
HIST1H2AC,True,0.41582351752017555,1.5600078788390521,0.92621815,4
LINC00240,True,0.00688351526385893,1.3403299819188834,0.5886629,3
AL021918.5,True,0.05380081258782572,1.5979052831571199,1.3918172,5
HIST1H1B,True,0.05406027905152368,1.352422829615639,0.6960064,3
HCG17,True,0.1991682426342669,1.4839939758988145,1.0122164,3
LINC00243,True,0.17385759655568037,1.5101079590856794,1.0703889,5
LTB,True,1.128256816716058,2.074067125334781,1.4865061,5
MPIG6B,True,0.0191622263762091,1.3292959317989517,0.65942,3
TSBP1-AS1,True,0.14684418097983204,1.8782340312542796,2.0026453,8
TSBP1,True,0.033006271125092045,1.412086412475792,0.8561406,3
HLA-DRA,True,1.384012241864693,2.4060404406971854,2.0872467,8
HLA-DRB1,True,1.2937062016868266,2.317992929682139,1.9535017,8
HLA-DQA1,True,0.5754869314046483,1.9780915534426147,1.9620956,8
HLA-DQB1,True,0.756899335864028,1.858244779299411,1.3210791,4
HLA-DPA1,True,0.6659533465759314,1.7122684864775102,0.9155625,4
HLA-DPB1,True,0.8590760621563545,1.7777277155664895,0.8986039,4
DNAH8,True,0.02087668933899769,1.4902886009642144,1.0330833,5
LRFN2,True,0.038404956994066916,1.5107843597892172,1.1324183,5
TREML1,True,0.00972837188052732,1.4306395442293065,0.9609581,4
TREM1,True,0.35840185063197916,1.6168164123866664,1.0362046,3
AL133334.1,True,0.0859519047523544,1.4748406764885622,1.0405054,4
SUPT3H,True,1.1173313205732598,2.1701594318140915,1.8321177,8
RUNX2,True,0.8677758716915616,2.1733006274987146,2.0222316,10
CLIC5,True,0.12326699089671456,1.643845656005307,1.5034249,7
AL035701.1,True,0.05067202433762789,1.4793208948041572,1.0838652,3
RCAN2,True,0.018137089851916144,1.5928839976830529,1.4047599,3
TNFRSF21,True,0.14043608403940624,1.6905487111931599,1.6482762,8
ADGRF2,True,0.0016889047924960176,1.3883970460119666,0.7337799,3
LRRC1,True,0.05250332484131527,1.4335843147920286,0.9411524,4
DST,True,0.3188545595751831,1.6887862627528551,1.3246096,7
AL445250.1,True,0.007315699554278243,1.3132065669310264,0.941719,4
KHDRBS2-OT,True,0.029275463025578152,1.516519172253353,1.1400926,5
KHDRBS2,True,0.5523471227858184,2.6690032045277463,4.208363,10
LGSN,True,0.005638262239785624,1.3265032646336472,0.5485317,3
ADGRB3,True,0.15267340015565564,2.0694622650652845,2.6550856,8
COL19A1,True,0.44936652021007417,3.010384013540126,5.4791865,10
AL160262.1,True,0.004387051575596668,1.2944968507987202,0.96365184,4
KCNQ5,True,1.0464186861639513,2.7342119933832754,3.6478784,10
OOEP,True,0.026000562087886092,1.4137895866239554,0.8531998,3
CD109,True,0.10371058529439883,1.6258908108072543,1.465785,6
AL357507.1,True,0.007735437781356642,1.3252644736962307,0.60116667,3
FILIP1,True,0.008141041893746835,1.479593891588962,1.0489655,3
MYO6,True,0.2495327592328485,1.7297920989874378,1.6699859,9
IRAK1BP1,True,0.11615726525379841,1.4975410159598832,1.0806823,3
SH3BGRL2,True,0.01455394088428864,1.5789246815934754,1.353948,5
ELOVL4,True,0.029995261378299914,1.5143575889730052,1.1309339,5
BCKDHB,True,0.5178529579087476,1.848121008593208,1.6483377,9
TENT5A,True,0.8930113069234309,2.0518481704828253,1.8156372,10
UBE3D,True,0.3908957775545217,1.8315450623153968,1.783084,10
ME1,True,0.14501455433908889,1.784932785492164,1.870034,9
SMIM8,True,0.24978939001220762,1.5624494585334758,1.0080378,4
AL139042.1,True,0.04123087670150237,1.341581530522586,1.0468925,4
SRSF12,True,0.015601693147627337,1.55121275048934,1.2714198,3
ANKRD6,True,0.2721716203259873,1.784046134283099,1.6750162,8
BACH2,True,2.181294024602606,3.3557798006913075,2.9018075,9
UFL1-AS1,True,0.11529655910611672,1.8033617825022223,1.9634461,9
GPR63,True,0.007578879976576855,1.342204798120757,0.6837914,4
KLHL32,True,0.1412679648940328,1.8855681089728797,2.1698954,9
AL589740.1,True,0.04026831768663899,1.5040020752345336,1.1026256,4
GRIK2,True,0.017363837930483055,1.7255335664406466,1.7250838,7
RTN4IP1,True,0.1332234293840454,1.4980183808300067,1.1064402,4
PDSS2,True,0.9374874967098776,1.8180499751412487,0.9441891,3
SOBP,True,0.031102127570207177,1.47066480701402,1.0332416,3
SCML4,True,0.9699731174120549,1.9391285768094613,1.2474015,4
AFG1L,True,0.25098791275690724,1.5944047076993495,1.2364057,6
FOXO3,True,1.3405554619955444,1.9756143223429419,0.89423966,3
AK9,True,0.2732321701493906,1.6269082282790017,1.2068244,6
METTL24,True,0.05610755158375423,1.5997427850462418,1.3758729,6
SLC16A10,True,0.3497105731580798,2.0744599460281847,2.5560167,10
MFSD4B,True,0.5917747629507514,1.6770602850789718,0.82526815,3
FO393415.3,True,0.0072376029074185996,1.3484125718924773,0.76935136,3
MARCKS,True,0.5368413428066217,1.6844165307855512,1.0233608,3
FRK,True,0.013584911241866351,1.3431909100612542,1.081502,5
NT5DC1,True,0.7829839329824909,1.7884566923697254,1.0441532,4
DSE,True,0.6549179169052574,1.7097144025872524,0.9914263,3
TRAPPC3L,True,0.0025120804440036406,1.2986826071453026,0.959572,4
AL137009.1,True,0.1341862423571448,1.6720903197770227,1.6045185,8
FAM184A,True,0.13324419700740134,1.7110546899812888,1.7072828,8
MAN1A1,True,1.2274425004686615,2.0213592417726742,1.1818241,4
AL096854.1,True,0.008486335812279375,1.903890484535696,2.188006,8
TBC1D32,True,0.5556019944330816,1.8466858589452255,1.3934375,6
PKIB,True,0.048577919323662795,1.6602202942094428,1.5719473,7
AL133257.1,True,0.003923617523474038,1.317869220513763,0.97795534,5
NKAIN2,True,0.04076791285383264,2.4139594697955227,3.681223,9
RNF217-AS1,True,0.042115261660312805,1.5194381731191755,1.1398574,5
TPD52L1,True,0.006925095340132988,1.3755684677548037,0.73021615,4
C6orf58,True,0.010248779702925715,1.3891043388381947,0.84270805,3
THEMIS,True,1.4039411733485712,2.562902170609882,2.3942397,10
PTPRK,True,0.2474454305126171,2.2953349680335235,3.2209895,10
AL590006.1,True,0.09767536601644702,1.9453963184007517,2.3473537,10
LAMA2,True,0.04568655764220313,1.5060500632779525,1.0950459,4
AL356124.1,True,0.08224313989988011,1.5829449473962136,1.3393148,8
TMEM244,True,0.02532780283691064,1.406564886216789,0.8601689,4
SAMD3,True,0.7961513588515936,2.0128529481597726,1.7516375,8
TMEM200A,True,0.041600641830505714,1.7262612173978042,1.7625322,8
EPB41L2,True,0.31337514603056416,1.7534653368955806,1.5818355,10
ENPP3,True,0.01736177405011498,1.5656624066164422,1.2525942,6
MOXD1,True,0.014359172083705352,1.5474961212851468,1.255737,4
VNN1,True,0.08554329229306472,1.7043672120077709,1.7048501,6
VNN3,True,0.11103628790901224,1.625069400310748,1.4361273,7
SGK1,True,0.46830497287078166,1.6774933093752984,1.1304795,5
AHI1,True,0.47930435425645507,1.7541572127454874,1.3319592,7
PDE7B,True,0.20547138817029312,1.8877388155954962,2.0733204,10
AL138828.1,True,0.0271193271871683,1.536397771140416,1.1626395,5
MAP7,True,0.03576675435472323,1.5229874437245163,1.1969967,5
PEX7,True,0.2247180543880473,1.5386904909753538,1.1548674,5
WAKMAR2,True,0.33126576120460594,1.6267987559764354,1.1192129,4
TNFAIP3,True,1.3483352225449752,2.043205178605224,1.1395762,3
NHSL1,True,0.2960462813765154,1.7542380422655206,1.6794475,9
AL592429.2,True,0.23309896055483673,1.9230052268987676,2.065338,9
AL035446.2,True,0.049808149307901076,1.5105752591125898,1.0905659,5
HIVEP2,True,1.5073253851309771,2.068150437305827,1.0329877,4
LINC01277,True,0.03120913627781789,1.5919049409323882,1.3737633,6
AIG1,True,0.23502459991679134,1.7871225769927528,1.845614,10
PHACTR2,True,1.6256560041993549,2.3125109877509424,1.4467051,6
EPM2A,True,0.25703780378633345,1.5253083462418668,0.9568952,4
STXBP5-AS1,True,0.1313377578419853,1.7492132535895741,1.7975303,10
SASH1,True,0.23315072796669217,1.5415977079626504,1.0325593,5
UST,True,0.6322264495982652,2.025818009229522,2.0065012,10
PLEKHG1,True,0.6069004189609386,2.3569002157125287,3.0251317,9
MTHFD1L,True,0.2817724119242515,1.5853392390292829,1.2027781,5
AKAP12,True,0.017958035646977594,1.5178264668242287,1.1424209,6
ESR1,True,0.35411148700745004,1.9898986593044157,2.3696635,10
SYNE1,True,1.6313166810819364,2.3445043168258852,1.5488708,9
RGS17,True,0.04842842690185365,1.6529184461568545,1.509277,6
CNKSR3,True,0.0107213635860953,1.2725476297007874,0.8980688,4
AL589693.1,True,1.1829880595919389,3.255696661235408,4.8753085,10
AL512658.2,True,0.04032324219577623,1.4998438739798847,1.1043644,4
ZDHHC14,True,0.320114728163935,1.699677969197415,1.4503984,8
SYTL3,True,1.3029828104144467,2.109209492098176,1.2912272,4
EZR,True,1.4605095861943944,1.9950237950122207,0.85859865,3
AL078604.4,True,0.07074692562216063,1.6667365199059982,1.5753917,8
SOD2,True,0.9753164016858706,1.8426238347420256,0.9522871,3
PRKN,True,1.0020041750611255,2.4053301903636357,2.8329492,10
PACRG,True,0.0715875885751131,2.0166516172389515,2.557878,10
QKI,True,2.0790767770125695,2.3674443687045446,0.963865,5
RPS6KA2,True,0.5416464479663554,1.6947467921796815,1.1363226,5
CCR6,True,0.14392679081814003,1.5467369283511583,1.2603711,7
AL513210.1,True,0.003754670463067683,1.5891722887276782,1.337601,6
AL135910.1,True,0.0050570554048543674,1.4112996397287971,0.8738364,4
WDR27,True,0.31587858551838865,1.6556238051616634,1.2719644,6
AC147651.1,True,0.0021933606999841103,1.118399813921498,0.66211206,3
CARD11,True,1.0790431172246202,1.9978193978975334,1.3064612,5
AC024028.1,True,0.08187923182637924,1.3900168449580863,0.8102173,3
SDK1,True,0.08970886955911697,2.314699165763831,3.3844235,10
CYTH3,True,0.26419757253909587,1.5021804818327125,1.0056077,4
COL28A1,True,0.012616683116329158,1.4667968606465573,0.99486655,4
UMAD1,True,1.1469464565033205,1.8586229852936356,0.8497383,3
GLCCI1,True,1.010249511753592,2.0681214967480033,1.6170735,8
AC004949.1,True,0.00870046754566373,1.8003614112939534,1.9178859,7
AC004160.1,True,0.028573422346329026,1.7369371564447662,1.757313,9
THSD7A,True,0.010780262130324968,1.3930706273906632,0.7592372,3
VWDE,True,0.029610664059477106,1.4831718387518606,1.070397,4
AC011287.1,True,0.10335721633269643,2.392579894015417,3.6905143,10
CRPPA,True,0.20959066958315292,1.9869219110464869,2.431148,10
AHR,True,1.28538292371007,2.329581695956734,1.8606516,9
AC073332.1,True,0.21666455802194617,1.871939051272656,2.0858045,10
AC019117.1,True,0.015007463463354392,1.5773469079024767,1.3376467,6
HDAC9,True,1.4029698105582855,2.635745699004184,2.491599,10
AC007091.1,True,0.003795476751511915,1.3380032610175883,0.7150133,3
MACC1,True,0.032519647751290646,1.5913172491015888,1.3425813,6
ITGB8,True,0.05641747848771363,1.5861657442379262,1.4103959,4
DNAH11,True,0.032688075628873145,1.4756364332875784,1.0137054,3
RAPGEF5,True,0.11241807397635672,2.0050906881899193,2.477696,10
STEAP1B,True,0.23532311598808442,2.3644211782635636,3.362515,9
MPP6,True,0.4640112855207882,1.8664016156939032,1.7132597,10
HIBADH,True,0.5685331928478023,1.872523609032178,1.6209176,9
CREB5,True,0.7355183313875235,2.098043384085032,2.2324007,9
PLEKHA8,True,0.2586096241193764,1.4969179486746131,0.9356253,4
GHRHR,True,0.0011991692425551616,1.190416666003734,0.6192412,3
BBS9,True,1.1646808130427087,2.0060381265658265,1.277679,5
BMPER,True,0.010977333751882479,1.5748473927435696,1.2775049,6
NPSR1-AS1,True,0.010131813094923793,1.4433500014418874,0.8553723,4
EEPD1,True,0.42604522965965963,1.7543646892955476,1.4134401,6
AOAH,True,2.0883780059161254,2.466816959220985,1.0932571,4
EPDR1,True,0.1541415663942932,1.4901157917147434,0.99521166,3
TRGC2,True,0.23848376862162485,1.6454433076458936,1.4141461,6
TRGC1,True,0.10456664873456538,1.5520267876922775,1.2692782,4
TRG-AS1,True,0.38275354420470137,1.5800631879316316,0.9753457,3
AMPH,True,0.0581636696302993,1.660468077970986,1.6450318,4
SUGCT,True,0.19397209995430092,2.049767514369563,2.6029024,10
INHBA,True,0.009220865924208819,1.3661642001810785,0.7219583,4
GLI3,True,0.01956652001376223,1.626312882663565,1.4916362,7
PKD1L1,True,0.026099877536800868,1.558447879335764,1.303959,5
ABCA13,True,0.020330074185764734,2.1058102885968473,2.6449096,4
GRB10,True,0.13847694433110644,1.4567108873396277,0.99014956,4
LINC01446,True,0.010643928750925132,1.2957987858367415,0.92094165,4
AC073349.4,True,0.03312656340395188,1.2929671817286919,0.56467265,3
VKORC1L1,True,0.255686135124433,1.5326774219941062,1.069971,4
TPST1,True,0.2576097885188137,1.8318789208063406,1.8994359,10
AC006001.2,True,0.26954413434207636,1.4243216600154756,0.65184486,3
AUTS2,True,1.119805233284737,2.5892655220113405,3.1331308,10
CALN1,True,0.04240732661086306,1.402937161290403,0.8339727,4
HIP1,True,0.4215167473075783,1.7537669606417636,1.441783,8
PTPN12,True,1.169839016440674,1.9123782368067441,0.9718195,4
AC004990.1,True,0.0065799819029998844,1.330987648799655,0.6776374,3
MAGI2,True,0.07189931071408485,2.3144384778545897,3.388122,10
CD36,True,1.0314960572100387,2.5537265200520034,2.7756832,10
SEMA3C,True,0.2107823975706379,1.8227135647023367,1.9703674,9
PCLO,True,0.010296693727794074,1.483890203376862,1.0051546,5
SEMA3A,True,0.061294664001588214,1.629316824970131,1.4517951,6
SEMA3D,True,0.007971901844124225,1.525912839710108,1.1292989,5
AC005009.2,True,0.004006865828835594,1.4003526801356183,0.83218503,3
KIAA1324L,True,0.26085897339158703,1.68253447982138,1.4081777,6
ABCB4,True,0.1570675058299474,1.686682622209048,1.4993804,7
ABCB1,True,0.5300857139220021,1.9265494836448405,1.8398328,9
RUNDC3B,True,0.04469354765390028,1.4420336042527233,0.9538357,6
ADAM22,True,0.18373082611045338,1.8214570822910356,1.9946165,9
STEAP4,True,0.1576385325744361,1.6519589705992346,1.5732797,5
AC002069.2,True,0.006642575739169694,1.3279559913405925,0.64249694,3
ZNF804B,True,0.008516292195657743,1.6091675517887816,1.3705988,6
AC002383.1,True,0.0037934491912775354,1.297359336794417,0.9072919,4
CDK14,True,1.0668106252073173,2.4862566368477994,2.8124592,9
AC079760.1,True,0.016724537196968214,1.5767052641267951,1.3168215,6
CDK6,True,1.0151594781948932,2.117208529431114,1.7198571,9
AC002454.1,True,0.009433937440800792,1.4122227183518608,0.8346235,4
HEPACAM2,True,0.001172549286747014,1.210580854885237,0.59628385,3
GNG11,True,0.022425567171579612,1.659378938050914,1.5472405,6
PEG10,True,0.02964328145594765,1.3445017655042835,0.7111794,3
PPP1R9A,True,0.11744266307515476,2.4103133183602683,3.6428933,10
AC002429.2,True,0.021620432126534247,1.7541998961186038,1.8674169,9
PDK4,True,0.10231413919409785,1.3400512463798866,0.65929854,3
COL26A1,True,0.02762937579628526,1.6603194919537585,1.4876584,6
FBXL13,True,0.1130938528732286,1.6651470632615382,1.5710009,7
LRRC17,True,0.01390309505555656,1.4454134060525927,0.9186825,3
SLC26A5,True,0.1293991375117828,1.444399259625794,0.9309875,4
AC005064.1,True,0.006965187853418334,1.3789935076389717,0.797416,3
LHFPL3,True,0.0359052429233888,1.8275232111897057,1.9542748,5
EFCAB10,True,0.1967264236056303,1.5901631705845631,1.340675,7
CDHR3,True,0.30059310688771906,1.7910661503164498,1.8517126,9
NAMPT,True,2.521886965701024,3.761569869069073,2.368006,9
AC006387.1,True,0.028966604624103116,1.4335212909231845,0.9322145,4
NRCAM,True,0.15226389163783596,2.337450722629438,3.426661,10
AC073114.1,True,0.011738052787141549,1.4925158491028794,1.0346168,4
IMMP2L,True,1.904621364500469,2.638430353505526,1.8290191,10
LRRN3,True,0.12498310506823465,1.5833234298947763,1.3295205,7
DOCK4,True,0.7833515950908012,2.5133308133039294,3.3016589,10
PPP1R3A,True,0.00284793547033062,1.33019192139981,0.55689776,3
FOXP2,True,0.009573820496315319,1.6183003686911477,1.3540238,6
LINC01393,True,0.06716487200014537,1.7384885115061515,1.7713773,10
LINC01392,True,0.011908079223622168,1.392191226048466,0.7933279,3
TFEC,True,0.36415721430339626,1.6528048776840827,1.224667,5
ANKRD7,True,0.0095625015868703,1.4570218614185007,0.977827,4
KCND2,True,0.013973107344672534,1.4175642850754744,0.854638,4
CPED1,True,0.2181349575859713,1.6296501985563303,1.3978364,8
AASS,True,0.05521670674346352,1.382008513719731,0.79023635,3
CADPS2,True,0.015002376426167415,1.3303656770233743,0.5391927,3
AC006333.1,True,0.008087002646721943,1.409275652957471,0.8328036,3
POT1-AS1,True,0.10857406447957765,2.0570699136578927,2.6785002,10
AC087071.2,True,0.1318949165288128,1.472777744830355,1.0405988,5
COPG2,True,0.14738413702542247,1.5220132674581213,1.1176637,4
PLXNA4,True,0.2842118013400513,2.5844769172427062,4.4176245,10
LRGUK,True,0.12965935168219206,1.5916847280279605,1.3931935,6
CALD1,True,0.047459019856114316,1.4843034940566746,1.0865666,6
AC083870.1,True,0.14037108307114132,1.9032387032531788,2.2345114,10
AGBL3,True,0.14747138769917248,1.5906386974614501,1.360356,5
AC078845.1,True,0.28658496726720295,1.813259484267063,1.8257389,9
TTC26,True,0.03281489938246292,1.4794603059987748,1.0465878,4
TBXAS1,True,1.1908824366160773,2.0737752790492445,1.289324,6
TMEM178B,True,0.053722418919426904,1.9019707644080857,2.228611,10
MGAM,True,0.06661424456411778,1.6618046891740292,1.5715123,8
TRBV23-1,True,0.010781149360195178,1.7867102261031538,1.8982193,9
TRBV28,True,0.01990569555332863,1.419223023443431,0.9027552,5
TRBC1,True,0.6044760642463636,1.820322088195099,1.3907931,7
TRBC2,True,0.7336515690820368,1.7377365355418146,0.94728136,3
EPHA1-AS1,True,0.33377427171345697,1.6079433278801474,1.1710418,6
CNTNAP2,True,0.11493413626726127,1.65550480313339,1.3991002,4
ZNF425,True,0.03086087538490766,1.3684623356358396,0.7571183,3
LINC00996,True,0.02450243366350507,1.5291240369149877,1.1427687,4
LINC01006,True,0.07308495416839585,1.5129935478220022,1.1380233,5
VIPR2,True,0.08371424474941126,1.6754225216680936,1.6241158,8
DLGAP2,True,0.048982560346351685,1.5170854801658193,1.112351,3
ARHGEF10,True,0.0758063682366484,1.4436765550152135,0.9557253,3
MYOM2,True,0.053042470455483694,1.4933829425176026,1.0657675,3
AC246817.2,True,0.012884956355224223,1.4855920950494053,1.0015244,3
AC246817.1,True,0.05638462055560863,1.7665051545056152,1.8557208,10
ANGPT2,True,0.24452296837206416,1.506935887204146,0.96981007,4
AGPAT5,True,0.48792985183199383,1.7461140562417619,1.2938175,5
PRAG1,True,0.2498568941245905,1.5940185771310988,1.2485034,5
AC022784.1,True,0.013072004878031443,1.3090711982930956,0.5614957,3
AC034111.2,True,0.014185134867908488,1.4425683803046754,0.968108,4
XKR6,True,0.8145800656781373,1.8157970204347027,1.0713253,3
BLK,True,0.4857933379685502,2.4850629799624455,3.6387959,10
SGCZ,True,0.023550011614940084,1.4363460637784362,0.89124334,5
AC018437.3,True,0.0016947267255037017,1.3216580218761647,0.6241455,3
MSR1,True,0.27026312450808526,1.9129079909458047,2.0601852,10
MICU3,True,0.27920593374815883,1.7291482728217695,1.5092683,7
AC079193.2,True,0.040699913123659545,1.4193399987919368,0.878287,3
PSD3,True,0.13491301211051834,1.6968548184406262,1.6828994,9
AC100849.1,True,0.014361891147307706,1.402748120643484,0.7868491,4
CSGALNACT1,True,1.0687533299299652,2.31575485374824,2.2704537,10
PIWIL2,True,0.03874230149218562,1.4538233639982778,0.99116564,4
AC023202.1,True,0.0072371466668796226,1.4097967696656637,0.86548626,3
ADAM28,True,0.7062715789085152,2.49860932635083,3.576585,9
AC120193.1,True,0.47313432549751144,2.271736809618599,2.9952147,9
DOCK5,True,1.1563663098324226,2.103063092706707,1.4952158,7
CLU,True,0.05186142652794936,1.6379398903896174,1.4373702,6
AC021678.2,True,0.035798244606211296,1.441523823660801,0.9197426,3
DUSP4,True,0.07328002996793201,1.601226908234882,1.3784907,7
AC009563.1,True,0.014862245694954025,1.3292275856346412,0.6472882,3
NRG1,True,0.4523104443083543,2.3007989518916783,3.0080774,10
AC090204.1,True,0.05872007223530873,1.5791538640670595,1.3326964,4
FUT10,True,0.11182074204324619,1.4533478096448573,0.98666006,3
AF279873.3,True,0.010953915462125388,1.4936572213582855,1.0784155,4
AC090993.1,True,0.0025388093438636185,1.210673784598648,0.6255297,3
UNC5D,True,0.010920769158714047,1.3370929963179545,0.6584752,3
ADAM18,True,0.011193616587473974,1.4317529785679084,0.9110533,4
AC105999.1,True,0.0017205590629834513,1.3958211678213999,0.73120177,3
ZMAT4,True,0.07276248585029185,2.451963272322587,3.8459961,10
ANK1,True,0.05304739032573726,1.476489902528849,1.0347551,5
AP3M2,True,0.49069192321480076,1.6720732691950204,1.0141076,3
PXDNL,True,0.11121588358799368,1.6498078193143744,1.5293638,7
ST18,True,0.02977331841229152,1.5045520107236947,1.0919936,4
LYN,True,2.440098630166094,2.9898110081258285,1.5221553,7
PLAG1,True,0.15787204629077606,1.566005491529113,1.2321981,6
TOX,True,1.1036712730730465,2.8342661707788857,3.911051,10
CA8,True,0.013877880719801733,1.4798643513298013,1.0140147,4
LINC01301,True,0.027899766482573567,1.3665792780320476,0.73753136,3
CLVS1,True,0.05684221493047129,1.8442765991065726,2.079501,9
LINC02842,True,0.005054796900046518,1.543189412519243,1.1345938,3
AC011124.1,True,0.0015530020631980548,1.3505870780218567,0.6049607,4
CYP7B1,True,0.026794407771234097,1.7233892209539643,1.7251008,8
AC009879.4,True,0.07230333906346359,1.5247169923036246,1.1785035,6
MYBL1,True,0.9897822701286639,2.255523303270789,2.2328007,10
MCMDC2,True,0.014528938423123855,1.4640383876156093,1.0151867,3
CPA6,True,0.029943446847931477,1.4596984688678658,0.98897225,3
SLCO5A1,True,0.037209547823000885,1.8473581263669512,2.0841515,9
XKR9,True,0.05606937130196765,1.6767573210876434,1.5909493,9
MSC-AS1,True,0.24500372089453948,2.1223129483717784,2.8258276,9
TRPA1,True,0.013068019619147683,1.499513426439999,1.0644033,3
AC111149.1,True,0.000509055340680772,0.8534871384505631,0.7125267,4
AC027018.1,True,0.1759085576934667,1.4325917254097273,0.9260746,5
GDAP1,True,0.2046527971902635,1.7178424785200765,1.6704024,8
MIR2052HG,True,0.01771281232452645,1.9250239338495683,2.300179,10
AC011029.1,True,0.0027127531988087455,1.393869293869448,0.77876407,3
PKIA-AS1,True,0.253110740578285,2.1344024233242345,2.7557888,10
PKIA,True,0.4792906788224638,2.01465499164322,2.2386022,10
IL7,True,0.18016369381067426,1.752708886937866,1.7598596,8
AC083837.1,True,0.10750459609056469,1.9578869140543056,2.3537445,10
TPD52,True,0.5564535459478204,1.945846231590607,1.7954457,7
ZNF704,True,0.04330894166942673,1.7911333423174516,1.937575,9
PAG1,True,1.7390019270219401,2.232513009619557,1.0168585,3
CA3,True,0.04160953393791356,1.6202624477388756,1.4318498,7
AC090572.3,True,0.001471826361350529,1.220764479710065,0.7077761,4
CNBD1,True,0.012454962560957137,1.3519184834237628,0.6876796,4
RIPK2,True,0.8343813829641574,1.868168530100424,1.2569695,6
AC004083.1,True,0.0356126405764567,1.508319548909594,1.099448,5
LINC00534,True,0.06825761629268905,1.866016174297571,2.1262202,7
LRRC69,True,0.22231303542168263,1.5155038605343554,1.0777506,4
SLC26A7,True,0.025426939317455932,1.6146206025676357,1.4287927,7
LINC00535,True,0.018406769011399413,1.4555673481396159,0.9935659,4
CDH17,True,0.00669346938462013,1.3084054970559509,0.5472579,3
C8orf37-AS1,True,0.1701984169660383,1.9292842229218334,2.3500254,10
SDC2,True,0.4476619311161401,2.274102136727395,2.9407973,9
NIPAL2,True,0.178548148722037,1.5435151258310726,1.1193713,5
STK3,True,0.7844252882177254,1.7358697728920585,0.94312143,3
NCALD,True,1.233027086304945,2.5703868995432475,2.7633488,10
AZIN1-AS1,True,0.22507218532357331,1.740908941417149,1.826669,10
BAALC-AS1,True,0.020157927625846127,1.5498349961793645,1.2413366,5
RIMS2,True,0.025883554269448338,1.805919221517754,1.9201791,9
LRP12,True,0.07934508381914537,1.5683970059324888,1.3032366,5
AC090579.1,True,0.046862844507188875,1.7184437786549942,1.7361611,8
ANGPT1,True,0.082154846696995,1.716880667396277,1.7016135,8
AC104248.1,True,0.0076518411448823365,1.7399167106438402,1.7946978,6
PKHD1L1,True,0.01710274825405216,1.6924177653746042,1.6686729,4
SYBU,True,0.006384143681916106,1.3590596037605758,0.71272224,4
LINC01609,True,0.024152824039957135,1.3841110311195135,0.7854187,3
TRPS1,True,1.7211125355599293,2.216849947971959,1.0269914,3
SLC30A8,True,0.011816761648813106,1.5453248979104484,1.2708764,6
EXT1,True,1.2721726361020318,2.2704783859848177,1.8500888,7
SAMD12,True,0.48432605506677895,2.171820388216615,2.6609702,10
AC023590.1,True,0.15368358940703458,2.318262027472231,3.3267806,9
SAMD12-AS1,True,0.016544959241316035,1.4516747973651891,0.976082,3
ENPP2,True,0.03821283562935214,1.494762520620496,1.098715,5
AP005717.2,True,0.011002348376501412,1.3178534979103835,0.56106794,3
MTBP,True,0.2470906987798201,1.4959568151559903,0.96377736,4
AC068413.1,True,0.008330401978238585,1.7051334296568814,1.6917193,7
FER1L6-AS1,True,0.0014647620511922485,1.2016888711720797,0.72234786,3
FER1L6-AS2,True,0.004765862319520238,1.7370188637318933,1.7887623,6
AC090921.1,True,0.028379434659458858,1.4562527506060567,1.015448,3
MTSS1,True,1.3813509304499871,2.438191150539706,2.1119277,9
AC016074.2,True,0.32198615289754107,1.6623487282843812,1.2421911,5
LINC00861,True,0.7167249618033702,1.7454965530439908,1.0190278,4
PCAT1,True,1.0431886962757704,2.5767647610419617,3.1439378,10
AC024382.1,True,0.06591693240874638,1.5989316242388079,1.4629866,5
CASC19,True,0.10769839974478257,1.5795861642980062,1.3707206,7
CASC8,True,0.10547474587016128,1.7435274662306135,1.7811811,9
AC104370.1,True,0.02043735090675289,1.5263435261987264,1.1714864,5
PVT1,True,0.8656392205231013,1.82134889332398,1.0335158,4
LINC00824,True,0.05457083671907735,1.5719112369260138,1.2524834,6
CCDC26,True,0.1598879108929855,2.1121038611402794,2.8943174,9
KCNQ3,True,0.02685223438238682,1.8885479401762137,2.1567798,9
AC105180.2,True,0.04057953233495342,1.5490879080362376,1.2020355,3
ZFAT,True,0.40096418475595763,1.7856996270916885,1.6098815,6
KHDRBS3,True,0.019597448813812673,1.4632887178111103,1.0007647,4
LINC02055,True,0.10820548591546272,1.6177512181996287,1.2435932,3
PTK2,True,0.5229918056302685,1.7087009662028465,1.0643015,4
ARHGAP39,True,0.0062198209974406865,1.4149211552725882,0.9267292,3
ZNF16,True,0.10895283739645212,1.6052301790707335,1.4052376,7
KANK1,True,0.31921597771618676,2.080340369404194,2.6143277,10
VLDLR-AS1,True,0.007449189715400451,1.5762283774245471,1.388416,6
RFX3-AS1,True,0.7675309440502344,1.8347976021443337,1.2070593,5
GLIS3,True,0.14518997500650327,2.0255014160070033,2.596524,10
SLC1A1,True,0.022636484644802096,1.6796595387014637,1.6192017,7
SPATA6L,True,0.07537781452391032,1.5682633810364128,1.2951442,7
PLGRKT,True,0.18521079333552612,1.5307735362484163,1.2093637,5
PTPRD,True,0.04908557094503564,1.4446813224930108,0.90481716,3
FREM1,True,0.004784314654308942,1.4613529940419545,1.004557,4
CCDC171,True,0.14939080123672924,1.7086786094632678,1.6325419,10
C9orf92,True,0.012360811754567502,1.743407595674002,1.7487967,7
BNC2,True,0.5231531081330787,2.7551963470602323,4.804226,10
SAXO1,True,0.04151959157234855,1.4900504788066418,1.0756449,4
ACER2,True,0.059880469094129384,1.560943779314059,1.2764168,5
MLLT3,True,1.328544183993134,2.416734035778364,2.1272707,10
MIR31HG,True,0.03220998517711212,1.6564269883588092,1.5338188,7
CDKN2B-AS1,True,0.16624813644407568,1.5109932967797939,1.1550695,5
MOB3B,True,0.42095851401736056,1.7585168289964532,1.4865308,5
LINGO2,True,0.590952098324237,3.503157142481301,7.1321564,10
C9orf24,True,0.019511734576284863,1.3190996153404546,0.60402364,3
RECK,True,0.2653463942785432,1.54336372522998,1.0817534,4
PAX5,True,0.4260401004190625,2.5342101118341676,3.8437467,9
CNTNAP3,True,0.003911169513477114,1.4670491259628324,0.9176427,3
PIP5K1B,True,0.2723866523108753,1.7205961134362098,1.5920202,8
APBA1,True,0.05826299905230777,1.5598971955765204,1.2759441,6
MAMDC2-AS1,True,0.015866088941483694,1.5243226440353337,1.1334653,3
MAMDC2,True,0.01740555707410535,1.5396396110233792,1.2267282,4
SMC5-AS1,True,0.054383204712455745,1.5428089019119053,1.2250572,6
TRPM3,True,0.029993218704464676,1.5346724903449716,1.2453283,5
ANXA1,True,1.1385702431204354,2.457807652225367,2.5680912,10
RORB,True,0.04512190132705845,1.8904707411324453,2.2109728,10
PCSK5,True,0.9031656794136417,1.9032197610621158,1.2471465,6
CEP78,True,0.594678468210711,1.8866160213797822,1.6502988,7
TLE1,True,0.34955054676090436,1.7853811898656897,1.5263785,6
FRMD3,True,0.3349219606968411,1.8148369602024979,1.8430067,10
GKAP1,True,0.2320752596236572,1.566770596525712,1.1178111,5
NTRK2,True,0.011073168826106856,1.5778433841885504,1.3529912,5
C9orf153,True,0.037205133004254175,1.4738500886631085,1.0335344,4
DAPK1,True,0.6008120499037849,1.8150644499157589,1.3769578,7
SHC3,True,0.010228806130664354,1.3759292126461315,0.71559113,4
SYK,True,1.4494065817567883,2.1231691463456395,1.1927642,4
AL158071.1,True,0.06958873538738242,1.439899164216758,0.9701698,3
ROR2,True,0.035989915706345674,1.8446829022503486,2.1074064,8
CENPP,True,0.6460019876256273,2.093418413056181,2.2819104,10
AOPEP,True,0.7699210670781687,1.7784144239952675,0.9275524,3
FANCC,True,0.3357959626492598,1.9288249195035636,2.1404638,10
LINC00476,True,0.458210877046725,1.7152889482993943,1.1945602,6
CDC14B,True,0.11661382718683677,1.5800632340854297,1.3242574,6
PTCSC2,True,0.04607362390304853,1.4038861007684886,0.8466262,3
NR4A3,True,0.17599826960138565,1.68282029027911,1.538485,6
INVS,True,0.945129635937062,1.9865999774548349,1.4294271,8
ABCA1,True,0.7635132079043057,2.0346912608817185,1.8391886,9
LINC01505,True,0.3877374149365572,2.6452446117259383,4.527064,10
LINC01505-1,True,0.3877374149365572,2.6452446117259383,4.527064,10
ZNF462,True,0.01432506463518125,1.6343755853696973,1.4497238,6
AL807761.4,True,0.0029703826684125646,1.1523343718964265,0.52888274,3
PTPN3,True,0.006991130945600108,1.6901463017906238,1.6207249,5
PALM2-AKAP2,True,0.5044346228362608,2.1651386310740564,2.6420686,10
LPAR1,True,0.229622420539834,1.4705952876746855,0.9111584,4
AL162414.1,True,0.011878182465378442,1.3008122136322906,0.5480317,3
SHOC1,True,0.07266135274286753,1.4152352373904207,0.8604481,5
UGCG,True,0.5861004065022328,1.6843414101820364,0.9894212,4
KIAA1958,True,0.5110021161560796,1.8185754185873524,1.436119,6
WHRN,True,0.10959714307991578,1.525083766842387,1.1934639,5
PAPPA,True,0.018079225403141694,1.3645102286703612,0.74339086,4
AL137024.1,True,0.0031221805170749462,1.4266016102682462,0.88652116,3
ASTN2,True,0.1695760692255836,1.7117659799862384,1.6937196,8
ASTN2-AS1,True,0.02609963868935795,1.4513809038978507,1.0081859,5
MEGF9,True,1.0083735289228348,1.912139165722439,1.07937,3
AL359644.1,True,0.03632866733645256,1.5231977447464864,1.1793352,5
AL359636.2,True,0.05069183360057927,1.531531548519163,1.1654207,5
STRBP,True,0.5867602167623602,2.0060280969669497,1.9731083,9
NR6A1,True,0.23309090053717924,1.6085070346686638,1.3194196,7
MIR181A2HG,True,0.05223077927003117,1.5426107521277115,1.1634783,5
SCAI,True,0.4420686917255094,1.6305799862362609,0.99432075,3
PBX3,True,1.2905400905494224,1.9573202902018056,0.95332444,3
RALGPS1,True,0.305435457193986,1.5685758234044052,1.0585023,5
GARNL3,True,0.07727187654033815,1.5006917095658252,1.1117653,4
LCN2,True,0.0021062160131903635,1.3460329277816478,1.0889965,3
ABL1,True,0.49471309650076495,1.6379405021412623,0.904371,3
GFI1B,True,0.007114923581780225,1.2850298101741573,0.52893084,3
STKLD1,True,0.016358874139385724,1.3288592509759003,0.6093345,4
FCN1,True,1.1179082866967167,2.021547506193015,1.1737324,5
PTGDS,True,0.21886766936737093,2.8561607325690335,5.008247,10
CLIC3,True,0.1539798121727313,1.5101613483336962,1.0792978,5
CACNA1B,True,0.01134009744111864,1.490315225649624,1.1254032,4
DIP2C,True,0.16949634024425744,1.6108644929776914,1.3618658,7
ADARB2,True,0.03719488298005287,1.7211097145170222,1.7737607,6
IL2RA,True,0.285604843576598,1.9737654559142743,2.3024473,8
PRKCQ,True,1.2564651027199436,1.9868263152940557,1.0674348,4
PRKCQ-AS1,True,0.47076041479303105,1.6252478539152513,1.0178987,4
AL392086.3,True,0.0774230473373978,1.9397077542583196,2.3178322,9
GATA3,True,0.4529415136247191,1.7418036362119396,1.3066742,6
USP6NL,True,0.5996051323366359,1.7270730638042138,1.0999132,4
CCDC3,True,0.03136874896757273,1.478532857793945,1.0666108,5
FRMD4A,True,0.13807377225269776,1.6391434173257526,1.4890455,5
FAM171A1,True,0.05505372088161398,1.5814449189807716,1.3359188,7
CUBN,True,0.34822385396931177,1.6628960895799474,1.2753633,7
ST8SIA6,True,0.2025060143112185,1.873133622444285,2.1209438,10
STAM,True,0.7668505836432368,1.7491556191440067,0.98730403,4
MRC1,True,0.019598471357185638,1.5402047842987965,1.2351186,4
CACNB2,True,0.08298398550700589,1.474456109221008,0.9990971,3
PLXDC2,True,2.0630372585691257,3.1091084561768243,2.6208117,10
NEBL,True,0.13567112437305204,1.5912230524820263,1.6694783,6
AL512603.2,True,0.5375389742253887,1.6893565155358643,0.98503536,3
KIAA1217,True,0.039213696954970144,1.496553304424082,1.1128979,3
PRTFDC1,True,0.057540284160556475,1.5112178612288196,1.156127,4
ENKUR,True,0.020868829042714226,1.4486735237465171,0.9563852,5
ANKRD26,True,0.31464529067755087,1.6419168557169357,1.2576419,5
ARMC4,True,0.008607499239543247,1.2983349373383422,0.5816134,3
LINC02652,True,0.01697471754611641,1.4284471724587016,0.8816471,4
ZNF438,True,0.6758116548518809,1.719774452733199,1.0411068,5
LINC02664,True,0.003931367561928589,1.3340409345630253,0.5981079,3
ZEB1-AS1,True,0.0427959915902533,1.6456736445844768,1.5101374,8
ZEB1,True,1.7868942349016463,2.44430560157394,1.552121,7
CCDC7,True,0.8200966520172077,1.9671275436619617,1.5324337,9
ITGB1,True,1.3435863357606341,1.9322871671375488,0.8170602,3
NRP1,True,0.06698157894810584,2.172811259600134,3.0017266,10
PARD3,True,0.033357804280275266,1.8187943297137807,1.9638383,6
ZNF248,True,0.1836109505772338,1.5428681638798618,1.2312382,5
AC068707.1,True,0.0068820088473281775,1.306611715484451,0.5805029,3
WDFY4,True,0.6610929601319271,1.9637439396100576,1.8263562,8
AL138760.1,True,0.0506174147150487,1.412709435236628,0.8561031,4
PRKG1,True,0.06402332366129401,2.009116805660097,2.505718,6
LNCAROD,True,0.008674829309154941,1.4594947627916481,0.9700672,4
ANK3,True,2.106729487673778,3.2735926813451064,2.7678761,10
CABCOCO1,True,0.004434988155883251,1.29871535991273,0.5599814,3
LINC02625,True,0.003659607586115206,1.4655968089265337,1.0248231,3
RTKN2,True,0.19182915740274614,2.248080245332492,3.3227806,10
ZNF365,True,0.09069274113605648,1.774058946853603,1.8524252,9
CTNNA3,True,0.07401808651725399,1.911287694632361,2.273266,10
LRRTM3,True,0.005940878118776672,1.5885922268495807,1.3917923,5
TET1,True,0.07846761439930776,1.480604692845469,1.0491753,3
STOX1,True,0.009851274544829022,1.423909342590049,0.86881155,3
COL13A1,True,0.024526800330127576,1.6766863030856456,1.6436118,7
PRF1,True,0.6695282929946664,2.143993578943206,2.2954082,9
PSAP,True,1.5537702887215945,2.1737722908214345,1.1597649,5
MCU,True,0.6376201424578322,1.7167553296457227,0.958254,4
CFAP70,True,0.08585192268457531,1.5377126814237194,1.2085057,5
USP54,True,0.10463858388148442,1.5012595039095809,1.1104819,4
LRMDA,True,1.72681544994547,2.8357035390850163,2.3744364,8
KCNMA1,True,0.06862690795524189,1.7253319820536366,1.703514,8
BMPR1A,True,0.29505879337923024,1.7354960169481342,1.6567513,10
PAPSS2,True,0.16724940156896162,1.7660227590152178,1.9081606,9
RNLS,True,0.3226282107879362,2.172924574909729,2.9706788,10
ANKRD22,True,0.01711412164800452,1.405900180116162,0.82895064,3
ACTA2,True,0.12062806230431297,1.4827030562080703,1.0372053,4
IFIT2,True,0.22897438240287019,1.9418161535169702,2.265738,7
IFIT3,True,0.20387122692915235,1.7019793325580541,1.5336565,6
SLC16A12,True,0.004370141154274609,1.377544263571254,0.75698024,3
LINC01374,True,0.16836909622683843,2.720209695408965,4.4263563,10
HECTD2,True,0.07963731403270377,1.5157896660670922,1.1430209,3
SLC35G1,True,0.04297228516247267,1.4665595141131529,0.99831456,4
ACSM6,True,0.0109555813658166,1.4694745673381633,1.0315433,4
SORBS1,True,0.08309270894445962,1.6232399295909326,1.4674913,7
ENTPD1,True,0.7855642356309388,1.7936756714295625,1.1294374,5
BLNK,True,0.1372660408819513,1.7840399731813463,1.8366562,8
RRP12,True,0.46768998370084536,1.5456736228813033,0.72984356,3
CNNM2,True,0.30526400404731785,1.6332734514950515,1.274518,7
SORCS3,True,0.11875395252638805,1.9468101959313038,2.3582637,10
LINC02661,True,0.0032257912199513974,1.469043758675831,0.9874392,4
ADD3-AS1,True,0.06666113245711733,1.5986531139107902,1.3895278,8
RBM20,True,0.033744078377576744,1.5450443673703513,1.2452326,4
TCF7L2,True,1.0115223651549936,2.477676922091054,2.6893108,9
ABLIM1,True,1.041147752904525,2.1944464719364034,1.8512746,7
ATRNL1,True,0.019077213163123732,1.5696048525692412,1.2536694,5
CASC2,True,0.011419762355117078,1.449172350832606,0.9559939,3
AL157388.1,True,0.008912135404025566,1.386226311368441,0.77772015,4
GRK5,True,0.9144728265535393,1.722397216857786,0.6926511,3
ACADSB,True,0.23982237844677243,1.489316486921462,1.0873754,3
LINC02641,True,0.041538792506731495,1.5647971832509089,1.2638084,6
CTBP2,True,0.9655589854144961,1.8618732303520116,1.0726113,4
MMP21,True,0.0327613575829519,1.3185028282635827,0.6275928,3
FANK1,True,0.01583631988965545,1.4281057557094141,0.91063696,3
ADAM12,True,0.11840147835052406,2.3028871604542624,3.3430333,10
PTPRE,True,1.4048821246072598,2.081213252157119,1.0588503,5
MKI67,True,0.03621834809051286,1.9923307943984985,2.4532478,9
LINC01163,True,0.09893786844668448,1.6935423877597593,1.6411302,8
LINC02646,True,0.03275792205712249,1.6644320410629008,1.5303859,7
TCERG1L,True,0.012016841923096475,1.587968702515196,1.352457,5
SCART1,True,0.09572229797559392,1.4694107517268207,1.0442202,4
IFITM3,True,0.1482302316430126,1.4169432132238546,0.8137391,3
KCNQ1OT1,True,0.34877521309551157,1.640711191738022,1.1470213,5
CDKN1C,True,0.1301402047643307,1.7367355517364604,1.792662,9
OSBPL5,True,0.5210826243014183,1.7411626865568564,1.2287911,3
AC127526.2,True,0.027075239508623904,1.473542365461959,1.0100088,4
HBB,True,0.03305651878475118,1.4974896155615007,1.1202941,4
AC104389.5,True,0.17671039695983146,1.5856743167559944,1.3461922,7
AC087280.2,True,0.005827519961621843,1.4088353882340097,0.9035995,5
STK33,True,0.04922657847409562,1.8179136747442506,1.9995177,8
SWAP70,True,0.6849938343797931,1.6514715197086232,0.7281609,3
LINC02709,True,0.005608904931338017,1.4947346747979229,0.9844962,3
SBF2,True,1.6683408150662835,2.133940244772344,0.8856382,3
LINC02752,True,0.007889899799274389,1.339067178699217,0.6491717,3
GALNT18,True,0.010489032819065713,1.684708428037725,1.5568812,8
AC104383.2,True,0.0027180518980563727,1.3165398018991137,0.62780803,3
TEAD1,True,0.00764326937587078,1.575646051283705,1.3275197,4
SPON1,True,0.15959787851095525,1.8979846491085588,2.2093723,10
RRAS2,True,0.8727628411683351,1.820523595364707,1.0110146,3
PDE3B,True,2.2286807793375156,2.770188867007562,1.5537632,7
CALCB,True,0.06948727666504635,1.699176502164023,1.6525191,9
SOX6,True,0.04323242337751114,1.6780359606140032,1.6454552,7
PLEKHA7,True,0.07417141295937854,1.5492155931909806,1.21483,4
LDHAL6A,True,0.020227808195918462,1.430015416181306,0.8855955,3
NAV2,True,0.042649384365699025,1.7820054354751218,1.876862,9
ANO5,True,0.10549630171876781,1.6140642930960347,1.4207617,8
GAS2,True,0.06863242438212232,1.6076461794972232,1.4106659,6
AC006299.1,True,0.1630895095086796,1.6951420924172047,1.6812233,7
LINC02718,True,0.017782378281818674,1.4549248479236494,0.9754584,3
LINC02726,True,0.003218584145869241,1.4979313995537873,1.4651755,3
BBOX1,True,0.001255347578189191,1.364534118282231,1.1491021,3
BBOX1-AS1,True,0.0026909867111191864,1.1665131675668639,0.60213596,4
CCDC34,True,0.011490210576342117,1.3805802839238832,0.80728656,3
LGR4,True,0.05708987251887722,1.6780933521879562,1.5710069,9
BDNF-AS,True,0.10567816690570739,1.836364887502992,2.054932,10
AL358944.1,True,0.012599678894158348,1.541036072671079,1.1829389,5
MPPED2,True,0.03866938389100878,1.5927184337479752,1.3805015,6
DCDC1,True,0.024143469559120324,1.637165688895968,1.4826165,6
ELP4,True,1.007215106301618,1.9754437854103535,1.3992674,8
AC131571.1,True,0.22561040937790686,1.4554619146972196,0.77485967,4
ABTB2,True,0.15009746266797092,1.8020462542742872,1.9521093,8
LDLRAD3,True,0.256917947760979,1.5259885645248112,1.0529944,4
AC021723.2,True,0.014758567030671446,1.3844494885065077,0.7401002,3
C11orf49,True,0.5116956543868162,1.764659265495809,1.3403702,7
SPI1,True,0.6500010030044547,1.5935053091031781,0.7006883,4
GLYATL1,True,0.028335737429159413,1.4157744374650005,0.8406787,4
AP001636.3,True,0.12004721231349595,1.9602426586276736,2.2653747,8
FAM111B,True,0.08682394857150388,1.5743813142048406,1.213313,5
MS4A2,True,0.0013791465558882598,1.3302285613998979,1.0515844,3
MS4A1,True,0.43517770835503666,2.411872895475117,3.4358864,9
CD6,True,0.9856779381709421,1.826065613153745,0.9290369,4
NEAT1,True,3.159456967396207,3.4851390313707484,1.3941965,6
SNX32,True,0.029430994754668954,1.341164428596818,0.62582624,3
CTSW,True,0.46544442014562215,1.583617662034467,0.86908317,3
C11orf80,True,0.2605514048430161,1.543981039991867,0.9813466,3
CTTN,True,0.007273436703223378,1.3329552843008585,0.6723126,3
ALG1L9P,True,0.0474473688506068,1.3827478717487178,0.79829633,3
FCHSD2,True,1.7049794885516267,2.3967439895402753,1.6087409,6
FAM168A,True,0.6840094871894025,1.7083454674507312,0.9348469,4
PGM2L1,True,0.21585355663002118,1.5903885306112255,1.3526545,8
AP002812.2,True,0.28728380165476824,1.5806087306628251,1.0141643,4
GAB2,True,1.8642664833911788,2.5355110016863653,1.5211923,6
AP003086.1,True,0.9177503158432675,1.7583661323199493,0.7781921,3
NARS2,True,0.3856286623027588,1.6683748688203086,1.2918656,8
TENM4,True,0.03390371295185263,1.4287138628781206,0.90886676,3
MIR4300HG,True,0.01284703002190866,1.325410379012887,0.57454747,3
RAB30,True,0.5626952203501885,1.8219984191986167,1.4602245,7
AP000446.1,True,0.03683079401113096,1.6514157783721366,1.5303739,7
DLG2,True,0.5637162096587804,2.5615731986218586,3.8064082,10
AP001825.1,True,0.026977489223658002,1.6136316438671436,1.4182533,8
SYTL2,True,0.7466634119686449,2.0050552911469692,1.871323,10
AP001831.1,True,0.03477320439099161,1.606029933399419,1.401767,5
ME3,True,0.056563307302789176,1.4270228292526688,0.87974465,3
PRSS23,True,0.2305353853480805,1.8591828227871177,2.01837,9
FZD4-DT,True,0.009143990629813617,1.3327470629631817,0.6399145,3
AP000676.5,True,0.007076289743331544,1.7437992848573782,1.7687324,7
DISC1FP1,True,0.3592138359584559,2.5750301427367486,4.295621,10
AP002383.2,True,0.08588357437777214,1.7437176105840488,1.78874,10
AP000787.1,True,0.6335567991361948,1.8443428850952652,1.4450027,7
SESN3,True,1.6651393414720363,2.7537605266221523,2.5039947,9
AP000820.2,True,0.05561772873814713,1.7284023075026163,1.74736,6
MAML2,True,2.4271479400403306,2.8236666984160075,1.2695475,5
ARHGAP42,True,0.12431783396608373,1.7596644105261816,1.7831043,8
ANGPTL5,True,0.012393296836917606,1.4048246313908666,0.77134454,3
CEP126,True,0.13470403777667103,1.5907274676299463,1.3605824,9
DYNC2H1,True,0.19462185665292278,1.7156143076286117,1.7192802,9
AP002989.1,True,0.07507334451229036,2.0619673942668557,2.6688855,9
PDGFD,True,0.7054467657019566,2.5217843749554922,3.5071871,10
SLC35F2,True,0.12977874410508072,1.4755457946755377,1.0489851,3
RAB39A,True,0.09893811083307112,1.3362710778690228,0.6325518,3
EXPH5,True,0.10033172866979731,1.6840287035161488,1.628613,8
DDX10,True,0.6517613427886474,1.7127242474101743,0.9625205,3
ARHGAP20,True,0.02906984521289846,1.4981511656684945,1.1052619,3
LINC02550,True,0.01881099351537742,1.8898518671181672,2.1726573,8
POU2AF1,True,0.08625900367547143,1.5189428491891148,1.0633242,4
LINC02762,True,0.1120868101373838,1.4921495769629491,1.0900682,3
LINC02763,True,0.03595186126339891,1.495111213592485,1.1275461,6
NCAM1,True,0.4570426973223271,2.5968033199742115,4.338853,10
ZBTB16,True,0.8297655529798702,2.11211349232408,2.1002426,8
CADM1,True,0.18612005297401424,2.2492073799392247,3.1636844,10
DSCAML1,True,0.0661980061571046,1.8019234672469355,1.9172686,9
USP2-AS1,True,0.02591148234975834,1.3469935819042607,0.68025523,3
ARHGEF12,True,0.2688080005787894,1.7492754390241114,1.6731459,8
GRIK4,True,0.08176249703055713,1.8310876025280738,2.0117905,7
AP001977.1,True,0.14759464040348846,1.888675486590304,2.204414,10
MIR100HG,True,0.01746375912776869,1.5885883664939777,1.3917854,5
AP002762.2,True,0.16618300197413957,1.356188581440321,0.7154132,3
CRTAM,True,0.13545210407098326,1.619355708863981,1.4278868,5
JHY,True,0.05964774637935555,1.5290061538487152,1.2217784,4
GRAMD1B,True,0.38006680468055176,1.5558941094436098,0.8693536,3
NRGN,True,0.1883600856620717,2.010361561080284,2.4060233,7
CDON,True,0.015248937736488607,1.4844434000604476,1.0656295,5
ST3GAL4,True,0.1684730679548669,1.4656908099783683,1.0394623,4
LINC02725,True,0.11006920091424093,1.966690200214257,2.3941011,9
ARHGAP32,True,0.3424405528963684,1.6251495392339002,1.154634,5
AP003500.1,True,0.013288146594767212,1.4028793303922202,0.82599586,3
AP003327.2,True,0.057632920283483394,1.418638637914237,0.88511384,3
TMEM45B,True,0.0831500886331973,1.5476865434934932,1.2527398,6
ZBTB44-DT,True,0.030654995428963626,1.465587755901074,1.0059458,4
NTM,True,0.019841018483873145,1.6394370483977068,1.4633166,6
OPCML,True,0.016320454147505773,1.554095328290452,1.2036198,5
JAM3,True,0.09259170672705577,1.6753518477091962,1.5950286,8
B4GALNT3,True,0.025867003192841926,1.4560228880953203,1.0028859,5
WNT5B,True,0.07053194277781884,1.4220382661919584,0.8570395,3
DCP1B,True,0.14955517310202557,1.5295186718107365,1.2035351,6
TSPAN9,True,0.016306695385251094,1.3606281826224036,0.7141111,3
ANO2,True,0.006829695320889557,1.3768633678360969,0.78467613,3
CLEC4C,True,0.02199612276837661,1.657942553272213,1.5140861,7
SLC2A3,True,1.3257479127740568,2.134932594898685,1.3776692,7
CLEC4E,True,0.15178735735866217,1.408684178455683,0.8183783,3
KLRG1,True,0.3731128614468957,1.6308015753508354,1.072068,4
LINC00612,True,0.289235053113266,1.5739076535747136,1.0889878,4
A2M,True,0.5538528765990937,1.8585388633997995,1.583547,7
PZP,True,0.4338850595717398,1.7653408492613765,1.5026567,8
KLRB1,True,0.30770415354395253,1.8008712072140967,1.659057,9
CD69,True,1.18743178988975,1.9166471992604575,1.0058907,5
KLRF1,True,0.4155114679874812,1.9689684425316514,2.1534703,9
CLEC7A,True,0.9709561672197087,1.9600120516765176,1.3140315,6
OLR1,True,0.04163240588237331,1.5736242109453074,1.3099774,4
KLRD1,True,0.5584339880545219,1.952770045602468,1.8547136,9
AC022075.1,True,0.22671405263491562,1.4895312977674666,0.94708383,4
KLRK1,True,0.5076740917263027,1.7333047780879671,1.2143929,3
KLRC3,True,0.15861373103782633,1.6926635598267201,1.6225959,9
KLRC2,True,0.15310271619672006,1.7920008032509696,1.9370757,8
KLRC1,True,0.12892396257243793,1.9176885133538093,2.2621534,10
LINC02446,True,0.14493177108083172,1.738525946220904,1.7702423,8
STYK1,True,0.029808068326172766,1.5253666283359262,1.1491008,6
YBX3,True,0.4429257019061076,1.5810907916935093,0.8256909,3
PRH1,True,0.598784395434039,1.7256546597720388,1.222387,7
AC244131.2,True,0.27577660555855343,1.656791199843764,1.3392812,7
LINC01252,True,0.051693212399585554,1.5023160591381406,1.1102837,3
ETV6,True,1.9515644941432089,2.2120055389579205,0.83601844,4
BCL2L14,True,0.04735536707600105,1.4393334357095062,0.98439884,5
LRP6,True,0.04379896547225658,1.48908209847126,1.0692098,4
DUSP16,True,0.5947992550324416,1.7584916754167108,1.1518476,5
APOLD1,True,0.25852084605005876,1.6757490211152053,1.450271,8
EMP1,True,0.08654818519950547,1.5477585526978652,1.2350236,6
AC010168.1,True,0.06871792691497185,1.571992831625557,1.3177458,5
EPS8,True,0.3231338280244927,1.8757655754712617,2.0465431,10
MGST1,True,0.10660698504801572,1.5693417065714792,1.2741898,7
RERGL,True,0.00438414747572286,1.1883191999195626,0.61165786,4
PLEKHA5,True,0.3425541041308889,2.0061553082419303,2.4511237,10
AC024901.1,True,0.04375870326933439,1.9806097850492286,2.4767616,10
LINC02398,True,0.004678036972655199,1.3468938673860742,1.0337578,4
AC008250.1,True,0.002264988326340846,1.3988766184924448,0.87997824,4
ST8SIA1,True,0.3129313781956061,2.15196753410287,2.884137,10
AC084816.1,True,0.050031539404461964,1.460539454327216,0.974704,4
SOX5,True,0.21968054079189123,3.6851895254365665,7.672059,10
RASSF8,True,0.021364758516545772,1.5391626314292655,1.2417474,5
SSPN,True,0.034047942131649585,2.0772959664527404,2.6736734,8
PPFIBP1,True,0.04710431379261622,1.4646102692860459,0.9919509,4
OVCH1-AS1,True,0.12531041272306714,1.9045402660947215,2.1593912,10
TMTC1,True,0.207823640313089,1.9946127552304023,2.570957,9
DENND5B,True,0.35642450673015996,1.9957380470572548,2.167708,9
AMN1,True,0.3156944406202458,1.5602929318405347,0.9825394,4
BICD1,True,0.562401673967422,1.7996152283736087,1.3093541,7
FGD4,True,0.919438773818969,1.9917077410184134,1.5130924,7
CPNE8,True,0.8708731861332296,1.7476972447331167,0.8795932,3
KIF21A,True,0.3722234257564718,1.7062692198920537,1.3188037,7
ABCD2,True,0.3716931682768983,1.669987432082123,1.2053529,4
C12orf40,True,0.13447698330202704,1.5013250303494876,1.0850698,4
SLC2A13,True,0.6021246595837837,1.8184847533302417,1.3269607,5
LRRK2,True,1.124033860490425,2.0986790912725555,1.3420485,6
PRICKLE1,True,0.12831463927179182,1.7636439213684607,1.7324743,7
TMEM117,True,0.7762070818766068,2.1384123498276773,2.1150787,10
NELL2,True,1.4699626840299864,3.083970983237937,3.7327917,10
AC008014.1,True,0.6895503714914989,2.249838921556059,2.7153087,10
PCED1B,True,1.3864930118270855,2.1828904449075983,1.4140769,7
SPATS2,True,0.2630272036807292,1.5307755799578309,0.9789381,3
PRPF40B,True,0.16991873748226793,1.5237557011181357,1.0983431,5
BCDIN3D-AS1,True,0.005238643746736717,1.534784007435061,1.2014085,5
ATF1,True,0.28719935088662585,1.4915611179183794,0.909632,4
TMPRSS12,True,0.005017119831410329,1.3737254948652529,0.7225231,4
SCN8A,True,0.03769630279406438,1.5541182015527872,1.2518631,6
TESPA1,True,0.791607131923871,1.828246951252121,1.132097,3
ATP23,True,0.02812762325409785,1.4020845404705062,0.8111538,3
LRIG3,True,0.0011598558588107547,1.1410808729891306,0.82123,3
TAFA2,True,0.5562175464204221,2.2400376021765274,2.840148,10
SRGAP1,True,0.16556216069738228,1.562914448745638,1.172158,4
LINC02389,True,0.005990268984032392,1.3973089886730128,0.83589435,4
MSRB3,True,0.02565613201443533,1.5720324204584948,1.2890273,6
IRAK3,True,1.3753018665592367,2.3660170620878103,1.7406144,7
GRIP1,True,0.20749462802533292,2.2775185541317375,3.4090102,10
IFNG-AS1,True,0.8591599250817847,3.148693253639198,4.981189,10
IFNG,True,0.12696393620799526,1.5870965046122942,1.2690005,5
IL26,True,0.031480178840442095,1.5268433872633127,1.179458,5
LINC02384,True,0.30562633306041576,1.6638912057257422,1.3131623,8
CPM,True,0.2084181096710275,1.4932334277353907,0.98402464,3
LYZ,True,1.860981474799599,2.9792037136737504,2.4453967,9
AC025263.1,True,0.018897727456959064,1.3381641519164902,0.6820068,3
AC025159.1,True,0.4177694990778248,1.6160902833715227,0.946464,3
KCNMB4,True,0.12195416658737265,1.5669136735193572,1.257063,6
AC025569.1,True,0.020518097029728146,1.5440669279371118,1.1762213,7
PTPRB,True,0.012954966420438113,1.3823402418362067,0.7284764,3
PTPRR,True,0.011517229913785534,1.4601531847382165,1.0012472,3
AC090015.1,True,0.024045216346492034,1.46201516524405,0.93143606,5
CAPS2,True,0.14387173058554276,1.6685463277021213,1.5737672,8
GLIPR1L2,True,0.013519321491349984,1.2040199729921213,0.6820423,3
AC107032.2,True,0.029319082894630553,1.4853095014954358,1.0634893,4
NAV3,True,0.03027408805663793,1.4960466087587316,1.048373,3
SYT1,True,0.06416752844086888,1.8683299975318952,2.0931914,9
AC027288.3,True,0.016716255282282967,1.429166262563978,0.9474202,4
PAWR,True,0.1850105791752638,1.7182448601327536,1.6032301,8
LIN7A,True,0.3370623610211891,1.7885457878476534,1.729188,9
TMTC2,True,1.0396310074522457,2.2450078344244475,1.9771852,10
MGAT4C,True,0.05116303775279635,1.3490493759861777,0.6451129,3
LINC02458,True,0.05787257952549857,1.4205097867881755,0.8963588,3
DUSP6,True,0.4037143935395278,1.5157141495073572,0.8048598,3
ATP2B1,True,2.3943360700803344,3.000345035773585,1.5381619,4
AC009522.1,True,0.23385151692521725,1.707856960958005,1.4906125,6
LINC02391,True,0.10349893495828548,1.6143847974572032,1.4161029,8
LINC02397,True,0.07380510768600275,1.6638986219656342,1.5595742,7
C12orf74,True,0.031762522095004034,1.5001300513177842,1.0847609,5
CRADD,True,0.7961534880813357,2.1164883107941757,2.0381148,10
AC012085.2,True,0.08712977744828257,1.3753675047494394,0.7831869,3
AC012464.1,True,0.011793595012040445,1.3055660569940586,0.5902911,3
NTN4,True,0.021187209512989837,1.5749600263924342,1.3101633,5
AC016152.1,True,0.008692483377269715,1.218417844277702,0.7188953,3
IKBIP,True,0.14103772478235396,1.503305296082892,1.1104925,4
ANKS1B,True,0.05715643357189929,1.459661171686573,0.96274513,4
CHPT1,True,0.721589493849407,1.7803247246816842,1.1065236,3
AC068643.1,True,0.013644120104143936,1.5517212697036826,1.2522697,4
C12orf42,True,0.36947590038804246,1.8749151898274483,1.9100572,9
SLC41A2,True,0.13250546847850406,1.6797998939433914,1.5452131,7
C12orf75,True,0.2767056220816194,1.5815547901183462,1.1296773,5
NUAK1,True,0.03738013451421564,1.6792798200066155,1.5904411,9
RFX4,True,0.01411844734629831,1.4066592225951946,0.88315296,4
RIC8B,True,0.3144947640033254,1.5498410402294844,0.9039791,3
CRY1,True,0.9044885795539095,1.7995293558023344,0.93003464,3
BTBD11,True,1.005219209007802,2.318046047346033,2.328929,10
CUX2,True,0.07492288549829511,1.9059545034925591,2.1869578,7
RNFT2,True,0.07974261114673901,1.4892967718024206,1.0411894,3
HRK,True,0.06483616188142591,1.638996952697111,1.4784641,6
AC002070.1,True,0.015016465440604851,1.389913834869838,0.7231499,4
BICDL1,True,0.4157476609415228,1.6924904672163332,1.1444697,3
AC125616.1,True,0.0018805831713009605,1.2041670752922342,0.5950609,4
BCL7A,True,0.10410528316632081,1.5389909788766736,1.2274834,4
PITPNM2,True,0.2596939912942039,1.525574252508563,0.9884766,6
AC007368.1,True,0.020761877640568548,2.0398532910730376,2.6154873,8
LINC00944,True,0.17637746490689518,1.6807107362602873,1.5289843,8
GLT1D1,True,0.5897310124609755,1.8037813840853112,1.3510704,5
ZNF10,True,0.32297127523202424,1.5580710476074326,0.9378598,3
TPTE2,True,0.027563649337582923,1.5803493036930476,1.3397236,5
GJA3,True,0.002840150811535192,1.2482634155968495,0.81410193,5
EEF1AKMT1,True,0.06330253789551801,1.4491839286397044,0.96837527,3
AL136962.1,True,0.4145762997409236,2.3724812702298044,3.4832458,10
MIPEP,True,0.38637865248851827,1.6047013181764858,0.97440296,3
RNF17,True,0.018730112148428138,1.349073505069764,0.71972674,3
ATP8A2,True,0.03551397565172908,1.4305823004085965,0.93076086,4
CDK8,True,0.5832189206116194,1.6720917417194905,0.9775577,4
FLT3,True,0.20916394143003889,1.5397775229656057,0.9687833,4
MTUS2,True,0.04067849382310905,1.7565973512172341,1.7889742,7
KATNAL1,True,0.17667168476006956,1.5139025102174686,1.1054443,5
FRY,True,1.274437727383985,2.0304372098279764,1.0737342,4
STARD13,True,0.08218570314868043,1.5910555592518179,1.3458376,4
AL139383.1,True,0.07891547613985932,1.5554690022023443,1.2576058,5
NBEA,True,0.3386428939963323,1.9530502746624137,2.1309612,10
LINC00571,True,0.06542570247715884,1.684924015742078,1.6452509,9
LHFPL6,True,0.04554403807800319,1.6977706346901982,1.6576618,7
LINC00598,True,0.09272969352081069,1.6495948636871844,1.5146912,9
AL354696.2,True,0.08245928743686057,1.5733898834186961,1.3054342,5
RGCC,True,0.3975025983516717,1.6730323441764106,1.2447956,6
DGKH,True,0.45119563234341664,1.8999626301921722,1.9335475,10
LINC02341,True,0.019479937887218215,1.589135303846302,1.3538162,7
ENOX1,True,0.015077959217719311,1.4279924532242891,0.8841461,3
SIAH3,True,0.010359681045289369,1.4402340848103483,0.9568701,4
LRRC63,True,0.015730230586420774,1.5298518676719894,1.1911688,5
RUBCNL,True,0.38443336023480945,1.8589190080228275,1.7848756,9
CAB39L,True,0.15683654915648185,1.5347356574151902,1.2127082,5
DLEU1,True,1.0011349046101723,2.7442949136913515,3.4861443,10
DLEU7,True,0.15725323586097623,1.7634439146232768,1.8769853,7
AL442636.1,True,0.002380789151114937,1.4622861179459448,0.99342835,5
DIAPH3,True,0.035383009043295874,1.9491387669745497,2.3086152,10
LINC00378,True,0.010984514337075823,1.6385488614020258,1.4881334,5
LINC00355,True,0.008292150749465543,1.3855165210191793,0.8315841,3
PCDH9,True,0.3198861335803852,3.1344333848671586,5.435003,10
PCDH9-AS2,True,0.007602264135530987,1.3890952445804179,0.8077405,4
LINC00383,True,0.002648440050134294,1.4249557232072474,0.8893915,3
KLHL1,True,0.009820965337167729,1.3438632706782419,0.6227818,3
DACH1,True,0.37652237605911865,2.251490319242,3.1061382,10
LINC00393,True,0.024234346322936168,1.6362500792937802,1.4818054,7
AL353660.1,True,0.2821684340012665,1.9264011871902966,2.178193,10
TBC1D4,True,0.4222850219765662,1.6196693199196641,0.9808033,4
AL136441.1,True,0.0392933332789693,1.4826355827544364,1.0306917,4
SLAIN1,True,0.323397418379743,1.5343452802746724,0.83781993,3
OBI1-AS1,True,0.014744298344203979,1.364874802948191,0.73036176,3
NDFIP2,True,0.02726563577379476,1.431449542225111,0.917507,3
AL590807.1,True,0.04938995529233848,1.5441754791606612,1.2353308,5
LINC00377,True,0.009092227897065994,1.3972088839928343,0.85069823,3
AL162493.1,True,0.1724730014359559,2.3398402949352337,3.647145,10
LINC00373,True,0.006799774083921564,1.4252352724488815,1.2532871,6
GPC5,True,0.041925816150881645,2.132305838175111,2.9144683,8
GPC6,True,0.024190910178187246,1.700092085345328,1.6624191,4
DOCK9,True,1.026249704918983,1.9751911545767746,1.2705826,6
CLYBL,True,0.5494544258898,1.8096442177389533,1.4455812,8
FGF14,True,0.017263013110569325,1.8224888749392225,1.9391816,7
CCDC168,True,0.005611491183930495,1.471918036929584,0.9840923,5
MYO16,True,0.13175190226509575,2.20461697977753,3.1835039,10
AL163541.1,True,0.16345059995316685,2.043955704160248,2.5665088,9
IRS2,True,0.9564969337241316,1.765128863789462,0.70203835,3
RAB20,True,0.30994452816943663,1.62149012338253,1.2315391,6
AL355075.4,True,0.2738764248747946,1.5998046204426684,1.1559749,4
TRAV8-1,True,0.0017037095426499736,1.1874127983516893,0.68573,4
AC244502.1,True,0.06651231930481305,1.6874318655909044,1.5983139,7
TRDC,True,0.13957249242273045,1.6472420589323704,1.471162,7
CMTM5,True,0.004289770421361071,1.2965167473247645,0.91358346,5
GZMH,True,0.44274678048889893,1.8272938561120635,1.6815895,7
GZMB,True,0.36986749887439824,1.8782651084039839,1.9048873,8
STXBP6,True,0.013912653443786666,1.5638210362371905,1.2692155,7
NOVA1,True,0.008267903745827514,1.697692446651666,1.6953944,6
AL135878.1,True,0.008908382928535716,1.400882206624246,0.8024158,3
PRKD1,True,0.015757639723886656,1.5680041390119548,1.7068363,6
AL133372.2,True,0.0018286787318003831,1.3552849343300537,1.0499763,3
G2E3-AS1,True,0.16171840825535866,1.3084651692284994,0.5959273,3
NUBPL,True,0.744531905850491,1.808092055658312,1.0589759,4
AKAP6,True,0.28811802098168715,2.304291747024662,3.0309987,10
NPAS3,True,0.020477031778242793,1.67868191234052,1.6060293,4
EGLN3,True,0.12723410564439946,1.7562385088500356,1.8182118,8
AL049828.1,True,0.2639330964892051,1.95813158950789,2.270933,10
LINC02315,True,0.022451838560710514,1.9392483860294938,2.3827755,7
LRFN5,True,0.0037512944073091704,1.4009073867362887,0.8496776,3
AL442163.1,True,0.0050066808920928825,1.218452728763094,0.6590197,3
MDGA2,True,0.014648118639487024,1.4256248362591513,0.94547194,3
RPS29,True,1.693051315298856,2.1477310224855364,0.9661145,3
POLE2,True,0.0550323072572456,1.5208585147033093,1.1706349,4
AL627171.2,True,0.37555010586454235,3.055657170107397,5.7570953,7
L2HGDH,True,0.12860314798290254,1.5465749844064587,1.2500238,7
ATL1,True,0.06297631343092402,1.6510126528395528,1.5381142,8
TRIM9,True,0.01681586550420782,1.4965582082745397,1.0928483,4
GNG2,True,1.699660210669066,2.2060998303475516,1.1267251,4
PTGDR,True,0.2378117381508907,1.5826058705569597,1.1872041,4
GPR137C,True,0.04278633634204702,1.5120894549635526,1.186562,5
AL139317.5,True,0.06082256675683364,1.6238370733160992,1.4735725,6
AL365295.1,True,0.4197760772254232,2.103866514029906,2.7358599,10
SAMD4A,True,0.27210411592693673,1.7679615497924999,1.7920053,9
WDHD1,True,0.1045845702375856,1.4693930655496694,1.0141401,3
KTN1-AS1,True,0.04016661550219709,1.486814717417479,1.0835772,5
LINC02284,True,0.2851952122291254,1.5813714917138797,1.0405816,5
AL391152.1,True,0.002401376360572708,1.3649470371751793,0.7057217,5
AL139021.1,True,0.10317700870990953,1.395070359441587,0.8154978,3
LINC01500,True,0.05344699573428909,1.62668496042889,1.4657961,9
DAAM1,True,0.4486664754910966,1.7046834398812851,1.2062227,6
RTN1,True,0.6075872723281874,1.8596494151196457,1.5421525,8
AL157911.1,True,0.022644133366888877,1.782447453659127,1.8914162,9
PRKCH,True,2.5268486593391755,2.7826314661485534,1.1069396,4
AL359220.1,True,0.1955776173086996,1.6663222867251395,1.5792019,9
AL355916.1,True,0.34721669886112755,1.6751315168915546,1.2924472,6
HIF1A,True,2.12933930299647,2.4639661830041897,1.016512,3
AL122035.1,True,0.124896293594114,1.488934380487175,1.0915964,5
AL355076.2,True,0.04347052216846253,1.6096270020877654,1.3567041,4
FUT8,True,1.1778179167711573,2.0953989955020234,1.4550897,6
AL359232.1,True,0.2795744999276943,2.2603206798789564,3.2598312,10
GPHN,True,1.1254659295413423,2.203853220717451,1.7939881,10
RAD51B,True,1.678605901639034,2.251427696250912,1.4212195,7
AL357153.2,True,0.114908112845753,1.528468291810439,1.192849,6
MAP3K9,True,0.15717483311587224,1.4978725164058027,1.015778,3
AC004817.5,True,0.03428766752843263,1.5450714019320446,1.230244,5
SIPA1L1,True,2.351056857817931,2.547976667416732,0.9101898,4
RGS6,True,0.02578426889605621,2.052902106332639,2.6817102,7
DPF3,True,0.046675206845755,1.4687987371160431,1.0028589,4
FOS,True,1.036642247535942,1.896277896845652,1.0357057,3
FLVCR2,True,0.4251819047101698,1.6775021701824062,1.1694888,4
ESRRB,True,0.029578186598479127,1.4959367524599456,1.0790782,3
DIO2,True,0.006974833253889044,1.710553733028402,1.6842153,6
DIO2-AS1,True,0.012279924114601702,1.3664936454293062,0.7322069,3
CEP128,True,0.6471109673696901,2.020999591697766,1.9770974,10
TSHR,True,0.0828283701663143,1.8207998567069048,1.9945152,8
AC007262.2,True,0.08611151931184213,1.5879723049015702,1.3588109,6
LINC02328,True,0.9669502851402466,1.9617010932600885,1.3707151,7
LINC02316,True,0.09589233619326354,1.4023546505799418,0.8676782,5
LINC02296,True,0.004300442575475256,1.3672593697062072,0.6331652,4
LINC01146,True,0.09995763899896225,1.703409605534826,1.633065,7
SPATA7,True,0.07040675902285547,1.463705583884217,0.9906355,3
EML5,True,0.1973709269998728,1.796170016668129,1.9406376,9
EFCAB11,True,0.10099467205675776,1.6892096704892574,1.6374404,7
CATSPERB,True,0.40931744554340704,1.6226961595897538,0.99286187,3
TC2N,True,1.7051997124920042,2.408812584749612,1.588316,7
SLC24A4,True,0.41872496798541203,1.6443113039687112,1.1540836,3
PPP4R4,True,0.0368066664375371,1.547387172138087,1.2379175,5
TCL1A,True,0.04077633253134609,1.4576995528877066,1.0105321,6
AL139020.1,True,0.018234709788658494,1.5059809392110508,1.1114334,6
LINC02325,True,0.1298775825851715,1.6066532139056087,1.4328791,7
LINC01550,True,0.28562998728907263,1.6422238554849802,1.2392911,7
AL163932.1,True,0.10984969089459704,2.197476310735753,3.0408635,9
BCL11B,True,1.8623041898332324,2.413774612051864,1.2748095,6
WARS,True,0.8053960704354344,1.9956760245015825,1.7489897,6
MEG3,True,0.01628481344128554,2.0118709952570875,2.5943134,8
MEG8,True,0.024051725058740793,1.8983459673557728,2.2187023,8
LINC02320,True,0.07921854842589775,1.6066187572858326,1.4139127,8
TECPR2,True,0.23401975711163364,1.4935631810778904,0.92820686,4
PPP1R13B,True,0.2369512810442727,1.6064816642634856,1.352312,7
PLD4,True,0.05132326716326161,1.4438398446260172,0.94515866,5
IGHA2,True,0.01563993040562404,2.2585397439462476,3.1496987,8
IGHG4,True,0.009903161906048489,1.4090397446871028,0.8900673,4
IGHG2,True,0.031293675435948735,2.568891576034858,3.914499,5
IGHGP,True,0.02401404160044324,2.7713911695908324,4.5934696,7
IGHA1,True,0.22929461801980172,4.647521507482288,10.827143,8
IGHG1,True,0.05987402960951601,2.8656210937133393,4.808754,7
IGHG3,True,0.03063326223016043,2.4772281886346583,3.8696437,8
IGHD,True,0.22428741699491198,1.9920539626637335,2.273704,8
IGHM,True,0.6224610608253164,3.848686119795179,7.4582834,10
IGHV3-7,True,0.0019720063837960883,1.3877184748911824,1.4021182,4
IGHV3-23,True,0.0059620240513230645,1.7536478521510113,2.127957,7
MKRN3,True,0.033671400007651314,1.5489197927896659,1.2578226,5
GABRG3,True,0.006003983025188187,1.3197056232295779,0.57079095,3
OCA2,True,0.010012549998206227,1.6066641260055405,1.387341,5
APBA2,True,0.8885548079244538,2.05863929285122,1.7133936,9
ARHGAP11B,True,0.1343706580191036,1.495329313979029,1.0979985,5
OTUD7A,True,0.08281397882334715,1.4653948227054499,1.0281738,4
FMN1,True,0.5068692437938912,1.8850380242848044,1.7317282,9
AVEN,True,0.2691210014251001,1.6844686768990609,1.4524778,7
CHRM5,True,0.09785182248388358,1.4161358613293937,0.89830095,4
NUTM1,True,0.0108909414095913,1.306983310741145,0.5307914,3
AC021231.1,True,0.06400575377487701,1.7364676380128103,1.7836543,9
DPH6,True,0.5715738149180268,1.979547184907884,1.9731094,10
DPH6-DT,True,0.03305322975561516,1.6936733931235675,1.6514508,6
C15orf41,True,0.3418833665135887,1.8882271119229053,2.0347698,10
MEIS2,True,0.01698695959428417,1.8539007853083476,2.1477575,7
SPRED1,True,0.27210324329836516,1.888937292235947,2.0949323,10
RASGRP1,True,1.213493966224562,1.800900698664235,0.6532696,3
LINC02694,True,0.4896749849040634,3.3928618450426407,6.5875015,10
AC013652.1,True,0.17916290199847848,2.0720014056319287,2.7885997,9
THBS1,True,0.4159905271456464,2.6662915906444504,4.507309,10
KNL1,True,0.09790468334796042,1.508055518877626,1.1414868,3
OIP5,True,0.03920640245648251,1.3610561567126915,0.73546535,3
STARD9,True,0.1426266377244644,1.4840700061966001,1.0458362,3
PPIP5K1,True,0.05732470788940145,1.4688367197100032,1.0261401,4
FRMD5,True,0.044827975616122305,1.633895836638049,1.4552531,6
SLC30A4,True,0.08082941755230288,1.5032218872614238,1.0941454,3
MYEF2,True,0.2518549610327675,1.482292240706546,0.8609997,4
FAM227B,True,0.11592082854393566,1.6024194658480984,1.3830537,8
FGF7,True,0.007254185321260305,1.5044279522651778,1.0747206,4
ATP8B4,True,0.5974070500011716,2.070817019413263,2.1794753,8
SLC27A2,True,0.025527916919422217,1.5585316955478472,1.2556664,5
HDC,True,0.003889103414208698,1.875159550226583,2.2279682,5
AC021752.1,True,0.118182670222579,1.4833398730353715,1.0960019,5
DMXL2,True,1.3110807785430956,2.424422875471827,2.2737021,8
NEDD4,True,0.14993372338450295,1.5698955423079846,1.2584924,5
TEX9,True,0.09114862852828773,1.9427402804674905,2.3432448,10
AC090518.1,True,0.03202534676851991,1.5250076309223721,1.1719738,3
AC090517.5,True,0.09262730720566746,1.4557124007377698,0.9585259,4
LINC00926,True,0.3197666832779183,2.0569955325489344,2.3972723,9
CGNL1,True,0.006326774378533237,1.3870800255792104,0.7178497,3
ALDH1A2,True,0.2426212291875575,1.546342257494876,1.1360167,4
AQP9,True,0.5060681708093592,1.9826518173968473,2.1158347,9
LIPC,True,0.08564339486984399,1.6205903117533498,1.3971597,6
MYO1E,True,0.3937692466402849,1.69839501715133,1.3034848,6
RORA,True,2.1107664337167464,2.7922751561974763,1.6420578,7
AC104574.2,True,0.0063081345591947694,1.3731068279099283,0.67497104,4
TLN2,True,0.03968057333935192,1.5134163287790745,1.1463389,5
DAPK2,True,0.09365517268625215,1.6927259085399105,1.6436528,8
MTFMT,True,0.15087195068644887,1.4611373734349846,1.0111549,4
IQCH,True,0.07698347251629506,1.6734716966632104,1.6010455,8
IQCH-AS1,True,0.14087170654616327,1.4995336708587352,1.0964321,4
LRRC49,True,0.006563742893425187,1.3663406608829427,0.6735103,3
THSD4,True,0.021757328962245727,1.360479676805926,0.6897211,3
HIGD2B,True,0.0018424407466147471,1.2741059761609894,0.5375161,4
NEO1,True,0.24870504825542286,1.746509769449854,1.7216884,9
LOXL1,True,0.014543701920588136,1.4342305183906296,0.909108,3
PPCDC,True,0.3999798350048532,1.5834554369154215,0.8326802,3
NRG4,True,0.07689594154310984,1.5182832696075017,1.1432383,4
CEMIP,True,0.1258182699442662,1.4462450229602934,0.9809543,4
TMC3-AS1,True,0.04250851052828954,1.5666266080635938,1.3250215,5
AC104041.1,True,0.05712086735003077,2.2194809249260645,3.1582906,10
EFL1,True,0.34934630909640463,1.5066317058346894,0.7902275,3
HDGFL3,True,0.2297295748211229,1.6202785225894474,1.4047599,9
SH3GL3,True,0.0022297188790075906,1.5024092257011852,1.0494221,3
AGBL1,True,0.030665995496460634,1.4360280682114894,0.88531095,4
ANPEP,True,0.4731614516838298,1.8671714875492256,1.5784384,5
AC104035.1,True,0.05819393361433911,1.8340562124802484,2.045747,9
AC091078.1,True,0.020860466451853178,1.4154429766856855,0.8465308,3
AC110023.1,True,0.0032657732593478804,1.2073295605904963,0.6094945,3
MCTP2,True,1.4385709295438507,2.3819372449009206,1.9662054,8
AC015574.1,True,0.00588184690914873,1.432931952094593,0.9200895,3
IGF1R,True,0.9717152293336604,2.2394785503509107,2.2372887,10
AC036108.1,True,0.017239476869076977,1.3536085312717465,0.7377558,3
LRRC28,True,0.33667760619979925,1.649776398685426,1.2239348,8
AC090825.1,True,0.3575299658869364,1.7445665576489637,1.4991932,8
ADAMTS17,True,0.3246511998586739,1.9955958829274454,2.408243,10
CERS3-AS1,True,0.006435743656432393,1.3839073715186911,0.7998581,4
CERS3,True,0.04339258205102632,1.605353927481922,1.3890967,8
PCSK6,True,0.02603314304965949,1.4866046252649538,1.055438,3
HBA2,True,0.01584922921360575,1.5901235017510287,1.3927165,6
HBA1,True,0.016059674154691367,1.6919643506122177,1.6414467,8
IFT140,True,0.08881999117132773,1.379587957136214,0.77835965,3
ABCA3,True,0.08122324350341119,1.4954386937946942,1.0945745,5
IL32,True,0.8939880197921392,1.7837045179105644,0.850337,3
ATF7IP2,True,0.5562938549810241,1.7064270033373952,1.102146,4
AC099489.1,True,0.1738384760986283,1.8459375891153342,1.9564844,8
CPPED1,True,0.758822421826572,1.7239805329929307,0.8930698,3
MRTFB,True,0.4340288122960015,1.7809513294136479,1.4678304,7
IQCK,True,0.04574619809588907,1.5430161884919968,1.2119942,7
ACSM3,True,0.5556449219946225,2.2873694284197548,2.7071514,9
ACSM1,True,0.08311151747439353,1.4674127263463512,0.9462508,3
DNAH3,True,0.025996904936765562,1.4770889814792398,1.0267918,6
CACNG3,True,0.007081300238238729,1.3325295975645157,0.66412044,3
SLC5A11,True,0.03345387796900594,1.4917398878187602,1.0965482,3
LINC02175,True,0.031869522589759204,1.3652748789041051,0.7658305,3
GSG1L,True,0.041118530263855806,1.6316298336659698,1.5023348,8
NPIPB6,True,0.012508325512234204,1.3104964116123772,0.5952883,3
SEZ6L2,True,0.009152230272798817,1.3415866444568405,0.5961586,3
ITGAX,True,0.6853535041535038,1.756179578388921,1.0838873,3
ITGAD,True,0.012953318047572049,1.5198665050780404,1.1487517,5
NETO2,True,0.16831465883975244,1.546240725272698,1.2442144,7
LINC02133,True,0.06659320978056385,1.6828367620704434,1.6433371,8
LPCAT2,True,0.46385485173106955,1.7288710691575673,1.4510716,7
AC040168.1,True,0.020049358936539356,1.5325365470690717,1.1969359,7
GNAO1,True,0.09635847544227824,1.583592140758103,1.3337638,7
ADGRG5,True,0.24831017346039608,1.6389333330130011,1.387834,7
ADGRG1,True,0.26347560599375097,1.5780066884777466,1.1421416,4
ADGRG3,True,0.05703553914497885,1.593832267557011,1.3909088,6
LINC02137,True,0.005671959936942425,1.3643007872924309,0.66447306,4
AC138305.1,True,0.013996962213058035,1.3929654690442959,0.79492307,3
AC092131.1,True,0.00511202754890998,1.1838716383184134,0.5584686,3
CMTM4,True,0.1582886080151878,1.436800695406506,0.94119817,3
ZNF821,True,0.28756008380844006,1.4953138064813645,0.88755393,3
LINC01572,True,0.36645208525638334,2.0992921489491643,2.5497599,10
AC004158.1,True,0.02665788402668512,1.3779211508848774,0.7926178,4
AC004943.2,True,0.06632180924954309,1.4756535348200126,1.0427129,3
FA2H,True,0.02554805622748167,1.4577654948743235,0.9706138,3
AC099508.2,True,0.005832624898349712,1.4166090116297934,0.8252299,4
AC106729.1,True,0.026899445025338236,2.005220774211117,2.9032235,9
WWOX,True,1.8697720433395635,2.703104684289276,1.9249256,10
MAF,True,0.34199888873371226,1.5999664959802147,1.0309281,4
AC105411.1,True,0.019047375089218437,1.814454060003279,2.027357,8
AC092142.1,True,0.03435276990289233,1.4951273052873248,1.1044114,3
CRISPLD2,True,0.16567344956266236,1.5409415822766277,1.1229672,5
IRF8,True,0.38297510172803223,1.573557100240491,0.85230327,3
SLC43A2,True,0.7273914458183451,1.7243589510817607,0.9254059,3
RTN4RL1,True,0.012672822776527712,1.4118247010123302,0.8941049,3
OR3A2,True,0.04555276678897535,1.6823020241457882,1.6303403,7
CYB5D2,True,0.16698878347930204,1.4527605083303732,0.98986804,3
INCA1,True,0.005548502765788126,1.3638922601518604,0.72022367,3
ATP1B2,True,0.004326413148787444,1.4338269763933638,0.88231415,3
STX8,True,0.9563823303608505,1.7513429069917197,0.6913344,3
AC005695.2,True,0.08585438192059296,1.3449668932595544,0.7137468,3
GAS7,True,0.9558573651771045,1.9563579427382005,1.3341244,6
COX10-AS1,True,0.37929561629594666,1.7576253530493964,1.6138321,8
HS3ST3B1,True,0.2997786194589061,1.5570633759977304,1.0302008,3
AC022816.1,True,0.010978549994677797,1.530118041649585,1.2320154,7
CDRT4,True,0.20210083236601945,1.5013921343639856,1.0132765,6
EPN2,True,0.19012325997626334,1.5927136417267576,1.2280955,8
DHRS7B,True,0.45636762520958796,1.7508298681827814,1.3624456,7
EFCAB5,True,0.06671234458134695,1.470033033207226,1.0323331,3
AC130324.2,True,0.1259560503865616,1.5761038687200775,1.3282136,6
MYO1D,True,0.4635188540441367,1.9920230028109143,2.1277041,10
SLFN12L,True,1.1560395495136588,1.8683023238813352,0.90866554,3
CCL5,True,1.3529469422127292,2.6936411948626255,2.8825593,10
AC243829.4,True,0.06724061817076064,1.551531792584579,1.3091519,4
CCL3,True,0.152478341348868,1.910966611090862,2.3442361,6
CCL4,True,0.20082728453908055,1.954292768362031,2.4839275,7
AC243829.2,True,0.25691888847213684,2.5749947565386635,4.2699485,10
CCL4L2,True,0.05516908431064939,1.7678576121996463,2.0051434,4
TOP2A,True,0.04576836874562242,1.6782572789376229,1.5704594,8
CCR7,True,0.6847171625270946,1.7268749790924467,0.96218365,5
ITGA2B,True,0.04395169791732302,1.7401540415525794,1.7461867,8
MAPT,True,0.02537039363629028,1.5524745432404006,1.2923845,6
ITGB3,True,0.021226924698128535,2.0481450763485167,2.5589068,7
AC025682.1,True,0.12451355891840335,1.3536292827293626,0.70397073,3
SKAP1,True,2.5484439349930215,2.7368297171045266,1.0030218,4
LINC02086,True,0.022527499158973903,1.4160143703843004,0.85811496,5
STXBP4,True,0.30606451349168246,1.8704874482185487,2.0021653,10
ANKFN1,True,0.012442063137977712,1.5399537553641445,1.1441277,5
HSF5,True,0.11392513550215602,1.5105520031429749,1.1411986,7
TEX14,True,0.8682920784433739,1.949312556749232,1.4254615,5
GDPD1,True,0.06233984577071931,1.49073394095301,1.1110908,3
BRIP1,True,0.1969276572534285,1.7955389621162197,1.9309758,10
TANC2,True,0.6851979857543375,1.8376095342139203,1.3457508,7
AC015923.1,True,0.0977588905918964,1.4266606892204956,0.9299246,4
CD79B,True,0.14121055939187446,1.3982164174914424,0.82069236,3
TEX2,True,0.24954575209727103,1.436354337797885,0.81148,3
CEP112,True,0.10620608610453182,1.8816716531386917,2.174399,9
PRKCA,True,1.8659247440482871,2.6316614052164806,1.7355322,7
FAM20A,True,0.2526547622573124,1.5696968222576795,1.1155554,3
ABCA6,True,0.10236492134056144,1.4834227900050212,0.9282116,3
ABCA10,True,0.16085036236111322,1.5141787887875675,1.0757226,5
MAP2K6,True,0.4925367892096199,1.7451653990566633,1.2801479,5
LINC01483,True,0.05390752359511478,2.059123320789655,2.6592214,10
LINC00511,True,0.060214873041597027,1.5404411996321712,1.2148168,5
SDK2,True,0.22178205140133717,1.6723081494186882,1.4834858,7
LINC00469,True,0.016918790719127275,1.4987594697107216,1.130877,5
LLGL2,True,0.3111343303513271,1.5151722029886145,0.89426416,3
RNF157,True,0.42445270178520067,1.7856673904102158,1.6468214,10
RBFOX3,True,0.06130526168614777,1.4325528578355269,0.8933069,3
YES1,True,0.7721250510708395,2.069964452040961,1.940907,9
AP000829.1,True,0.016812683864972335,1.70814727194784,1.6424733,6
LINC00470,True,0.03245411376964337,1.440076875041303,0.96870136,5
AP005230.1,True,0.009267540343376889,1.5134234214007536,1.1339729,4
EMILIN2,True,0.9252683091295102,1.8413103069337589,1.0381283,4
MYOM1,True,0.10641958767322628,1.6199153547796172,1.4424567,7
DLGAP1,True,0.18998493163894553,2.7692352280394417,4.9742303,10
EPB41L3,True,0.6184452247411237,1.8275705933740305,1.4580274,6
AP001021.3,True,0.0602253654092562,1.6279314095403574,1.4609787,5
L3MBTL4,True,0.45779637288808506,2.0047798713694864,2.2797818,10
PTPRM,True,0.5692286903907486,2.4200277732780924,3.39242,10
TWSG1,True,0.21180032631584914,1.52901911758315,1.1407623,5
RAB31,True,1.016818471473183,1.9436469979506605,1.2640817,5
GNAL,True,0.12351939032068919,1.6880261938079815,1.641368,6
LDLRAD4,True,1.2653949707171641,2.0941770598870706,1.3919153,6
ZNF519,True,0.14077756604453942,1.4129856841714838,0.8833552,3
TMEM241,True,0.23205897603051295,1.6917813506790715,1.6319093,9
TTC39C,True,1.242720653521867,1.9974141164432584,1.0726658,3
ZNF521,True,0.03107891978376428,1.610993527893649,1.3737054,5
PSMA8,True,0.017893412239873653,1.5834259124817451,1.3340973,6
TAF4B,True,0.4909305345202896,1.6906762423081871,1.1059339,4
AC090403.1,True,0.003409025276435876,1.4012676923884668,0.88475496,3
CDH2,True,0.005424007146990899,1.5294394023329354,1.1497376,4
RNF125,True,1.0009295761553403,1.8450743766067508,0.94313,3
KLHL14,True,0.18600994578792587,2.204873069908593,2.8596866,9
DTNA,True,0.10853430074057628,1.6811332072247418,1.5686926,9
AC118757.1,True,0.0032333791259679793,1.3535671241887057,0.650239,3
KIAA1328,True,0.7455050320885963,1.9123836047282115,1.4764969,9
CELF4,True,0.011370500163049944,1.311838242967781,0.625587,3
MIR924HG,True,0.011596629410850408,1.5433949224191417,1.1934125,5
AC021504.1,True,0.0029778052362090185,1.3575822259649466,0.68427813,3
LINC00907,True,0.12583035896154598,1.9498420296480794,2.3671598,10
LINC01478,True,0.06041894647331947,2.6658949797831353,4.2682524,9
SETBP1,True,0.7819547676342428,2.2390456006393675,2.523807,9
SLC14A2,True,0.025764661126643957,1.4248816731428995,0.86943454,3
SLC14A2-AS1,True,0.005578583905409155,1.4265267357998455,0.9095785,3
SLC14A1,True,0.2595905454359684,1.690374848576934,1.4268987,6
RNF165,True,0.11921168137488691,1.6343300701968395,1.4643004,8
LINC01630,True,0.007831294843070002,1.6290810260892634,1.3818766,6
RAB27B,True,0.26538524214495934,1.877213932514875,2.02695,10
TCF4,True,1.0545794422817758,3.3373634093483786,5.4677525,9
AC027097.2,True,0.4717711028394403,1.6790389183466963,1.1180294,4
ATP8B1,True,0.2859855324464016,1.4982959367380861,0.801357,3
NEDD4L,True,0.18250849609545214,1.6118464544978774,1.3679094,7
CCBE1,True,0.015570298394199347,1.7771959559932202,1.8488545,10
CDH20,True,0.01826501858857837,1.6519912796978915,1.5868536,4
AC090409.1,True,0.0018089056619106589,1.2183877222656214,0.7013058,3
TNFRSF11A,True,0.028282624190686178,1.498345534990183,1.1395345,5
BCL2,True,2.1034684822901317,3.056937900789762,2.1412766,9
SERPINB2,True,0.02812134473910593,1.810097053031629,1.9984038,6
AC114689.3,True,0.020004347978256568,1.4049854491805007,0.8697821,4
CCDC102B,True,0.10854223849313518,1.8608723961861657,2.118545,10
DOK6,True,0.21981220610086308,1.5917420496285934,1.2891415,6
AC119868.2,True,0.004421348908230855,1.6491409622707394,1.4495404,5
AC068254.1,True,0.010266571830779194,1.3270659487531469,0.6256033,3
CD226,True,0.6886415460542288,1.8011833348515427,1.2490509,4
GTSCR1,True,0.025062158356402058,1.496762238725061,1.1031781,4
LINC01541,True,0.0007275764954252317,1.0386213823345367,0.6073543,3
NETO1,True,0.032139460815457814,1.9393985523968182,2.3470752,9
AC090125.1,True,0.051871303449493124,2.030000139262868,2.5757613,10
AC124254.2,True,0.010001346147051398,1.4486693486826663,0.9904501,5
PARD6G,True,0.044291547105740195,1.521870571528933,1.1922475,7
GNG7,True,0.34300907453684093,1.9428348563833286,2.0238647,10
AC011498.1,True,0.038794903981453896,1.7966937610498035,1.913572,7
PTPRS,True,0.11387932133559886,1.7516661401727511,1.7935908,10
RFX2,True,0.38344814605924155,1.677172446766202,1.3053585,6
FCER2,True,0.13520659445966016,1.5629277598155702,1.1607997,6
ADAMTS10,True,0.14726140146698077,1.5146497829770733,1.1739287,5
AC008543.5,True,0.002338023045205538,1.3103370034817434,0.9322719,3
AC020916.1,True,0.41137424112628357,1.7437612016910582,1.4815739,6
ADGRE2,True,0.6581823963535809,1.8355223331150523,1.3277622,5
CYP4F3,True,0.004871051224946051,1.3371833370716513,0.71964663,4
NIBAN3,True,0.1670018949973639,1.7037283920637016,1.5179131,7
IFI30,True,0.6852141644851769,1.7208346164056512,0.99348253,5
PBX4,True,0.33006972173198684,1.5875811040752255,0.9806916,3
ZNF208,True,0.10485575120088046,1.5776184257917167,1.3288513,6
LINC00662,True,0.23169131426585426,1.6002405306189569,1.2300586,6
AC006504.5,True,0.09940208478015547,1.5143041764336724,1.1285539,5
AC005580.1,True,0.017978377485193216,1.4468782216409317,0.8941636,5
VSTM2B,True,0.003931429352415328,1.4567597802677557,1.0333226,4
TSHZ3,True,0.2816368251569221,1.644784434262307,1.2648379,6
WDR88,True,0.061363951508267,1.3641123729906208,0.7572493,3
SCGB2B2,True,0.1559038999024029,1.7897141540255166,1.9308538,9
CD22,True,0.1633987942586151,1.6712207191478121,1.4122546,7
ZNF569,True,0.16162783989841747,1.496123654769882,1.1086228,3
SIPA1L3,True,0.8712729813659577,1.8080724150391299,0.9173852,3
PLEKHG2,True,0.20952214350587184,1.4601921820291908,0.8974239,4
CD79A,True,0.28842406072862814,2.0438790952629327,2.452205,9
LIPE-AS1,True,0.2329660089805437,1.513894936191182,1.1469177,4
PLAUR,True,0.7450928310107494,2.3165482026524056,2.93465,10
ZNF235,True,0.21803994898177276,1.5149329926898385,1.0850452,5
ZNF229,True,0.004331705580236727,1.3997066717911117,0.77980494,3
FOSB,True,0.34423580503607776,1.6530442189210999,1.2332413,6
C5AR1,True,0.4361153765562079,1.652322953456507,1.0682869,4
AC008403.3,True,0.03573516529864584,1.4671856285839415,1.0129727,3
SULT2B1,True,0.026535824649124386,1.4342925156272242,0.9005336,3
NKG7,True,1.1250114444459307,2.455211398667367,2.5747921,10
ZNF528-AS1,True,0.05279502203505693,1.346312086104669,0.7046969,3
ZNF331,True,0.8575264024112975,1.8526646923844452,1.1603698,3
FCAR,True,0.3070975190360644,1.4635071043187557,0.66411614,3
NCR1,True,0.14098922411192302,1.5507677747023565,1.2607671,7
AC006115.2,True,0.019965424567742564,1.3846005354815287,0.7764036,3
AL110114.1,True,0.10698354159485446,1.706045068094682,1.6872543,9
EBF4,True,0.0265687952746949,1.3986201038123844,0.79386336,3
ATRN,True,0.5359936270714887,1.5959728499610382,0.8069616,3
AL121757.2,True,0.004635133789033804,1.4584668052991898,0.9755258,4
SHLD1,True,0.37757442602654073,1.657508966724799,1.2052155,5
PLCB1,True,1.9375028619393397,2.907679190830244,2.3539016,10
PLCB4,True,0.016888329193887015,1.669753824880278,1.6050442,5
LAMP5,True,0.006573390455409711,1.2261752094929546,0.66367435,3
PAK5,True,0.01331345089235477,1.3580878152221483,0.74466145,3
SNAP25-AS1,True,0.02977064896468549,1.9450932482923187,2.377879,7
SPTLC3,True,0.02101983526671213,1.4964847673417025,1.0963699,3
ISM1,True,0.06800338392723956,1.4873867561919973,1.0868344,5
MACROD2,True,0.1324735425541121,1.995257456231991,2.4159021,10
AL079338.1,True,0.1046352977208403,1.688575736369001,1.4567513,6
SLC24A3,True,0.025552232570108392,2.3417944689825827,3.4502578,8
RIN2,True,0.5769222661081244,1.8701721804817413,1.6267976,4
LINC01727,True,0.03409394494097234,1.5980407122272164,1.3477639,7
CST3,True,0.7324371459654827,2.0195864181997982,1.8458487,7
CST7,True,0.4414328721381272,1.6277739336866905,1.0404109,5
ZNF337-AS1,True,0.15715433269852308,1.5417268798860728,1.2183071,4
FAM182A,True,0.025965004312797683,1.3765039865298585,0.7629689,3
MIR663AHG,True,0.01863325747050007,1.4676891235657306,1.0679348,4
AL117381.1,True,0.15296378761489554,1.4906945953086208,1.0815411,3
NOL4L,True,0.5146752913186872,1.6547991882938375,0.98075277,3
PIGU,True,0.3018026191269053,1.611244610469576,1.0906223,4
PROCR,True,0.09242740363961302,1.4349404092309712,0.92208487,3
MYL9,True,0.01244649798259621,1.460239921747784,0.97064114,5
SLA2,True,0.3436593741712743,1.6280418608999856,1.208622,5
PPP1R16B,True,1.4018321614973561,2.1547408172540545,1.3236648,7
AL118523.1,True,0.013407228846994346,1.5949421249770457,1.3866905,7
MAFB,True,0.5418353998821467,1.8367093869404378,1.5528647,8
ZHX3,True,0.3338338895733591,1.6516726522774896,1.2253274,5
TOX2,True,0.18735630918688645,1.5937833986761496,1.2403687,4
PKIG,True,0.08121545705688958,1.4814108268910928,1.0415479,3
ZSWIM3,True,0.03733737347438459,1.4351510591117553,0.9427688,3
SULF2,True,0.96868169668716,1.9115808591104717,1.2182953,4
ATP9A,True,0.11616353465339042,1.5945759659331213,1.3742145,7
LINC01524,True,0.05605582652758665,2.135436933634469,2.8811126,10
TSHZ2,True,1.8120593295613383,3.4016672466319626,3.624501,9
AL109930.1,True,0.38718462068975523,1.9131643025023966,2.039676,8
BCAS1,True,0.02053355720591138,1.7324328639929711,1.7443033,8
APCDD1L-DT,True,0.014990104817758282,1.5084165466229544,1.1432867,5
TUBB1,True,0.07701030841176261,2.2755788644310333,3.2462528,10
MIR646HG,True,0.5504941137825183,2.1390961871118845,2.6470346,10
CDH4,True,0.05505537818871138,1.4522842243534104,0.9637694,3
AP001347.1,True,0.1297368063103508,1.7239099367636364,1.7350208,9
LIPI,True,0.008456505890815487,1.3059111800903926,0.5282613,3
SAMSN1,True,1.4953248376515922,2.2949659329854617,1.5246575,7
LINC02246,True,0.03960992642815373,1.4075907213800096,0.84284353,4
AJ009632.2,True,0.016520116655154654,1.4199618501459956,0.8722224,4
MIR99AHG,True,0.10534499795842919,2.3151152859622313,3.414492,10
CHODL,True,0.17115066700112253,2.4001418072927163,3.6212091,10
AF130417.1,True,0.013373884593454486,1.3829641797951624,0.79340106,3
NCAM2,True,0.03177184403640933,1.8984693244382442,2.2108378,9
AP001116.1,True,0.001429172238969076,1.360910050680623,0.6061021,3
LINC01684,True,0.24768276116583743,1.8686373113791546,1.9774449,10
LINC01692,True,0.0070602637277023626,1.5136947464348618,1.097067,3
AP001341.1,True,0.014101839575488242,1.6523564758248734,1.5048596,7
LINC00158,True,0.006267964723727289,1.3083926716773284,0.6036289,3
MIR155HG,True,0.13294841980762573,1.6571071131088868,1.5790522,5
JAM2,True,0.007652627771073045,1.309086541845344,0.57750493,3
APP,True,0.719869080382308,1.8906034422207008,1.4769688,7
CYYR1,True,0.00890617250085415,1.3769731796316722,0.77697605,5
LINC01695,True,0.00860311767537413,1.6107795498885031,1.377166,7
AF165147.1,True,0.576100774772,2.1569552547391213,2.6114988,10
LINC00159,True,0.019964942817113474,1.6323779553936195,1.4346902,8
EVA1C,True,0.37224253178394384,1.6461132707680737,1.168104,5
C21orf62-AS1,True,0.09165582252874421,1.5289743974234216,1.187076,5
AP000317.1,True,0.03259985431810684,1.3757674871222032,1.1688948,5
CLIC6,True,0.0107971328869962,1.4558357513323372,0.9597978,3
HLCS,True,0.5829428714009365,1.8381388947480037,1.359437,7
KCNJ15,True,0.052718821796746106,1.8341971448110237,2.0082443,6
ERG,True,0.024937731638067246,1.8540975103014528,2.0442305,8
BACE2,True,0.09489428040723506,1.640768851903177,1.3923072,6
ABCG1,True,0.49668747006342506,1.5503799511529386,0.6891256,3
LINC00334,True,0.012855085618341644,1.424952141655431,0.895458,4
PCBP3,True,0.11067281097889084,1.663465527371373,1.5879604,7
AJ011931.2,True,0.005885997484606796,1.3148680132474782,0.5783442,3
COL6A2,True,0.1385526507651886,1.6268671651995015,1.4664724,7
S100B,True,0.02340387179383773,1.1558823654594514,0.5731678,3
CECR2,True,0.03610377540604689,1.3857218105654376,0.829549,3
MICAL3,True,0.43661407301468236,1.6707672908272617,1.0660726,5
CLDN5,True,0.005065408578830867,1.5948464889340674,1.3892864,4
GP1BB,True,0.06744997526082017,2.592605494957825,4.1456776,10
IGLV10-54,True,0.014235213643740021,1.3600662704426196,0.6519536,3
IGLV1-51,True,0.003679498735778293,1.6105190945753272,1.6058071,3
IGLV3-21,True,0.001598614182656416,1.1553314616804986,0.72177887,4
IGLC1,True,0.13028105468303583,3.307396487008495,6.211024,8
IGLC2,True,0.2593025290239571,4.05436049513989,8.622452,10
IGLC3,True,0.16489667085100862,3.8894367986062086,7.9395013,10
IGLC6,True,0.00103783452879164,0.9516826923241604,0.6380398,3
IGLC7,True,0.022428659909672972,1.8745905147060125,2.2873077,3
RSPH14,True,0.010637081122819013,1.3769681912922438,0.78903484,3
GNAZ,True,0.008738309239131792,1.4283702394194742,0.8495397,4
SGSM1,True,0.175743645879632,1.564393245310391,1.1712258,5
TMEM211,True,0.004898919692896639,1.4421421348749548,0.90050894,4
KIAA1671,True,0.06675894848402143,1.3759154449489082,0.7295066,3
GRK3,True,1.4292671309510918,2.2644528760021387,1.6849496,7
MIAT,True,0.36671790144648536,1.5713111357729406,1.0004337,4
TTC28,True,0.29854393846175326,2.081265738370628,2.5302076,10
Z93930.2,True,0.3430308406427336,1.5727217723615863,0.96621126,3
ZNRF3,True,0.15449815844662654,1.5588556484289962,1.139155,5
HORMAD2,True,0.00912374925719944,1.2948683547623785,0.5795356,3
OSBP2,True,0.11315878597982625,1.5782733031526672,1.3335698,6
LIMK2,True,0.5797642223987872,1.6717778592127157,0.9581128,3
SLC5A4-AS1,True,0.044729824908775744,1.4517350640573663,0.9522815,4
SYN3,True,0.045139765931479454,1.9332265792649532,2.3134656,7
TIMP3,True,0.003966555033000791,1.3774383403608441,0.8024641,4
LARGE1,True,0.31587383411983444,2.415178801810808,3.7243683,10
RBFOX2,True,0.048930783472389175,1.5652713926944402,1.2698244,7
IL2RB,True,0.3970577796799181,1.7131402221726924,1.2397631,6
GRAP2,True,0.8748251453123563,1.9535658137536729,1.4964156,8
EFCAB6,True,0.01775820778083122,1.3904980285572823,0.7792754,3
ARHGAP8,True,0.20103185267273233,1.4908402040189068,1.032097,3
TTC38,True,0.293606270936727,1.5580804269956707,1.0789622,4
GTSE1,True,0.016172698145750744,1.3811714022719022,0.76157576,3
LINC01644,True,0.03305528375074147,1.5975856280431664,1.3927002,6
CHKB-DT,True,0.04613936871190785,1.3327190592546867,0.66099715,3
CSF2RA,True,0.4984333695633695,1.585561327812402,0.71627456,3
NLGN4X,True,0.00891849202330045,1.3935278574488978,0.82652706,4
PUDP,True,0.45603745918176425,1.6915894342057687,1.1279761,5
STS,True,0.20450213606216905,1.5366627030883313,1.1683457,4
AC079142.1,True,0.2747976548591481,2.1889220846943185,3.0478423,10
CLCN4,True,0.036201743100686676,1.419339580548226,0.8316162,3
MID1,True,0.033666887564318425,1.7284187883473237,1.7005831,7
AC073529.1,True,0.10582042487111547,1.9993210325822695,2.5047584,10
ARHGAP6,True,0.08699274934363853,1.74795637108928,1.7927814,8
FRMPD4,True,0.013590117860174378,1.3413949541535182,0.62481904,4
GPM6B,True,0.04969270348630937,1.4381334991445214,0.9086097,3
RAI2,True,0.015010513814031231,1.576445288499683,1.341158,5
CDKL5,True,0.2433932255343448,1.524499641354852,1.0089388,4
PPEF1,True,0.015146535315847882,1.3982595605841395,0.7861408,3
MAP3K15,True,0.03075259489530774,1.3905646998165868,0.7582266,3
MAP7D2,True,0.04234194501948903,1.4705822817192409,1.0617104,4
AL807742.1,True,0.02158209657605246,1.438357184426582,0.90970683,4
CNKSR2,True,0.3750970772311703,1.805221258461873,1.5770794,8
PHEX,True,0.1037095189375488,1.5730397761968313,1.3176856,7
PTCHD1-AS,True,0.10197499783084973,1.8233875742208254,1.8962026,8
PTCHD1,True,0.007658147602441959,1.2846827050648033,0.5362799,3
SAT1,True,1.8745044063166851,2.7958311076119116,2.2510717,8
DMD,True,0.17983998067135956,1.6270166786378368,1.3060453,4
LANCL3,True,0.047851529338335266,1.5441976725871351,1.2269179,7
TSPAN7,True,0.005486208558192646,1.3566829578644652,0.72735494,3
AC108879.1,True,0.09590265199009743,1.9857847811729787,2.40939,10
CASK,True,1.5031104441834664,2.1958324184814373,1.4165695,7
Z93403.1,True,0.009860164793480149,1.8159339703014505,1.9553012,6
EFHC2,True,0.05834599171342507,1.4659679385374873,1.0100517,5
AC136489.1,True,0.0031646040548638232,1.3569825433932203,0.70501596,3
MIR222HG,True,0.2829238462040401,1.5164348444144975,0.9574461,3
SLC9A7,True,0.44292110530415485,1.7136861453603192,1.2110529,3
JADE3,True,0.20787583454405495,1.67074623719326,1.3910748,5
GLOD5,True,0.003368743101725287,1.5659521754005894,1.2112515,5
GATA1,True,0.003001759665445505,1.3647837553361584,0.7041785,3
DGKK,True,0.023927699982506604,1.6561843443428408,1.5326536,8
LINC01284,True,0.08738120508062877,1.6010223572173683,1.3962368,7
AC233976.1,True,0.4411158056453489,1.8493423713209498,1.7546198,8
AL158055.1,True,0.0398702960760647,1.5453363367625041,1.2430236,4
MAGED1,True,0.6155442469057069,1.7832199975222154,1.1521903,4
AL050309.1,True,0.5569183618677955,2.2158226478979257,2.769649,10
FAAH2,True,0.637369886905613,2.0946146830859886,2.2950296,9
LINC01278,True,0.7102400603525582,1.884093498480394,1.4842012,7
MTMR8,True,0.2497527053075793,1.5478918982870633,1.1135864,5
ZC4H2,True,0.28014336280673446,1.878214628207855,2.04067,10
ZC3H12B,True,0.23154923001326394,1.9658808387115703,2.3077826,10
AR,True,0.01740216635821343,1.7475177295761188,1.7801244,7
OPHN1,True,0.12476839295384665,1.5125167707550928,1.1136224,5
EDA,True,0.6406091939668747,3.059049979873361,5.2931366,10
PIN4,True,0.21935794649242518,1.50451870110559,1.0633227,3
HDAC8,True,0.7765515754760647,1.905435735409278,1.407053,7
NEXMIF,True,0.1597057466243301,1.9586282975906584,2.3339026,10
ZDHHC15,True,0.03442753659285006,1.5496384158884235,1.2467982,4
CYSLTR1,True,0.23299589982596264,1.637280294156494,1.3883451,7
LPAR4,True,0.010576665227208593,1.4322402435826223,0.83969337,3
HMGN5,True,0.05018445347396836,1.671080481442155,1.5721204,8
RPS6KA6,True,0.015330684645436157,1.4395778941883297,0.96424806,3
HDX,True,0.1735675773120547,1.5889991204681153,1.319248,4
POF1B,True,0.02259023569220119,1.6682404064221514,1.5387598,7
DACH2,True,0.011073954209154909,1.4753695486387985,1.0454966,4
KLHL4,True,0.015616380377613287,1.9766106744510494,2.4412308,10
DIAPH2-AS1,True,0.25373864426496223,1.4218092602673589,0.6219541,3
ARMCX5-GPRASP2,True,0.20536288646832568,1.463394058732545,0.844923,3
ARMCX5-GPRASP2-1,True,0.20536288646832568,1.463394058732545,0.844923,3
LINC00630,True,0.17690305618733668,1.5170044611331817,1.1625338,5
RADX,True,0.09930310766851262,1.476169535530133,1.0401084,3
MORC4,True,0.1862514150984144,1.5074827717707104,1.0700287,4
FRMPD3,True,0.09460563514222128,1.6786924511760106,1.6134442,9
AL109946.1,True,0.03552549452833904,1.4177808274713357,0.8578802,3
VSIG1,True,0.07253850823292653,1.4028431277141666,0.84768945,3
TRPC5,True,0.07230807050690188,1.4269128222897556,0.8598614,4
XACT,True,0.0352707391127398,2.4393620790796033,3.7123978,10
KLHL13,True,0.029606167707422866,1.7901822989515594,1.9368076,9
SLC25A43,True,0.14419027732127346,1.529633931552961,1.1486039,6
RPL39,True,1.2648019936999393,2.020755950375707,1.1502291,4
AC002377.1,True,0.022041156142070074,1.7002292253937576,1.668933,6
GRIA3,True,0.015439442404439726,1.441429441451349,0.9663568,4
TENM1,True,0.4079282551819382,1.6631590637355878,1.133867,4
AL008633.1,True,0.03322664299521137,1.6599266213675303,1.5373576,7
ENOX2,True,0.5261465261721321,1.7231181253904908,1.2308284,6
FIRRE,True,0.0717435048162871,1.496851399046688,1.0928516,5
RAP2C-AS1,True,0.4790838853038877,1.9272214614781595,1.917466,10
MBNL3,True,0.3800412290953147,1.6102535198407821,1.0213063,3
HS6ST2,True,0.008480432981634383,1.4022540920250022,0.862491,4
GPC3,True,0.015142587861734919,1.4772919980441324,1.0783978,3
FHL1,True,0.06379818237582353,1.5455350776284975,1.2214445,5
FGF13,True,0.022215950596604257,1.7225690187132252,1.6902909,7
MCF2,True,0.0901699767017297,1.6585820663801691,1.5764333,9
SPANXA2-OT1,True,0.025452732073590233,1.8266240459874024,1.990902,7
AFF2,True,0.05729218319480648,1.7927492472420101,1.9116856,9
MAMLD1,True,0.05565292303761986,1.6871141568635477,1.6510555,8
TKTL1,True,0.03101914780718702,1.5200539033737797,1.1852186,5
TMLHE-AS1,True,0.23338250629164073,1.571889461674434,1.1253692,3
NLGN4Y,True,0.0967884564546918,1.7362382052511898,1.7604758,9
TTTY14,True,0.37321936582308474,1.8411029186211707,1.9121423,8
TTTY10,True,0.21747441049430805,1.5645780353421428,1.1481996,6
MT-CO1,True,4.3163437776257085,3.040825991923847,0.74050677,3
